dlls/acledit/i386-windows/acledit.dll	32768	0778ff6afd4020e1d13cd04ff32a24dc2000612f189bddb1ca2fb8986b156615	pe	0x014C	IMAGE_FILE_MACHINE_I386	yes
dlls/aclui/i386-windows/aclui.dll	69632	5d31301bf9405f032f0865b58662ae4e88f08feee552b34fa6968b9d73d46f6c	pe	0x014C	IMAGE_FILE_MACHINE_I386	yes
dlls/activeds.tlb/i386-windows/activeds.tlb	53248	4ba5f47395cb57fa36afd74eedeaa214ceb48c495aa206b143c4a71dc8302aa1	pe-data	0x014C	IMAGE_FILE_MACHINE_I386	yes
dlls/activeds/i386-windows/activeds.dll	245760	5b29c7398fe6b1378c3f2ab0f1224a3c2823383f0a78b443ec2e8ff29522b732	pe	0x014C	IMAGE_FILE_MACHINE_I386	yes
dlls/activeds/tests/i386-windows/activeds_test-stripped.exe	53248	b89d0862fe8a6f945ca6243c719695cb4039b8bba80eb0646d42cde10df947fa	pe	0x014C	IMAGE_FILE_MACHINE_I386	no
dlls/activeds/tests/i386-windows/activeds_test.exe	53248	b89d0862fe8a6f945ca6243c719695cb4039b8bba80eb0646d42cde10df947fa	pe	0x014C	IMAGE_FILE_MACHINE_I386	no
dlls/actxprxy/i386-windows/actxprxy.dll	364544	5455a67efab9b4ce7c63dc6e9aedbf8545afb1b379cc51894f8835324ead1f54	pe	0x014C	IMAGE_FILE_MACHINE_I386	yes
dlls/adsldp/i386-windows/adsldp.dll	118784	3bae3027427c195e0ce6fe7b6316a7e758a5a25c86d5ba7b008f7778bb4475ed	pe	0x014C	IMAGE_FILE_MACHINE_I386	yes
dlls/adsldp/tests/i386-windows/adsldp_test-stripped.exe	266240	6434ab6fef9c95b0102b1fd3be55f7801d96637f575774363c1f2819e4a2aebc	pe	0x014C	IMAGE_FILE_MACHINE_I386	no
dlls/adsldp/tests/i386-windows/adsldp_test.exe	266240	6434ab6fef9c95b0102b1fd3be55f7801d96637f575774363c1f2819e4a2aebc	pe	0x014C	IMAGE_FILE_MACHINE_I386	no
dlls/adsldpc/i386-windows/adsldpc.dll	81920	a38345357d788ac7838a70ac9d36840b130bbabcf1efbe25f46ca5fdb5861b98	pe	0x014C	IMAGE_FILE_MACHINE_I386	yes
dlls/advapi32/i386-windows/advapi32.dll	360448	d64d48dfb09f2e8b5d95cb312a7cb859f5aa3353e1568d21398d2fcbc94cfcc3	pe	0x014C	IMAGE_FILE_MACHINE_I386	yes
dlls/advapi32/tests/i386-windows/advapi32_test-stripped.exe	1175552	69f1208f51fda982b3f3be2152a4a37de7b07063cc75ec9d7097f83725390f32	pe	0x014C	IMAGE_FILE_MACHINE_I386	no
dlls/advapi32/tests/i386-windows/advapi32_test.exe	1175552	69f1208f51fda982b3f3be2152a4a37de7b07063cc75ec9d7097f83725390f32	pe	0x014C	IMAGE_FILE_MACHINE_I386	no
dlls/advpack/i386-windows/advpack.dll	90112	0fe260e4e0367d3d2bdeec1780f4633967493b39511eef9c86726123dc379a33	pe	0x014C	IMAGE_FILE_MACHINE_I386	yes
dlls/advpack/tests/i386-windows/advpack_test-stripped.exe	176128	ba7552a67320aa3fe211ac9d320d1955f17e3f9232e1bef42e61dc296d74ce8a	pe	0x014C	IMAGE_FILE_MACHINE_I386	no
dlls/advpack/tests/i386-windows/advpack_test.exe	176128	ba7552a67320aa3fe211ac9d320d1955f17e3f9232e1bef42e61dc296d74ce8a	pe	0x014C	IMAGE_FILE_MACHINE_I386	no
dlls/advpack/tests/i386-windows/selfreg.dll	28672	cb5e1da08ec568388d068bc91c76ebff083cc0a8ffaf874e4c6a9f5ab3c92b11	pe	0x014C	IMAGE_FILE_MACHINE_I386	no
dlls/aero.msstyles/i386-windows/aero.msstyles	7585792	79505a211cdda1d7e8b67ba100528f891914d9871ecccbb315e96454ac1e92e4	pe-data	0x014C	IMAGE_FILE_MACHINE_I386	yes
dlls/amsi/i386-windows/amsi.dll	36864	1133af2e172e969cd7df24438c02ae3ad2eddad3ff628f61e4c8ad046ea1a00f	pe	0x014C	IMAGE_FILE_MACHINE_I386	yes
dlls/amstream/i386-windows/amstream.dll	409600	31cfe55a2c25ffde6088bb6211f514c0e1522798f7ff15c38f37549f871bd6f9	pe	0x014C	IMAGE_FILE_MACHINE_I386	yes
dlls/amstream/tests/i386-windows/amstream_test-stripped.exe	856064	4b0e0870bf1a631e2c75254b9fa6b42bd16e8b467f844e037f8fbfb6575ce58a	pe	0x014C	IMAGE_FILE_MACHINE_I386	no
dlls/amstream/tests/i386-windows/amstream_test.exe	856064	4b0e0870bf1a631e2c75254b9fa6b42bd16e8b467f844e037f8fbfb6575ce58a	pe	0x014C	IMAGE_FILE_MACHINE_I386	no
dlls/apisetschema/i386-windows/apisetschema.dll	90112	cbfe03b2a3f4e899329cdc3b8dee728964f017f91e5e4ab294100de33125127e	pe-data	0x014C	IMAGE_FILE_MACHINE_I386	yes
dlls/apphelp/i386-windows/apphelp.dll	81920	168e3b7cfd8aa4ecefc091566fc9bcbc7aaf3e5e5c4f0b524b2faed199942674	pe	0x014C	IMAGE_FILE_MACHINE_I386	yes
dlls/apphelp/tests/i386-windows/apphelp_test-stripped.exe	86016	e914efa8eb7eeeb0611a0fc19f45c79e5285c477a8921de69f3a4f5624d643e5	pe	0x014C	IMAGE_FILE_MACHINE_I386	no
dlls/apphelp/tests/i386-windows/apphelp_test.exe	86016	e914efa8eb7eeeb0611a0fc19f45c79e5285c477a8921de69f3a4f5624d643e5	pe	0x014C	IMAGE_FILE_MACHINE_I386	no
dlls/appwiz.cpl/i386-windows/appwiz.cpl	516096	f0fa746bfb89cc8a030aabdd5e47fb22119f60bf51c1feeb0e47e3212864153b	pe	0x014C	IMAGE_FILE_MACHINE_I386	yes
dlls/appxdeploymentclient/i386-windows/appxdeploymentclient.dll	139264	754730390a6d777a1d0803924b6e547938c32ccb427a22139049cd728ac9c5ca	pe	0x014C	IMAGE_FILE_MACHINE_I386	yes
dlls/atl/i386-windows/atl.dll	294912	26d532c156223bf3e00cd3ed726ab32015bb72df84fe061b942039409da574b2	pe	0x014C	IMAGE_FILE_MACHINE_I386	yes
dlls/atl/tests/i386-windows/atl_test-stripped.exe	241664	85bf4a5bd1cc78f8bb91c66145f640db9bab0ccbc80a3f4582aca2e066009089	pe	0x014C	IMAGE_FILE_MACHINE_I386	no
dlls/atl/tests/i386-windows/atl_test.exe	241664	85bf4a5bd1cc78f8bb91c66145f640db9bab0ccbc80a3f4582aca2e066009089	pe	0x014C	IMAGE_FILE_MACHINE_I386	no
dlls/atl100/i386-windows/atl100.dll	286720	e98ecaa873dc9d803821944dbdbcdd94fb8b456d413928418bfc16998ae44791	pe	0x014C	IMAGE_FILE_MACHINE_I386	yes
dlls/atl100/tests/i386-windows/atl100_test-stripped.exe	262144	3f449a56d262fe83b28ab029e73bb9482c2b2310631819d62d51cf6baf2cb6f0	pe	0x014C	IMAGE_FILE_MACHINE_I386	no
dlls/atl100/tests/i386-windows/atl100_test.exe	262144	3f449a56d262fe83b28ab029e73bb9482c2b2310631819d62d51cf6baf2cb6f0	pe	0x014C	IMAGE_FILE_MACHINE_I386	no
dlls/atl110/i386-windows/atl110.dll	286720	ba2d97f61fa7c264e8e03394c84c49e25aba4929899be56d7f2ed1a1c9823b03	pe	0x014C	IMAGE_FILE_MACHINE_I386	yes
dlls/atl110/tests/i386-windows/atl110_test-stripped.exe	208896	5e7871a5b15443e03d5488ff8766899b7c5741d187cd98a309ab2bb36d89552f	pe	0x014C	IMAGE_FILE_MACHINE_I386	no
dlls/atl110/tests/i386-windows/atl110_test.exe	208896	5e7871a5b15443e03d5488ff8766899b7c5741d187cd98a309ab2bb36d89552f	pe	0x014C	IMAGE_FILE_MACHINE_I386	no
dlls/atl80/i386-windows/atl80.dll	290816	077aceb1ac1ebd12c12c2b16599bf45da28e16fba4799a50cd5f411cadbbf53e	pe	0x014C	IMAGE_FILE_MACHINE_I386	yes
dlls/atl80/tests/i386-windows/atl80_test-stripped.exe	36864	d034a880d3917c510eedf15934b2b48a37c095672eb0bd13484a10e2e4efce36	pe	0x014C	IMAGE_FILE_MACHINE_I386	no
dlls/atl80/tests/i386-windows/atl80_test.exe	36864	d034a880d3917c510eedf15934b2b48a37c095672eb0bd13484a10e2e4efce36	pe	0x014C	IMAGE_FILE_MACHINE_I386	no
dlls/atl90/i386-windows/atl90.dll	290816	0a6fa62e13855fc7598ab7e552925ff95dd924b93c888148faebdfce3ae5a886	pe	0x014C	IMAGE_FILE_MACHINE_I386	yes
dlls/atlthunk/i386-windows/atlthunk.dll	32768	2b51c3ba6322867f0c84f017e2e388a44635e8aea67046279697270598db24d1	pe	0x014C	IMAGE_FILE_MACHINE_I386	yes
dlls/atlthunk/tests/i386-windows/atlthunk_test-stripped.exe	32768	2d65009d187196b6cd96a98f8516aa9b1f537317c15699dd7783b0ea090486f2	pe	0x014C	IMAGE_FILE_MACHINE_I386	no
dlls/atlthunk/tests/i386-windows/atlthunk_test.exe	32768	2d65009d187196b6cd96a98f8516aa9b1f537317c15699dd7783b0ea090486f2	pe	0x014C	IMAGE_FILE_MACHINE_I386	no
dlls/atmlib/i386-windows/atmlib.dll	49152	32b2d16327714d6115277903a866f8f53f7e13ccf733682f520e803f57f72423	pe	0x014C	IMAGE_FILE_MACHINE_I386	yes
dlls/authz/i386-windows/authz.dll	45056	d01987d596a72951ee2313af1b60e684d52da83438b1d03e57bbcbfadb42ecf3	pe	0x014C	IMAGE_FILE_MACHINE_I386	yes
dlls/avicap32/i386-windows/avicap32.dll	36864	91a3a753dedf53b11fa65cc5e9834c7e5e0a3e2abf78427caa0569959bf5d4fa	pe	0x014C	IMAGE_FILE_MACHINE_I386	yes
dlls/avifil32/i386-windows/avifil32.dll	401408	8de0921563d88fd152612a0b9e8979227b5c7af011ccc96ce63d51a047a88472	pe	0x014C	IMAGE_FILE_MACHINE_I386	yes
dlls/avifil32/tests/i386-windows/avifil32_test-stripped.exe	90112	2f62d7af3ae8a2a2ec4b34d96437d600b1c99bd29a34670260a79cf3c19c7367	pe	0x014C	IMAGE_FILE_MACHINE_I386	no
dlls/avifil32/tests/i386-windows/avifil32_test.exe	90112	2f62d7af3ae8a2a2ec4b34d96437d600b1c99bd29a34670260a79cf3c19c7367	pe	0x014C	IMAGE_FILE_MACHINE_I386	no
dlls/avifile.dll16/i386-windows/avifile.dll16	36864	b4ae129bea64351efcce4a1a857a8d844eb3cd007f2a923e5d6284c07bec6ddf	pe	0x014C	IMAGE_FILE_MACHINE_I386	yes
dlls/avrt/i386-windows/avrt.dll	36864	74226df7d9430347322dcce684c3f889b63ddcc95f2dda0a487d111d822678ed	pe	0x014C	IMAGE_FILE_MACHINE_I386	yes
dlls/bcp47langs/i386-windows/bcp47langs.dll	53248	2f3f2d096281e7e0e63da9c203d88a6f8a73ae240e4cfd4b16130e4672ddbb7b	pe	0x014C	IMAGE_FILE_MACHINE_I386	yes
dlls/bcp47langs/tests/i386-windows/bcp47langs_test-stripped.exe	40960	cfbe127b55431f3ffee2adfbba5326ba91669edad8ee8dc31c7ca672959391b2	pe	0x014C	IMAGE_FILE_MACHINE_I386	no
dlls/bcp47langs/tests/i386-windows/bcp47langs_test.exe	40960	cfbe127b55431f3ffee2adfbba5326ba91669edad8ee8dc31c7ca672959391b2	pe	0x014C	IMAGE_FILE_MACHINE_I386	no
dlls/bcrypt/i386-windows/bcrypt.dll	430080	3292f267a6eb861ce17bcc4d5a02987fce25c07cd2d0f1040e56e1dd4bacbfec	pe	0x014C	IMAGE_FILE_MACHINE_I386	yes
dlls/bcrypt/tests/i386-windows/bcrypt_test-stripped.exe	315392	0bee022c886504a7c0f2850a01efede394c42d306def416133d42aedcabfd45e	pe	0x014C	IMAGE_FILE_MACHINE_I386	no
dlls/bcrypt/tests/i386-windows/bcrypt_test.exe	315392	0bee022c886504a7c0f2850a01efede394c42d306def416133d42aedcabfd45e	pe	0x014C	IMAGE_FILE_MACHINE_I386	no
dlls/bcryptprimitives/i386-windows/bcryptprimitives.dll	28672	eefbb124eeaba8fd9af9fd9745d46fd2d7725b4ec47cd77204e94820227062e5	pe	0x014C	IMAGE_FILE_MACHINE_I386	yes
dlls/bluetoothapis/i386-windows/bluetoothapis.dll	90112	8ee140b2381be504584a56a265d9478964d31faad42ac116762d1ce6574a40a5	pe	0x014C	IMAGE_FILE_MACHINE_I386	yes
dlls/bluetoothapis/tests/i386-windows/bluetoothapis_test-stripped.exe	131072	e3877a6b086a37e1fddfb87ab4a9961caac37be38e8e66560a0ca5033c8fbb03	pe	0x014C	IMAGE_FILE_MACHINE_I386	no
dlls/bluetoothapis/tests/i386-windows/bluetoothapis_test.exe	131072	e3877a6b086a37e1fddfb87ab4a9961caac37be38e8e66560a0ca5033c8fbb03	pe	0x014C	IMAGE_FILE_MACHINE_I386	no
dlls/browseui/i386-windows/browseui.dll	262144	28aa6aaec51a3a6673082011198c39238d1fdc8ec123032cabc6aa1a6faa085c	pe	0x014C	IMAGE_FILE_MACHINE_I386	yes
dlls/browseui/tests/i386-windows/browseui_test-stripped.exe	98304	4141cea040f054482f32824b2df7be20a8c685407cd44d222b49fe1b6ec6179c	pe	0x014C	IMAGE_FILE_MACHINE_I386	no
dlls/browseui/tests/i386-windows/browseui_test.exe	98304	4141cea040f054482f32824b2df7be20a8c685407cd44d222b49fe1b6ec6179c	pe	0x014C	IMAGE_FILE_MACHINE_I386	no
dlls/bthprops.cpl/i386-windows/bthprops.cpl	45056	07c56087a1218a4ef8da2f7770bd3a7feefda47d1c7136676dc11115f77f39ce	pe	0x014C	IMAGE_FILE_MACHINE_I386	yes
dlls/cabinet/i386-windows/cabinet.dll	131072	5b478c6f65591f784e16f1fddadc67f78d0fabbd712d632ae760c7657b55f59a	pe	0x014C	IMAGE_FILE_MACHINE_I386	yes
dlls/cabinet/tests/i386-windows/cabinet_test-stripped.exe	110592	fc83570cc3fbe1795249f779ad8c4b0c1755f21ef7c9b2324951e46681abb14f	pe	0x014C	IMAGE_FILE_MACHINE_I386	no
dlls/cabinet/tests/i386-windows/cabinet_test.exe	110592	fc83570cc3fbe1795249f779ad8c4b0c1755f21ef7c9b2324951e46681abb14f	pe	0x014C	IMAGE_FILE_MACHINE_I386	no
dlls/cards/i386-windows/cards.dll	290816	c902928a54778b2a4541f0bcb4f4cd8af2c9577e3ba4ab06a422ad98a8463088	pe	0x014C	IMAGE_FILE_MACHINE_I386	yes
dlls/cdosys/i386-windows/cdosys.dll	36864	ad8963f3f164632fd9c60795104a5d59fc6622215923d95096217bb2f6d65916	pe	0x014C	IMAGE_FILE_MACHINE_I386	yes
dlls/cfgmgr32/i386-windows/cfgmgr32.dll	208896	390c28b7ee0b86519967edb5e4a3e4a94aae3d6a81437c647b0597d622d3509d	pe	0x014C	IMAGE_FILE_MACHINE_I386	yes
dlls/cfgmgr32/tests/i386-windows/cfgmgr32_test-stripped.exe	483328	8d3643371907c51d6168ea4cd46d9ec3469e83b2348f83909d06366fbe7e45fd	pe	0x014C	IMAGE_FILE_MACHINE_I386	no
dlls/cfgmgr32/tests/i386-windows/cfgmgr32_test.exe	483328	8d3643371907c51d6168ea4cd46d9ec3469e83b2348f83909d06366fbe7e45fd	pe	0x014C	IMAGE_FILE_MACHINE_I386	no
dlls/chakra/i386-windows/chakra.dll	81920	508276874cdaec641f8e9b38766c5fd04e810666d7bc0822c37cc5ed688f89ea	pe	0x014C	IMAGE_FILE_MACHINE_I386	yes
dlls/cldapi/i386-windows/cldapi.dll	45056	09f2a600e29d517cf399844e0f21d6bfa2271b3f28f81fa6f41e36afd5bb3941	pe	0x014C	IMAGE_FILE_MACHINE_I386	yes
dlls/clusapi/i386-windows/clusapi.dll	65536	3ca5bbe94502a15ee29b9f014e9bdedc01746e89ba8228098a4666914fcd9000	pe	0x014C	IMAGE_FILE_MACHINE_I386	yes
dlls/cng.sys/i386-windows/cng.sys	36864	e07338d856a8f425c2fdab1d45691a3df5e757d019deb74621184f4d42fca97a	pe	0x014C	IMAGE_FILE_MACHINE_I386	yes
dlls/colorcnv/i386-windows/colorcnv.dll	1867776	efaaae7a941d075d921f7d71cc977c75e3f967c91ab7892a9d911887a811c622	pe	0x014C	IMAGE_FILE_MACHINE_I386	yes
dlls/combase/i386-windows/combase.dll	536576	4d178291f31c762e852246b894e19ed88453ed6332b0b17f26ac7de447e0e383	pe	0x014C	IMAGE_FILE_MACHINE_I386	yes
dlls/combase/tests/i386-windows/combase_test-stripped.exe	393216	c4477710b2da48c8ec7e33076b9aa3ffe6c0cfff2592d2e65ba34bbfad0ce0f7	pe	0x014C	IMAGE_FILE_MACHINE_I386	no
dlls/combase/tests/i386-windows/combase_test.exe	393216	c4477710b2da48c8ec7e33076b9aa3ffe6c0cfff2592d2e65ba34bbfad0ce0f7	pe	0x014C	IMAGE_FILE_MACHINE_I386	no
dlls/combase/tests/i386-windows/wine.combase.test.dll	45056	efa7ad4d1305aad66f524ade92fc647a618a64dd5ed29f8a823ab8cdd63143fa	pe	0x014C	IMAGE_FILE_MACHINE_I386	no
dlls/comcat/i386-windows/comcat.dll	32768	5929186e9bf0313d8d3102d342e19f36e93be4674057d17c4809434129eb8760	pe	0x014C	IMAGE_FILE_MACHINE_I386	yes
dlls/comcat/tests/i386-windows/comcat_test-stripped.exe	49152	e343873c4030635a79ee370f81929e6a08867b8693a1d8a7547f818fab5b50fb	pe	0x014C	IMAGE_FILE_MACHINE_I386	no
dlls/comcat/tests/i386-windows/comcat_test.exe	49152	e343873c4030635a79ee370f81929e6a08867b8693a1d8a7547f818fab5b50fb	pe	0x014C	IMAGE_FILE_MACHINE_I386	no
dlls/comctl32/i386-windows/comctl32.dll	1388544	9082ff803195497ad94fe172bc82c396d0bf7e55ce7d4337c7ad7b3d7f99bb70	pe	0x014C	IMAGE_FILE_MACHINE_I386	yes
dlls/comctl32/tests/i386-windows/comctl32_test-stripped.exe	2297856	de29a26337429f2937c2ea3b98143dd055b65026591d1de75982069e5e1a9dbd	pe	0x014C	IMAGE_FILE_MACHINE_I386	no
dlls/comctl32/tests/i386-windows/comctl32_test.exe	2297856	de29a26337429f2937c2ea3b98143dd055b65026591d1de75982069e5e1a9dbd	pe	0x014C	IMAGE_FILE_MACHINE_I386	no
dlls/comctl32_v6/i386-windows/comctl32_v6.dll	1613824	e49aa36db6f13cb5fe1191351d005d226eec155f594be06fbd720773ab116b5a	pe	0x014C	IMAGE_FILE_MACHINE_I386	yes
dlls/comdlg32/i386-windows/comdlg32.dll	1232896	511173dc35d86643e6cb6bdb108a7bd046796109e5438bc7cee5a04eeb20a726	pe	0x014C	IMAGE_FILE_MACHINE_I386	yes
dlls/comdlg32/tests/i386-windows/comdlg32_test-stripped.exe	425984	be3b513fccf64c9f30764aaa541f7bd63ba04671e49d714c29782b38af54d1c1	pe	0x014C	IMAGE_FILE_MACHINE_I386	no
dlls/comdlg32/tests/i386-windows/comdlg32_test.exe	425984	be3b513fccf64c9f30764aaa541f7bd63ba04671e49d714c29782b38af54d1c1	pe	0x014C	IMAGE_FILE_MACHINE_I386	no
dlls/coml2/i386-windows/coml2.dll	217088	b5f65bece5dae076a965e4210b98dccee948283fa3ac65d967e414be16bce723	pe	0x014C	IMAGE_FILE_MACHINE_I386	yes
dlls/comm.drv16/i386-windows/comm.drv16	28672	0e2992daffb23a68d291cb7fa435517eb1b0d3599a81bbba84495f3647cf34b1	pe	0x014C	IMAGE_FILE_MACHINE_I386	yes
dlls/commdlg.dll16/i386-windows/commdlg.dll16	57344	e256bcabd266de7bb8213d1741cf8a9418b5e4349b35bbe347f0bddeda16a737	pe	0x014C	IMAGE_FILE_MACHINE_I386	yes
dlls/compobj.dll16/i386-windows/compobj.dll16	262144	d04b9a21e49970fe537c135896af383879dab0ef33f8507962af67ad7e7b5f53	pe	0x014C	IMAGE_FILE_MACHINE_I386	yes
dlls/compstui/i386-windows/compstui.dll	57344	ce583be9188cc218f12bc5d3f6166f234ade35e1c56484a522f461f57e49c7b3	pe	0x014C	IMAGE_FILE_MACHINE_I386	yes
dlls/compstui/tests/i386-windows/compstui_test-stripped.exe	57344	adc80c07a41889a8d6bfb44acb4b8f61a77c7d7c8f040eff61d5c5a6f487907b	pe	0x014C	IMAGE_FILE_MACHINE_I386	no
dlls/compstui/tests/i386-windows/compstui_test.exe	57344	adc80c07a41889a8d6bfb44acb4b8f61a77c7d7c8f040eff61d5c5a6f487907b	pe	0x014C	IMAGE_FILE_MACHINE_I386	no
dlls/comsvcs/i386-windows/comsvcs.dll	249856	ab829c5862f97074369e90ee563c83057d088a27e76449b7910a8e82f37eddb2	pe	0x014C	IMAGE_FILE_MACHINE_I386	yes
dlls/comsvcs/tests/i386-windows/comsvcs_test-stripped.exe	241664	121fe18232358c393cad0b7818992e73733a9fdb2b0aa4b8f63d3acb63d32a5c	pe	0x014C	IMAGE_FILE_MACHINE_I386	no
dlls/comsvcs/tests/i386-windows/comsvcs_test.exe	241664	121fe18232358c393cad0b7818992e73733a9fdb2b0aa4b8f63d3acb63d32a5c	pe	0x014C	IMAGE_FILE_MACHINE_I386	no
dlls/concrt140/i386-windows/concrt140.dll	204800	925d16ed45360f15fc7ef582bb81d100adf4787dbaa02da4b84a00beebd0f3df	pe	0x014C	IMAGE_FILE_MACHINE_I386	yes
dlls/concrt140/tests/i386-windows/concrt140_test-stripped.exe	40960	6d77df612bd8a034f5518a9b25ab7c59385eec517e21a90e83c16fb7e5c491c4	pe	0x014C	IMAGE_FILE_MACHINE_I386	no
dlls/concrt140/tests/i386-windows/concrt140_test.exe	40960	6d77df612bd8a034f5518a9b25ab7c59385eec517e21a90e83c16fb7e5c491c4	pe	0x014C	IMAGE_FILE_MACHINE_I386	no
dlls/connect/i386-windows/connect.dll	32768	bc2a099baa73b8e7d4289d3c19c38e5ef84bce67e677a1d54c8f4a870c9da608	pe	0x014C	IMAGE_FILE_MACHINE_I386	yes
dlls/coremessaging/i386-windows/coremessaging.dll	98304	ff6ef806c03c51689a2a65f4920bff33dddccb0b925cd87eef0061570f829232	pe	0x014C	IMAGE_FILE_MACHINE_I386	yes
dlls/coremessaging/tests/i386-windows/coremessaging_test-stripped.exe	94208	537a474664bc45ca0285a7c6a0c23ac10f95e495d002dff26c489abffe92ef51	pe	0x014C	IMAGE_FILE_MACHINE_I386	no
dlls/coremessaging/tests/i386-windows/coremessaging_test.exe	94208	537a474664bc45ca0285a7c6a0c23ac10f95e495d002dff26c489abffe92ef51	pe	0x014C	IMAGE_FILE_MACHINE_I386	no
dlls/credui/i386-windows/credui.dll	167936	4527f64b663d4aeb970ccb5ae476016fcaf639359e790640d29a6b4820da0111	pe	0x014C	IMAGE_FILE_MACHINE_I386	yes
dlls/credui/tests/i386-windows/credui_test-stripped.exe	40960	2d0b07b7f6cf35de730e709102376c0036690ab78584c59e83ba5e12e364b492	pe	0x014C	IMAGE_FILE_MACHINE_I386	no
dlls/credui/tests/i386-windows/credui_test.exe	40960	2d0b07b7f6cf35de730e709102376c0036690ab78584c59e83ba5e12e364b492	pe	0x014C	IMAGE_FILE_MACHINE_I386	no
dlls/crtdll/i386-windows/crtdll.dll	733184	a4eb7aee36f08bfa4f2855d1fa85bd213dcca358638a99a6630e14620e110573	pe	0x014C	IMAGE_FILE_MACHINE_I386	yes
dlls/crypt32/i386-windows/crypt32.dll	962560	95e98ceddb51305a881b72ff15ae8ffbea2f6535503f70cd4becdee11dcc88f2	pe	0x014C	IMAGE_FILE_MACHINE_I386	yes
dlls/crypt32/tests/i386-windows/crypt32_test-stripped.exe	1175552	de9d85431880f0e0d08a730a4f77301309d6ea2717610316a0dbf90c850ebeab	pe	0x014C	IMAGE_FILE_MACHINE_I386	no
dlls/crypt32/tests/i386-windows/crypt32_test.exe	1175552	de9d85431880f0e0d08a730a4f77301309d6ea2717610316a0dbf90c850ebeab	pe	0x014C	IMAGE_FILE_MACHINE_I386	no
dlls/cryptbase/i386-windows/cryptbase.dll	36864	6f8ea64760689f274e2207dfbfa21ebecd11235972c763854ee4a441604a6e05	pe	0x014C	IMAGE_FILE_MACHINE_I386	yes
dlls/cryptdlg/i386-windows/cryptdlg.dll	69632	ed77ab77ef8f97a35bcc5b88b1e536b701bd8a3c4c783cf2f5cbc24d9ac58abc	pe	0x014C	IMAGE_FILE_MACHINE_I386	yes
dlls/cryptdll/i386-windows/cryptdll.dll	28672	013683b3afb410332e529419ee10953366cd32a0d10166c7a4cd6775bf96f447	pe	0x014C	IMAGE_FILE_MACHINE_I386	yes
dlls/cryptext/i386-windows/cryptext.dll	40960	b3d51e80789b7cb70cc5385086443dbc3e78d029b688dda748f060d65ecbfe70	pe	0x014C	IMAGE_FILE_MACHINE_I386	yes
dlls/cryptext/tests/i386-windows/cryptext_test-stripped.exe	32768	7bc6aca0e276b8e645685cf418cead6606c137da0743e499ba68b215d0fc3344	pe	0x014C	IMAGE_FILE_MACHINE_I386	no
dlls/cryptext/tests/i386-windows/cryptext_test.exe	32768	7bc6aca0e276b8e645685cf418cead6606c137da0743e499ba68b215d0fc3344	pe	0x014C	IMAGE_FILE_MACHINE_I386	no
dlls/cryptnet/i386-windows/cryptnet.dll	110592	d949e5014857d8a60b875b5d6ff4cd7f08cc72b4da78b291a09c60d5ca811cf6	pe	0x014C	IMAGE_FILE_MACHINE_I386	yes
dlls/cryptnet/tests/i386-windows/cryptnet_test-stripped.exe	65536	abd5f6c73f5792a13bd4a12452fdf948b8ca10efcadce03d58f41d28e3fe8732	pe	0x014C	IMAGE_FILE_MACHINE_I386	no
dlls/cryptnet/tests/i386-windows/cryptnet_test.exe	65536	abd5f6c73f5792a13bd4a12452fdf948b8ca10efcadce03d58f41d28e3fe8732	pe	0x014C	IMAGE_FILE_MACHINE_I386	no
dlls/cryptowinrt/i386-windows/cryptowinrt.dll	98304	969ee85ab4bbc0e34f6ae61f42322dbc0aa8a1ab689d94e6dae1a78841e39730	pe	0x014C	IMAGE_FILE_MACHINE_I386	yes
dlls/cryptowinrt/tests/i386-windows/cryptowinrt_test-stripped.exe	94208	d6cb36b87a08470a17f31d1cf78d4ba2091ce7f0aa71439ac0886064cdc0a5b8	pe	0x014C	IMAGE_FILE_MACHINE_I386	no
dlls/cryptowinrt/tests/i386-windows/cryptowinrt_test.exe	94208	d6cb36b87a08470a17f31d1cf78d4ba2091ce7f0aa71439ac0886064cdc0a5b8	pe	0x014C	IMAGE_FILE_MACHINE_I386	no
dlls/cryptsp/i386-windows/cryptsp.dll	49152	c0afe5d45ae9adb1d6d0eb9f93509ec5bcc0d352092cd8272874e09a38e3ea92	pe	0x014C	IMAGE_FILE_MACHINE_I386	yes
dlls/cryptui/i386-windows/cryptui.dll	1257472	87adde463605d79398c7d075428050c9ec6e40e64fedc2de0d301e0f2b35f0d0	pe	0x014C	IMAGE_FILE_MACHINE_I386	yes
dlls/cryptui/tests/i386-windows/cryptui_test-stripped.exe	49152	875d3a524b826981d2f77a08f824ac3fce53f8d96e97f479defe1d4250104fa2	pe	0x014C	IMAGE_FILE_MACHINE_I386	no
dlls/cryptui/tests/i386-windows/cryptui_test.exe	49152	875d3a524b826981d2f77a08f824ac3fce53f8d96e97f479defe1d4250104fa2	pe	0x014C	IMAGE_FILE_MACHINE_I386	no
dlls/cryptxml/i386-windows/cryptxml.dll	36864	7935b320541db482823ba8a0f332b1f54d05f112d5a21e99e6279cdc0cc19ded	pe	0x014C	IMAGE_FILE_MACHINE_I386	yes
dlls/cryptxml/tests/i386-windows/cryptxml_test-stripped.exe	45056	7fbec6f1418a5b23efef073804b1b21e3cef20dd58c97f5a3a620da4a2d864ea	pe	0x014C	IMAGE_FILE_MACHINE_I386	no
dlls/cryptxml/tests/i386-windows/cryptxml_test.exe	45056	7fbec6f1418a5b23efef073804b1b21e3cef20dd58c97f5a3a620da4a2d864ea	pe	0x014C	IMAGE_FILE_MACHINE_I386	no
dlls/ctapi32/i386-windows/ctapi32.dll	32768	c953d970af89836cbb1eab89fe56c37633e786c95dccbc6985ba3983ae7d1032	pe	0x014C	IMAGE_FILE_MACHINE_I386	yes
dlls/ctl3d.dll16/i386-windows/ctl3d.dll16	28672	5f04082e7a1ad2d0e420bd39f4f671151ed9a4994865cfe2f69eb1451e729acf	pe	0x014C	IMAGE_FILE_MACHINE_I386	yes
dlls/ctl3d32/i386-windows/ctl3d32.dll	28672	1ec786960d9a22f0eb610f0265556e26007e2e005cc788276cf095c2a2e43f8a	pe	0x014C	IMAGE_FILE_MACHINE_I386	yes
dlls/ctl3dv2.dll16/i386-windows/ctl3dv2.dll16	28672	0ba5e6cb9df731ecdf1fab5dd0722adf4384963ae01bb1892b6385932ea8c447	pe	0x014C	IMAGE_FILE_MACHINE_I386	yes
dlls/d2d1/i386-windows/d2d1.dll	811008	40b26fdec69f6c043c0c0a1844da9ccdac1e7fe0648728afa423dd909ac62cc8	pe	0x014C	IMAGE_FILE_MACHINE_I386	yes
dlls/d2d1/tests/i386-windows/d2d1_test-stripped.exe	946176	9a4b4358f2b0eb1d96655d138001516b2fd88abadb401f46b771da1060648861	pe	0x014C	IMAGE_FILE_MACHINE_I386	no
dlls/d2d1/tests/i386-windows/d2d1_test.exe	946176	9a4b4358f2b0eb1d96655d138001516b2fd88abadb401f46b771da1060648861	pe	0x014C	IMAGE_FILE_MACHINE_I386	no
dlls/d3d10/i386-windows/d3d10.dll	319488	b8c74c5ab225704ff05e7f658caf62b0104e159fc9df906307b67d10bbb73bbf	pe	0x014C	IMAGE_FILE_MACHINE_I386	yes
dlls/d3d10/tests/i386-windows/d3d10_test-stripped.exe	716800	bb58434eeb95ca0404bb0dbbb39a1d726719030f42a4356858229789642c5e15	pe	0x014C	IMAGE_FILE_MACHINE_I386	no
dlls/d3d10/tests/i386-windows/d3d10_test.exe	716800	bb58434eeb95ca0404bb0dbbb39a1d726719030f42a4356858229789642c5e15	pe	0x014C	IMAGE_FILE_MACHINE_I386	no
dlls/d3d10_1/i386-windows/d3d10_1.dll	65536	f267a8c8dcc9a22435360d171f0133607f025702b517f36e98f7fa3e738346c2	pe	0x014C	IMAGE_FILE_MACHINE_I386	yes
dlls/d3d10_1/tests/i386-windows/d3d10_1_test-stripped.exe	172032	191c9c23d9ab5ab26f171e92840d022801243ef3cc20338edcf33e896fead81e	pe	0x014C	IMAGE_FILE_MACHINE_I386	no
dlls/d3d10_1/tests/i386-windows/d3d10_1_test.exe	172032	191c9c23d9ab5ab26f171e92840d022801243ef3cc20338edcf33e896fead81e	pe	0x014C	IMAGE_FILE_MACHINE_I386	no
dlls/d3d10core/i386-windows/d3d10core.dll	53248	816cac92d2035e3f8d53154c2fe96e5b6f444f8e6b82a4a2eb18d94ca3b41104	pe	0x014C	IMAGE_FILE_MACHINE_I386	yes
dlls/d3d10core/tests/i386-windows/d3d10core_test-stripped.exe	569344	3f093bfbc6c18d759605411b727155d144c59c7caef94b6dea08581e73c10c68	pe	0x014C	IMAGE_FILE_MACHINE_I386	no
dlls/d3d10core/tests/i386-windows/d3d10core_test.exe	569344	3f093bfbc6c18d759605411b727155d144c59c7caef94b6dea08581e73c10c68	pe	0x014C	IMAGE_FILE_MACHINE_I386	no
dlls/d3d11/i386-windows/d3d11.dll	704512	28cbdab7ecf3c9724b91feed8d43d798ae6b92c83ad4f257971237797906fbc4	pe	0x014C	IMAGE_FILE_MACHINE_I386	yes
dlls/d3d11/tests/i386-windows/d3d11_test-stripped.exe	1089536	b77aaffd26e88b356f3827352c65639b13bc5a274666f126e4d83a2e0e6908b2	pe	0x014C	IMAGE_FILE_MACHINE_I386	no
dlls/d3d11/tests/i386-windows/d3d11_test.exe	1089536	b77aaffd26e88b356f3827352c65639b13bc5a274666f126e4d83a2e0e6908b2	pe	0x014C	IMAGE_FILE_MACHINE_I386	no
dlls/d3d12/i386-windows/d3d12.dll	233472	d077816897ca704945aad58bdcbb34724ee98cebb16d8a4911f0e81c5b66fbb3	pe	0x014C	IMAGE_FILE_MACHINE_I386	yes
dlls/d3d12/tests/i386-windows/d3d12_test-stripped.exe	98304	5c302633bd897ea59b2c143b52f4308934ba68b1c134d9f0fa4dd1f4817fa0f0	pe	0x014C	IMAGE_FILE_MACHINE_I386	no
dlls/d3d12/tests/i386-windows/d3d12_test.exe	98304	5c302633bd897ea59b2c143b52f4308934ba68b1c134d9f0fa4dd1f4817fa0f0	pe	0x014C	IMAGE_FILE_MACHINE_I386	no
dlls/d3d12core/i386-windows/d3d12core.dll	28672	bde946a2b430a4905052e3256dbe324b579d48ad75903109632f4b7332dd30d1	pe	0x014C	IMAGE_FILE_MACHINE_I386	yes
dlls/d3d8/i386-windows/d3d8.dll	217088	cc0bd5f07340ff2c62bd940eb71879c638f3878a763e6cfab08f46d4fccaa599	pe	0x014C	IMAGE_FILE_MACHINE_I386	yes
dlls/d3d8/tests/i386-windows/d3d8_test-stripped.exe	1077248	fb2465648cba1bef6f502dec53c5dc82e495c60003ac99631fb58c39de7c7efb	pe	0x014C	IMAGE_FILE_MACHINE_I386	no
dlls/d3d8/tests/i386-windows/d3d8_test.exe	1077248	fb2465648cba1bef6f502dec53c5dc82e495c60003ac99631fb58c39de7c7efb	pe	0x014C	IMAGE_FILE_MACHINE_I386	no
dlls/d3d8thk/i386-windows/d3d8thk.dll	40960	de67f7692e602b1d56cf6b6c96cfa5e1282e2a33355eee688b0a6f32e2a06917	pe	0x014C	IMAGE_FILE_MACHINE_I386	yes
dlls/d3d9/i386-windows/d3d9.dll	286720	ab75274ec6153e68635345e81e8d21b2791773732d53e3105480afaef4a613dd	pe	0x014C	IMAGE_FILE_MACHINE_I386	yes
dlls/d3d9/tests/i386-windows/d3d9_test-stripped.exe	2142208	e4c9d3fac39a6aa386f334267d0dfbf8f7e033e53606cff34b137533f2ab5593	pe	0x014C	IMAGE_FILE_MACHINE_I386	no
dlls/d3d9/tests/i386-windows/d3d9_test.exe	2142208	e4c9d3fac39a6aa386f334267d0dfbf8f7e033e53606cff34b137533f2ab5593	pe	0x014C	IMAGE_FILE_MACHINE_I386	no
dlls/d3dcompiler_33/i386-windows/d3dcompiler_33.dll	233472	2195e912af4e647a80dc69caab1606c6708240a13ee4a5bae4263288f0fd5f31	pe	0x014C	IMAGE_FILE_MACHINE_I386	yes
dlls/d3dcompiler_34/i386-windows/d3dcompiler_34.dll	233472	c0335221344e95e92af93db7b346983a030d5ce3827aeac38213b48ad7d570a6	pe	0x014C	IMAGE_FILE_MACHINE_I386	yes
dlls/d3dcompiler_35/i386-windows/d3dcompiler_35.dll	233472	0dff9ebedd4ed83884c757fa54383b6a08d7306d7df68f842e5ef53bcbf60595	pe	0x014C	IMAGE_FILE_MACHINE_I386	yes
dlls/d3dcompiler_36/i386-windows/d3dcompiler_36.dll	233472	18304893001e66e69f26d3733aa1dde2cee096d801b4ae58b39a476b2d1af8fc	pe	0x014C	IMAGE_FILE_MACHINE_I386	yes
dlls/d3dcompiler_37/i386-windows/d3dcompiler_37.dll	233472	0b13d147a2a6c0e608a33940ecaf04c5b37071ee9363aa882cf47d2da324e550	pe	0x014C	IMAGE_FILE_MACHINE_I386	yes
dlls/d3dcompiler_38/i386-windows/d3dcompiler_38.dll	233472	88f2dd397eae085fc6e17f10a4b31dd62000992132f5c267ab0f36e3b0a82f10	pe	0x014C	IMAGE_FILE_MACHINE_I386	yes
dlls/d3dcompiler_39/i386-windows/d3dcompiler_39.dll	233472	5d040bd93245e6ac8df4e439a0b9e439c03f6860ad6ec8e231ae847323e887de	pe	0x014C	IMAGE_FILE_MACHINE_I386	yes
dlls/d3dcompiler_40/i386-windows/d3dcompiler_40.dll	233472	9563a888423db6777afa1b62f079a99106e97a2e181be309f3fc4a0598c3b1b4	pe	0x014C	IMAGE_FILE_MACHINE_I386	yes
dlls/d3dcompiler_41/i386-windows/d3dcompiler_41.dll	233472	84ea7c43f5009f5f405a9bf4ff3dafe1a4c248b8e7b6ffbd6e2d33b4473a05df	pe	0x014C	IMAGE_FILE_MACHINE_I386	yes
dlls/d3dcompiler_42/i386-windows/d3dcompiler_42.dll	233472	7b6a5ea242577185dfeda040569c8677eaa491e43178f71275f9b33a85c641a2	pe	0x014C	IMAGE_FILE_MACHINE_I386	yes
dlls/d3dcompiler_42/tests/i386-windows/d3dcompiler_42_test-stripped.exe	385024	ac094f2965325b5b8891f52221eafe9bd233acea0c6def174be10ea469a1e1b7	pe	0x014C	IMAGE_FILE_MACHINE_I386	no
dlls/d3dcompiler_42/tests/i386-windows/d3dcompiler_42_test.exe	385024	ac094f2965325b5b8891f52221eafe9bd233acea0c6def174be10ea469a1e1b7	pe	0x014C	IMAGE_FILE_MACHINE_I386	no
dlls/d3dcompiler_43/i386-windows/d3dcompiler_43.dll	241664	2ab8410bb833f8922740629ecebc32ceeaf80ebed16054aa970ede29a9aa807f	pe	0x014C	IMAGE_FILE_MACHINE_I386	yes
dlls/d3dcompiler_43/tests/i386-windows/d3dcompiler_43_test-stripped.exe	417792	67a9f67fbe2b3eb97485e5ca97d586eea9fed769b9cc6109d916691d434e09d1	pe	0x014C	IMAGE_FILE_MACHINE_I386	no
dlls/d3dcompiler_43/tests/i386-windows/d3dcompiler_43_test.exe	417792	67a9f67fbe2b3eb97485e5ca97d586eea9fed769b9cc6109d916691d434e09d1	pe	0x014C	IMAGE_FILE_MACHINE_I386	no
dlls/d3dcompiler_46/i386-windows/d3dcompiler_46.dll	233472	699e261b76d54124ffd444af89683a5ea6c9a5f51540190e7ae5a5a91d5205d9	pe	0x014C	IMAGE_FILE_MACHINE_I386	yes
dlls/d3dcompiler_46/tests/i386-windows/d3dcompiler_46_test-stripped.exe	434176	4fae6263d6d2867501f82572628ba7a7cff56607feb73a9f05ebe6b486ba8894	pe	0x014C	IMAGE_FILE_MACHINE_I386	no
dlls/d3dcompiler_46/tests/i386-windows/d3dcompiler_46_test.exe	434176	4fae6263d6d2867501f82572628ba7a7cff56607feb73a9f05ebe6b486ba8894	pe	0x014C	IMAGE_FILE_MACHINE_I386	no
dlls/d3dcompiler_47/i386-windows/d3dcompiler_47.dll	241664	c2316ac0a76a89fdca59e72fb1139b5ad67d4f9facdb50c45f665785d1cbb638	pe	0x014C	IMAGE_FILE_MACHINE_I386	yes
dlls/d3dcompiler_47/tests/i386-windows/d3dcompiler_47_test-stripped.exe	434176	6a52659cfb776a67711c3f2c31521d94b0c6e53703b99dd8b6b36e71301004ed	pe	0x014C	IMAGE_FILE_MACHINE_I386	no
dlls/d3dcompiler_47/tests/i386-windows/d3dcompiler_47_test.exe	434176	6a52659cfb776a67711c3f2c31521d94b0c6e53703b99dd8b6b36e71301004ed	pe	0x014C	IMAGE_FILE_MACHINE_I386	no
dlls/d3dim/i386-windows/d3dim.dll	32768	87c1a058f928da1ded7d1defd3eb1949790d03bf1012d23375307119493a16a3	pe	0x014C	IMAGE_FILE_MACHINE_I386	yes
dlls/d3dim700/i386-windows/d3dim700.dll	32768	e733fa938dd599721499cba442743e6689d93d6a813c3c41fd1ba4539d95b25e	pe	0x014C	IMAGE_FILE_MACHINE_I386	yes
dlls/d3drm/i386-windows/d3drm.dll	434176	cc9ce8c91171741ae9271c266936b4b600067c3fc21892a4f92a40ee40f7105b	pe	0x014C	IMAGE_FILE_MACHINE_I386	yes
dlls/d3drm/tests/i386-windows/d3drm_test-stripped.exe	679936	b2a2a0382dcc7a8b84b42c826eb083cb6deeab556060d24b32723052abb83b66	pe	0x014C	IMAGE_FILE_MACHINE_I386	no
dlls/d3drm/tests/i386-windows/d3drm_test.exe	679936	b2a2a0382dcc7a8b84b42c826eb083cb6deeab556060d24b32723052abb83b66	pe	0x014C	IMAGE_FILE_MACHINE_I386	no
dlls/d3dx10_33/i386-windows/d3dx10_33.dll	45056	67acf8141f7940dc96d9189e0ff27514bdf7b4ab6763f05d519ea41ef61ed579	pe	0x014C	IMAGE_FILE_MACHINE_I386	yes
dlls/d3dx10_33/tests/i386-windows/d3dx10_33_test-stripped.exe	266240	4743e3493939197998b0dd9f222ab6fe8dcfe79723a6f586232854ab1378c257	pe	0x014C	IMAGE_FILE_MACHINE_I386	no
dlls/d3dx10_33/tests/i386-windows/d3dx10_33_test.exe	266240	4743e3493939197998b0dd9f222ab6fe8dcfe79723a6f586232854ab1378c257	pe	0x014C	IMAGE_FILE_MACHINE_I386	no
dlls/d3dx10_34/i386-windows/d3dx10_34.dll	45056	06dc9884ec0f2d3b702c68bdfbdabf1d4344e53d4e9337b8088ab0446d4d4163	pe	0x014C	IMAGE_FILE_MACHINE_I386	yes
dlls/d3dx10_34/tests/i386-windows/d3dx10_34_test-stripped.exe	327680	e311fd42bd6efe9ba96672db23070910a7318a193a32ea2e5e515aa1418058ed	pe	0x014C	IMAGE_FILE_MACHINE_I386	no
dlls/d3dx10_34/tests/i386-windows/d3dx10_34_test.exe	327680	e311fd42bd6efe9ba96672db23070910a7318a193a32ea2e5e515aa1418058ed	pe	0x014C	IMAGE_FILE_MACHINE_I386	no
dlls/d3dx10_35/i386-windows/d3dx10_35.dll	45056	554220176a294c87954e9a3dfb0e7e42a4e7d19247b5461f01d24f08edb15df9	pe	0x014C	IMAGE_FILE_MACHINE_I386	yes
dlls/d3dx10_35/tests/i386-windows/d3dx10_35_test-stripped.exe	339968	26601001a7ad4e6af37055fbed74535838c09d8727b6f4d1ad87020b7a9b7c97	pe	0x014C	IMAGE_FILE_MACHINE_I386	no
dlls/d3dx10_35/tests/i386-windows/d3dx10_35_test.exe	339968	26601001a7ad4e6af37055fbed74535838c09d8727b6f4d1ad87020b7a9b7c97	pe	0x014C	IMAGE_FILE_MACHINE_I386	no
dlls/d3dx10_36/i386-windows/d3dx10_36.dll	45056	e284b777d79b09858729e773e47e77866054ea5e9e3064947499918192fd076e	pe	0x014C	IMAGE_FILE_MACHINE_I386	yes
dlls/d3dx10_36/tests/i386-windows/d3dx10_36_test-stripped.exe	339968	3cdc2582b140c3ecd7642f56faa2c8270d4a40bbb9689dff2c45c7aeed99b5ef	pe	0x014C	IMAGE_FILE_MACHINE_I386	no
dlls/d3dx10_36/tests/i386-windows/d3dx10_36_test.exe	339968	3cdc2582b140c3ecd7642f56faa2c8270d4a40bbb9689dff2c45c7aeed99b5ef	pe	0x014C	IMAGE_FILE_MACHINE_I386	no
dlls/d3dx10_37/i386-windows/d3dx10_37.dll	45056	d75c70b9d63090e855540e9d866a86d5fe61be6c07940e601ddfa57e4c755625	pe	0x014C	IMAGE_FILE_MACHINE_I386	yes
dlls/d3dx10_37/tests/i386-windows/d3dx10_37_test-stripped.exe	339968	336eeabb5cbb36e47be321b00d9dcd97a9ebaa5a9f63444cc280cba7a316fdba	pe	0x014C	IMAGE_FILE_MACHINE_I386	no
dlls/d3dx10_37/tests/i386-windows/d3dx10_37_test.exe	339968	336eeabb5cbb36e47be321b00d9dcd97a9ebaa5a9f63444cc280cba7a316fdba	pe	0x014C	IMAGE_FILE_MACHINE_I386	no
dlls/d3dx10_38/i386-windows/d3dx10_38.dll	45056	9cbb6fd0e289142c72091789a80057aed6ea2fd45b40227ad9d87c3e32271a6b	pe	0x014C	IMAGE_FILE_MACHINE_I386	yes
dlls/d3dx10_38/tests/i386-windows/d3dx10_38_test-stripped.exe	339968	336e001ea6497dad20bba93d01eb438775314cbf63b27b2c9f087d48099e5077	pe	0x014C	IMAGE_FILE_MACHINE_I386	no
dlls/d3dx10_38/tests/i386-windows/d3dx10_38_test.exe	339968	336e001ea6497dad20bba93d01eb438775314cbf63b27b2c9f087d48099e5077	pe	0x014C	IMAGE_FILE_MACHINE_I386	no
dlls/d3dx10_39/i386-windows/d3dx10_39.dll	45056	9419de6d687a3c12d7197ba1168fb55a3003ae556250be424adcbd21d84991bf	pe	0x014C	IMAGE_FILE_MACHINE_I386	yes
dlls/d3dx10_39/tests/i386-windows/d3dx10_39_test-stripped.exe	339968	4a432770c0f81d13a3f12077d6a1c86bb2a87f3dfd6a2e43bb43ece610beb016	pe	0x014C	IMAGE_FILE_MACHINE_I386	no
dlls/d3dx10_39/tests/i386-windows/d3dx10_39_test.exe	339968	4a432770c0f81d13a3f12077d6a1c86bb2a87f3dfd6a2e43bb43ece610beb016	pe	0x014C	IMAGE_FILE_MACHINE_I386	no
dlls/d3dx10_40/i386-windows/d3dx10_40.dll	45056	81a506f7bbb56f956a17345b706ab94cba42a8592bdb06218f3fa29a7a184329	pe	0x014C	IMAGE_FILE_MACHINE_I386	yes
dlls/d3dx10_40/tests/i386-windows/d3dx10_40_test-stripped.exe	339968	716707747fc01db0f15ccd49a64fa176df71680a1dc9f4477c3060f32aae8764	pe	0x014C	IMAGE_FILE_MACHINE_I386	no
dlls/d3dx10_40/tests/i386-windows/d3dx10_40_test.exe	339968	716707747fc01db0f15ccd49a64fa176df71680a1dc9f4477c3060f32aae8764	pe	0x014C	IMAGE_FILE_MACHINE_I386	no
dlls/d3dx10_41/i386-windows/d3dx10_41.dll	45056	74ce165b9a35183782ac3c4c97f82a6e493896f674a3873c3077133aeb8afca5	pe	0x014C	IMAGE_FILE_MACHINE_I386	yes
dlls/d3dx10_41/tests/i386-windows/d3dx10_41_test-stripped.exe	339968	d340b21e10b37274dff3f98b8b75b2b80a4f56819538a66ffd0a4e43f3fa3d24	pe	0x014C	IMAGE_FILE_MACHINE_I386	no
dlls/d3dx10_41/tests/i386-windows/d3dx10_41_test.exe	339968	d340b21e10b37274dff3f98b8b75b2b80a4f56819538a66ffd0a4e43f3fa3d24	pe	0x014C	IMAGE_FILE_MACHINE_I386	no
dlls/d3dx10_42/i386-windows/d3dx10_42.dll	45056	67849a5bd01d446e0e24a88ab25fe6ba0f73c73017df7a016cfe6433054c1045	pe	0x014C	IMAGE_FILE_MACHINE_I386	yes
dlls/d3dx10_42/tests/i386-windows/d3dx10_42_test-stripped.exe	339968	1f6fb5e31ec63cddafe830d5d0def2c51cab9c156a2be56b1ad5198c839776bb	pe	0x014C	IMAGE_FILE_MACHINE_I386	no
dlls/d3dx10_42/tests/i386-windows/d3dx10_42_test.exe	339968	1f6fb5e31ec63cddafe830d5d0def2c51cab9c156a2be56b1ad5198c839776bb	pe	0x014C	IMAGE_FILE_MACHINE_I386	no
dlls/d3dx10_43/i386-windows/d3dx10_43.dll	536576	7a7cbc8961b821d76ad41ae2ae5247818aed56647e3253c5988a670457f43699	pe	0x014C	IMAGE_FILE_MACHINE_I386	yes
dlls/d3dx10_43/tests/i386-windows/d3dx10_43_test-stripped.exe	339968	3dc2caeb72efd7a1ccf9a88833a93e3cc68c0052f450474cb54e79857e7272a1	pe	0x014C	IMAGE_FILE_MACHINE_I386	no
dlls/d3dx10_43/tests/i386-windows/d3dx10_43_test.exe	339968	3dc2caeb72efd7a1ccf9a88833a93e3cc68c0052f450474cb54e79857e7272a1	pe	0x014C	IMAGE_FILE_MACHINE_I386	no
dlls/d3dx11_42/i386-windows/d3dx11_42.dll	49152	aca47ed8440feab8dca1d0c9604fbc7546781d0a01719b8eae4908fd2dfd3d1e	pe	0x014C	IMAGE_FILE_MACHINE_I386	yes
dlls/d3dx11_42/tests/i386-windows/d3dx11_42_test-stripped.exe	184320	55ccdd990a6bcbeb05090023b67e36b82262ed7a14a97a568a7ac0c32e55ff4a	pe	0x014C	IMAGE_FILE_MACHINE_I386	no
dlls/d3dx11_42/tests/i386-windows/d3dx11_42_test.exe	184320	55ccdd990a6bcbeb05090023b67e36b82262ed7a14a97a568a7ac0c32e55ff4a	pe	0x014C	IMAGE_FILE_MACHINE_I386	no
dlls/d3dx11_43/i386-windows/d3dx11_43.dll	159744	26dc29c23ffbbdbc52c4d5d8a75ed6cba4d200516b8bebd0918873d3964383d1	pe	0x014C	IMAGE_FILE_MACHINE_I386	yes
dlls/d3dx11_43/tests/i386-windows/d3dx11_43_test-stripped.exe	184320	620a5e3f5eed06ab33634d58c289c37a611cad9bdd67fa3db1fe933ddb7de1d5	pe	0x014C	IMAGE_FILE_MACHINE_I386	no
dlls/d3dx11_43/tests/i386-windows/d3dx11_43_test.exe	184320	620a5e3f5eed06ab33634d58c289c37a611cad9bdd67fa3db1fe933ddb7de1d5	pe	0x014C	IMAGE_FILE_MACHINE_I386	no
dlls/d3dx9_24/i386-windows/d3dx9_24.dll	856064	f067458fb495923e724e47f65a55496890aa55241630d66baaccd2ba475e6de1	pe	0x014C	IMAGE_FILE_MACHINE_I386	yes
dlls/d3dx9_25/i386-windows/d3dx9_25.dll	856064	5e82a7a347ca46b4a8a761721733d96def7fa14ed058c723d37ddef0baafac92	pe	0x014C	IMAGE_FILE_MACHINE_I386	yes
dlls/d3dx9_26/i386-windows/d3dx9_26.dll	860160	93d49daaff92101ba2fc6d8825f24353af8b0345e62077ece14ab813b39c61af	pe	0x014C	IMAGE_FILE_MACHINE_I386	yes
dlls/d3dx9_27/i386-windows/d3dx9_27.dll	864256	5e69c753ddaf618e6eb09c7fb76f4a42cff9a1eb29a62ce1994d0881d52c3d72	pe	0x014C	IMAGE_FILE_MACHINE_I386	yes
dlls/d3dx9_28/i386-windows/d3dx9_28.dll	864256	daba81e1f9af04d76eddfaedc90195e2c9be4d4aaa2f78f4899e1df11a23ae4d	pe	0x014C	IMAGE_FILE_MACHINE_I386	yes
dlls/d3dx9_29/i386-windows/d3dx9_29.dll	864256	6fa42b16160ded96df184f8c9a70f7c2af32090de9ded005bbdf7d48d0635775	pe	0x014C	IMAGE_FILE_MACHINE_I386	yes
dlls/d3dx9_30/i386-windows/d3dx9_30.dll	864256	d9bfb9d6625c0100eab381f50899913f038c4e857efee0aa4bbf739755f4e4d9	pe	0x014C	IMAGE_FILE_MACHINE_I386	yes
dlls/d3dx9_31/i386-windows/d3dx9_31.dll	864256	781ade35cfaccc5a73235015ef48a6ea4fa8313c94b25aac1231f17c7dcac654	pe	0x014C	IMAGE_FILE_MACHINE_I386	yes
dlls/d3dx9_32/i386-windows/d3dx9_32.dll	864256	8149b8abb2a27fe1ee110a7af65364e40e011e62e171fda2f29dec522600c7b8	pe	0x014C	IMAGE_FILE_MACHINE_I386	yes
dlls/d3dx9_33/i386-windows/d3dx9_33.dll	864256	0e850a7d91a2780d4573b720a49e0acce9a292d152db6d967a9eaca8c4690ea8	pe	0x014C	IMAGE_FILE_MACHINE_I386	yes
dlls/d3dx9_34/i386-windows/d3dx9_34.dll	864256	030cec0e99a8ae6383c0d6f2b407db84d5fe45473d6fc43b22b8a3199beefcc9	pe	0x014C	IMAGE_FILE_MACHINE_I386	yes
dlls/d3dx9_35/i386-windows/d3dx9_35.dll	864256	e4c52a60009e05fd5323e788869b738deb9d2cbdeeceef3015ed664aa81c7f4c	pe	0x014C	IMAGE_FILE_MACHINE_I386	yes
dlls/d3dx9_35/tests/i386-windows/d3dx9_35_test-stripped.exe	2113536	1e30eeca8a6592d2330eae23ffe105c74dad93bfec0d8fa54137fcedcb2cda65	pe	0x014C	IMAGE_FILE_MACHINE_I386	no
dlls/d3dx9_35/tests/i386-windows/d3dx9_35_test.exe	2113536	1e30eeca8a6592d2330eae23ffe105c74dad93bfec0d8fa54137fcedcb2cda65	pe	0x014C	IMAGE_FILE_MACHINE_I386	no
dlls/d3dx9_36/i386-windows/d3dx9_36.dll	864256	cd2f0a36d79d02ca88ea6ae9fd2756ffa7613d1d39953212282e78644a2cf38c	pe	0x014C	IMAGE_FILE_MACHINE_I386	yes
dlls/d3dx9_36/tests/i386-windows/d3dx9_36_test-stripped.exe	2134016	0165e415c19cf3f04285f318741b3d38523a7131c65e6d88a9568b3476bd633c	pe	0x014C	IMAGE_FILE_MACHINE_I386	no
dlls/d3dx9_36/tests/i386-windows/d3dx9_36_test.exe	2134016	0165e415c19cf3f04285f318741b3d38523a7131c65e6d88a9568b3476bd633c	pe	0x014C	IMAGE_FILE_MACHINE_I386	no
dlls/d3dx9_37/i386-windows/d3dx9_37.dll	864256	276df791b802668fb8a827401984cb9dba772a0aaaa99b4ca87d12f523752c91	pe	0x014C	IMAGE_FILE_MACHINE_I386	yes
dlls/d3dx9_38/i386-windows/d3dx9_38.dll	864256	9842d8a7bca8c6d4336c24414e90b66158ee04eea47ea22676b906cac9aeb1e7	pe	0x014C	IMAGE_FILE_MACHINE_I386	yes
dlls/d3dx9_39/i386-windows/d3dx9_39.dll	864256	2526bc3af4039d51895a5a30e50de5f214a2e31f250deb7a1b92780b4a65be91	pe	0x014C	IMAGE_FILE_MACHINE_I386	yes
dlls/d3dx9_40/i386-windows/d3dx9_40.dll	864256	4283613f7f43619dd41f6d7870baec60606f29e21b22a651c80f6cc950350cee	pe	0x014C	IMAGE_FILE_MACHINE_I386	yes
dlls/d3dx9_41/i386-windows/d3dx9_41.dll	864256	9f4f2d9f90e85dbc2da43521ead7b3c569b797e3b5d2e91c1c8c4b1f7f64ccb2	pe	0x014C	IMAGE_FILE_MACHINE_I386	yes
dlls/d3dx9_42/i386-windows/d3dx9_42.dll	864256	140fdd9581e4d58dd220c92d5c76375c6a94b09239fe1f43041ec326ad6f7745	pe	0x014C	IMAGE_FILE_MACHINE_I386	yes
dlls/d3dx9_42/tests/i386-windows/d3dx9_42_test-stripped.exe	2129920	6d3bb638f7770bda7ad46829496e41c8755ca4df6bfe74854b8b4534c50b8796	pe	0x014C	IMAGE_FILE_MACHINE_I386	no
dlls/d3dx9_42/tests/i386-windows/d3dx9_42_test.exe	2129920	6d3bb638f7770bda7ad46829496e41c8755ca4df6bfe74854b8b4534c50b8796	pe	0x014C	IMAGE_FILE_MACHINE_I386	no
dlls/d3dx9_43/i386-windows/d3dx9_43.dll	864256	7e52df78b700e8d512d49846b6de16c97f43e597ead6ada14773300f8a5cea99	pe	0x014C	IMAGE_FILE_MACHINE_I386	yes
dlls/d3dx9_43/tests/i386-windows/d3dx9_43_test-stripped.exe	2129920	2bd6a3b4f96d7b8bf226dda1d7a9d752cb7e025ae2ae1c469a0f74b47ed3898b	pe	0x014C	IMAGE_FILE_MACHINE_I386	no
dlls/d3dx9_43/tests/i386-windows/d3dx9_43_test.exe	2129920	2bd6a3b4f96d7b8bf226dda1d7a9d752cb7e025ae2ae1c469a0f74b47ed3898b	pe	0x014C	IMAGE_FILE_MACHINE_I386	no
dlls/d3dxof/i386-windows/d3dxof.dll	290816	b3d67eae9fb47cf6ae2e12faed28e3889dd087d8c3672562fcad5a2b9e146f70	pe	0x014C	IMAGE_FILE_MACHINE_I386	yes
dlls/d3dxof/tests/i386-windows/d3dxof_test-stripped.exe	81920	41557917897e6da897fec5b269b7ced8799d18dd4067214bef83e929d1ee7251	pe	0x014C	IMAGE_FILE_MACHINE_I386	no
dlls/d3dxof/tests/i386-windows/d3dxof_test.exe	81920	41557917897e6da897fec5b269b7ced8799d18dd4067214bef83e929d1ee7251	pe	0x014C	IMAGE_FILE_MACHINE_I386	no
dlls/dataexchange/i386-windows/dataexchange.dll	106496	782de27c7ae520934bef0792ee0603fe996e3505c9931e62729c4badcd17666e	pe	0x014C	IMAGE_FILE_MACHINE_I386	yes
dlls/dataexchange/tests/i386-windows/dataexchange_test-stripped.exe	270336	e35c9922d31f6394f5c27a35dec23d198955ab3355fff33a82c99a63ed83d500	pe	0x014C	IMAGE_FILE_MACHINE_I386	no
dlls/dataexchange/tests/i386-windows/dataexchange_test.exe	270336	e35c9922d31f6394f5c27a35dec23d198955ab3355fff33a82c99a63ed83d500	pe	0x014C	IMAGE_FILE_MACHINE_I386	no
dlls/davclnt/i386-windows/davclnt.dll	36864	e2ed288e651969c86c5576663ebe8291e02f0d576488785ee0d76539aad5fede	pe	0x014C	IMAGE_FILE_MACHINE_I386	yes
dlls/dbgeng/i386-windows/dbgeng.dll	196608	2823f7213ef8bd497b1ac16994ac5f1187043e4ac66b0e3034c417d7bd130d98	pe	0x014C	IMAGE_FILE_MACHINE_I386	yes
dlls/dbgeng/tests/i386-windows/dbgeng_test-stripped.exe	65536	f210dd914d9e8e7b01c940476ee1ae5f0411fa740811b2d735e71af46c24dab8	pe	0x014C	IMAGE_FILE_MACHINE_I386	no
dlls/dbgeng/tests/i386-windows/dbgeng_test.exe	65536	f210dd914d9e8e7b01c940476ee1ae5f0411fa740811b2d735e71af46c24dab8	pe	0x014C	IMAGE_FILE_MACHINE_I386	no
dlls/dbghelp/i386-windows/dbghelp.dll	618496	ea844bc330b149d66e6a5a20068544d3b4933d580feaf4b43d8e1718d4aafa7b	pe	0x014C	IMAGE_FILE_MACHINE_I386	yes
dlls/dbghelp/tests/i386-windows/dbghelp_test-stripped.exe	200704	71dee2a7a0612a6cf82562c07a2d11d78006f2dca444432154780a9bdbc2165f	pe	0x014C	IMAGE_FILE_MACHINE_I386	no
dlls/dbghelp/tests/i386-windows/dbghelp_test.exe	200704	71dee2a7a0612a6cf82562c07a2d11d78006f2dca444432154780a9bdbc2165f	pe	0x014C	IMAGE_FILE_MACHINE_I386	no
dlls/dciman32/i386-windows/dciman32.dll	36864	92c57a509a5414b8dafa047b287b3898fdc32ce4ce56556df4325bb2015deeeb	pe	0x014C	IMAGE_FILE_MACHINE_I386	yes
dlls/dcomp/i386-windows/dcomp.dll	40960	d8aaef49495b594d7c49234b01164d1776bc402f9378bf5008d0ceffdd42fed9	pe	0x014C	IMAGE_FILE_MACHINE_I386	yes
dlls/ddeml.dll16/i386-windows/ddeml.dll16	40960	d0e99af6b01d5b1bf99cbfdbc4ec7aaebb1901a08eb23713e2401a2179280059	pe	0x014C	IMAGE_FILE_MACHINE_I386	yes
dlls/ddraw/i386-windows/ddraw.dll	700416	ce26c3aca1c05eb45fb7233faa712e666e791285f158cb3b297384988ed53f1c	pe	0x014C	IMAGE_FILE_MACHINE_I386	yes
dlls/ddraw/tests/i386-windows/ddraw_test-stripped.exe	3145728	0aa99f3f6f34128c0af20f7033fc107aaea5c72bff47fa2c54f52f73224030d4	pe	0x014C	IMAGE_FILE_MACHINE_I386	no
dlls/ddraw/tests/i386-windows/ddraw_test.exe	3145728	0aa99f3f6f34128c0af20f7033fc107aaea5c72bff47fa2c54f52f73224030d4	pe	0x014C	IMAGE_FILE_MACHINE_I386	no
dlls/ddrawex/i386-windows/ddrawex.dll	311296	6e8800e8463682219409f7c716345e790132f3fe259eec2e1bc70f153bf23ab0	pe	0x014C	IMAGE_FILE_MACHINE_I386	yes
dlls/ddrawex/tests/i386-windows/ddrawex_test-stripped.exe	61440	47039ee78bcba58be28f6917cc247c8ceed65c1afa2bcbe109276993e1776e32	pe	0x014C	IMAGE_FILE_MACHINE_I386	no
dlls/ddrawex/tests/i386-windows/ddrawex_test.exe	61440	47039ee78bcba58be28f6917cc247c8ceed65c1afa2bcbe109276993e1776e32	pe	0x014C	IMAGE_FILE_MACHINE_I386	no
dlls/desk.cpl/i386-windows/desk.cpl	122880	d10830387b26ca12f69894c5a400e338f4836f93baa4c5b240498152842a8503	pe	0x014C	IMAGE_FILE_MACHINE_I386	yes
dlls/devenum/i386-windows/devenum.dll	299008	ff47a36c640a9ad0b8f21e500420196ef455718033f6344e59aecb0210610c70	pe	0x014C	IMAGE_FILE_MACHINE_I386	yes
dlls/devenum/tests/i386-windows/devenum_test-stripped.exe	143360	6b0d8f3bc2b7271307b459c1c53e13601e24c0297b587a6d622dc906af5aa6bb	pe	0x014C	IMAGE_FILE_MACHINE_I386	no
dlls/devenum/tests/i386-windows/devenum_test.exe	143360	6b0d8f3bc2b7271307b459c1c53e13601e24c0297b587a6d622dc906af5aa6bb	pe	0x014C	IMAGE_FILE_MACHINE_I386	no
dlls/dhcpcsvc/i386-windows/dhcpcsvc.dll	49152	bd147e0728206e3cf30d9535eaf8d0b8716551225ddaa51a6abda1e4cf7294e6	pe	0x014C	IMAGE_FILE_MACHINE_I386	yes
dlls/dhcpcsvc/tests/i386-windows/dhcpcsvc_test-stripped.exe	40960	df619a2a01f417d38f6855a3076e0a7bf7e5eaeff059ec14c1901f944437c779	pe	0x014C	IMAGE_FILE_MACHINE_I386	no
dlls/dhcpcsvc/tests/i386-windows/dhcpcsvc_test.exe	40960	df619a2a01f417d38f6855a3076e0a7bf7e5eaeff059ec14c1901f944437c779	pe	0x014C	IMAGE_FILE_MACHINE_I386	no
dlls/dhcpcsvc6/i386-windows/dhcpcsvc6.dll	32768	a61a464434824b75247ed7059f490736ee72db2d6b3b4bb344dfc92c433c716f	pe	0x014C	IMAGE_FILE_MACHINE_I386	yes
dlls/dhtmled.ocx/i386-windows/dhtmled.ocx	348160	ef22f3c13b8fc9e712e8ef9d0608d8826a30b16f1ca526377e9e7f15644c9b39	pe	0x014C	IMAGE_FILE_MACHINE_I386	yes
dlls/diasymreader/i386-windows/diasymreader.dll	241664	4eae13ce9d63b3518bea81faaa3caedf5836711064bf3d43ff0868a09e6f55d1	pe	0x014C	IMAGE_FILE_MACHINE_I386	yes
dlls/difxapi/i386-windows/difxapi.dll	36864	96e88a58de497a27b991b8cd0e15a0c1a427be0f2e7084f0a38767233b7f0356	pe	0x014C	IMAGE_FILE_MACHINE_I386	yes
dlls/dinput/i386-windows/dinput.dll	466944	32e7af58b51ec29aab483c3d2af231d1bf2e79f64dcd477d31c5c0d0b4626298	pe	0x014C	IMAGE_FILE_MACHINE_I386	yes
dlls/dinput/tests/i386-windows/dinput_test-stripped.exe	2396160	dbcd6745e88f8ed4c0e0ffbaa6d8fad384f3986c55ab666f0e993ea359d7e2c6	pe	0x014C	IMAGE_FILE_MACHINE_I386	no
dlls/dinput/tests/i386-windows/dinput_test.exe	2396160	dbcd6745e88f8ed4c0e0ffbaa6d8fad384f3986c55ab666f0e993ea359d7e2c6	pe	0x014C	IMAGE_FILE_MACHINE_I386	no
dlls/dinput/tests/i386-windows/driver_bus.dll	86016	688566a4d343a3c90622b77a5dbfcc7287f438110d7fc953639ab8b7e22de3ef	pe	0x014C	IMAGE_FILE_MACHINE_I386	no
dlls/dinput/tests/i386-windows/driver_hid.dll	49152	a46c779b10b31c7e7df7631fec4d62f601740a3e73505a7e4bc63407b795ce62	pe	0x014C	IMAGE_FILE_MACHINE_I386	no
dlls/dinput/tests/i386-windows/driver_hid_poll.dll	49152	7a1aee206b7149768a07b40045367a5559e56d01a70efe04edf03d402444b1de	pe	0x014C	IMAGE_FILE_MACHINE_I386	no
dlls/dinput8/i386-windows/dinput8.dll	466944	98e0c9c0bfc89c8d17987174ed6beecf1703b4ab5896b77faf0eb5532b8e0925	pe	0x014C	IMAGE_FILE_MACHINE_I386	yes
dlls/directmanipulation/i386-windows/directmanipulation.dll	237568	67c31cedbee0e76f85e6dd85ed301e105a114deb7653233b4bf729cfe269a9a5	pe	0x014C	IMAGE_FILE_MACHINE_I386	yes
dlls/directmanipulation/tests/i386-windows/directmanipulation_test-stripped.exe	204800	fd1357eb7138de359d6477b587727b28b29200bda76f484a072084146cab4a58	pe	0x014C	IMAGE_FILE_MACHINE_I386	no
dlls/directmanipulation/tests/i386-windows/directmanipulation_test.exe	204800	fd1357eb7138de359d6477b587727b28b29200bda76f484a072084146cab4a58	pe	0x014C	IMAGE_FILE_MACHINE_I386	no
dlls/dispdib.dll16/i386-windows/dispdib.dll16	28672	7f5ea3f0dd1c37f4bb8f2bc59ed37f8562abffd1a47cb6e9e5fff02dbf6f5123	pe	0x014C	IMAGE_FILE_MACHINE_I386	yes
dlls/dispex/i386-windows/dispex.dll	217088	f3eb3864f5a646635a00aabd41eaabff8186b90dedf4aae96814f2199972cc65	pe	0x014C	IMAGE_FILE_MACHINE_I386	yes
dlls/dispex/tests/i386-windows/dispex_test-stripped.exe	61440	91bfeb5ad62ad37281a7f7ee45a582d92a3e47fadbfe8adaf4d7cd662b83d058	pe	0x014C	IMAGE_FILE_MACHINE_I386	no
dlls/dispex/tests/i386-windows/dispex_test.exe	61440	91bfeb5ad62ad37281a7f7ee45a582d92a3e47fadbfe8adaf4d7cd662b83d058	pe	0x014C	IMAGE_FILE_MACHINE_I386	no
dlls/display.drv16/i386-windows/display.drv16	40960	91e53470f92fe76f824c13ed983e23a0788cb6ade66785b20919bcd375745a83	pe	0x014C	IMAGE_FILE_MACHINE_I386	yes
dlls/dmband/i386-windows/dmband.dll	122880	82367dd17c3f7d18a8bb37b6c2e890368764b2d0ecba37ac58403b598cfcaae1	pe	0x014C	IMAGE_FILE_MACHINE_I386	yes
dlls/dmband/tests/i386-windows/dmband_test-stripped.exe	253952	b60d51299cccd9b22508509b05ff486ca901e65f301cbb666dd1f04f9130ebc0	pe	0x014C	IMAGE_FILE_MACHINE_I386	no
dlls/dmband/tests/i386-windows/dmband_test.exe	253952	b60d51299cccd9b22508509b05ff486ca901e65f301cbb666dd1f04f9130ebc0	pe	0x014C	IMAGE_FILE_MACHINE_I386	no
dlls/dmcompos/i386-windows/dmcompos.dll	290816	70366515ec8c215fff265dc36a026929d153bdc213baedd96dcc682b3aafb779	pe	0x014C	IMAGE_FILE_MACHINE_I386	yes
dlls/dmcompos/tests/i386-windows/dmcompos_test-stripped.exe	98304	94621651e51f7c1488168974f0669159faeb546ae3decaf3143fc416353d8f54	pe	0x014C	IMAGE_FILE_MACHINE_I386	no
dlls/dmcompos/tests/i386-windows/dmcompos_test.exe	98304	94621651e51f7c1488168974f0669159faeb546ae3decaf3143fc416353d8f54	pe	0x014C	IMAGE_FILE_MACHINE_I386	no
dlls/dmime/i386-windows/dmime.dll	479232	ecc40b789971104f14e9660a198f792535ed32504220b97809a2220468aa76b4	pe	0x014C	IMAGE_FILE_MACHINE_I386	yes
dlls/dmime/tests/i386-windows/dmime_test-stripped.exe	339968	62ab40ad29912c52b23ec74e4c6be2513d9c3d221b0af6aa940a946c0ccab51d	pe	0x014C	IMAGE_FILE_MACHINE_I386	no
dlls/dmime/tests/i386-windows/dmime_test.exe	339968	62ab40ad29912c52b23ec74e4c6be2513d9c3d221b0af6aa940a946c0ccab51d	pe	0x014C	IMAGE_FILE_MACHINE_I386	no
dlls/dmloader/i386-windows/dmloader.dll	319488	4318aff7a99f623518796c24fc6e3df602f5663a5be3228cb006ea2430b11f5f	pe	0x014C	IMAGE_FILE_MACHINE_I386	yes
dlls/dmloader/tests/i386-windows/dmloader_test-stripped.exe	94208	190b27e73a6a9a22f500e698921baeb285382b630b485cc15da99c25f98a670d	pe	0x014C	IMAGE_FILE_MACHINE_I386	no
dlls/dmloader/tests/i386-windows/dmloader_test.exe	94208	190b27e73a6a9a22f500e698921baeb285382b630b485cc15da99c25f98a670d	pe	0x014C	IMAGE_FILE_MACHINE_I386	no
dlls/dmscript/i386-windows/dmscript.dll	290816	e779847a07e1458766c57f29f0c5c313c2951d509a2d9e281ea75ad8b31e1b07	pe	0x014C	IMAGE_FILE_MACHINE_I386	yes
dlls/dmscript/tests/i386-windows/dmscript_test-stripped.exe	86016	099f92308af502cb2e7be042d9660dc1bc5f2f1dd97da98569f3d78140752330	pe	0x014C	IMAGE_FILE_MACHINE_I386	no
dlls/dmscript/tests/i386-windows/dmscript_test.exe	86016	099f92308af502cb2e7be042d9660dc1bc5f2f1dd97da98569f3d78140752330	pe	0x014C	IMAGE_FILE_MACHINE_I386	no
dlls/dmstyle/i386-windows/dmstyle.dll	335872	12a151cfebd6f84f71bdb44c897924a1785c2db4db2773cd100051647f6f59fb	pe	0x014C	IMAGE_FILE_MACHINE_I386	yes
dlls/dmstyle/tests/i386-windows/dmstyle_test-stripped.exe	94208	3378dcb5c291eadeb972756568f9c1579362dd7044bb6bceae90d5c5b4fa946f	pe	0x014C	IMAGE_FILE_MACHINE_I386	no
dlls/dmstyle/tests/i386-windows/dmstyle_test.exe	94208	3378dcb5c291eadeb972756568f9c1579362dd7044bb6bceae90d5c5b4fa946f	pe	0x014C	IMAGE_FILE_MACHINE_I386	no
dlls/dmsynth/i386-windows/dmsynth.dll	757760	4030354a94ead16e7d4b188e2ed54f49ec833171fe91fd18252c36d54e2cbc8c	pe	0x014C	IMAGE_FILE_MACHINE_I386	yes
dlls/dmsynth/tests/i386-windows/dmsynth_test-stripped.exe	335872	e6de178e3ed74a400419913fa1f12d33d03690785cacea9cbb38cba86efe0418	pe	0x014C	IMAGE_FILE_MACHINE_I386	no
dlls/dmsynth/tests/i386-windows/dmsynth_test.exe	335872	e6de178e3ed74a400419913fa1f12d33d03690785cacea9cbb38cba86efe0418	pe	0x014C	IMAGE_FILE_MACHINE_I386	no
dlls/dmusic/i386-windows/dmusic.dll	380928	b4ba2cb50a2d461e66673d6d1582aebffe4945fd966b3f8e43f167a4db371b36	pe	0x014C	IMAGE_FILE_MACHINE_I386	yes
dlls/dmusic/tests/i386-windows/dmusic_test-stripped.exe	339968	034a716cc3cc47e017e6e1b55c080c0c0f1ac6f0e4a560234f9f868f9969099a	pe	0x014C	IMAGE_FILE_MACHINE_I386	no
dlls/dmusic/tests/i386-windows/dmusic_test.exe	339968	034a716cc3cc47e017e6e1b55c080c0c0f1ac6f0e4a560234f9f868f9969099a	pe	0x014C	IMAGE_FILE_MACHINE_I386	no
dlls/dmusic32/i386-windows/dmusic32.dll	32768	46933aba830bc8cfb8ffdb3b5b1dc33ac00c9c2dc9efdc5211ed196caeb082b5	pe	0x014C	IMAGE_FILE_MACHINE_I386	yes
dlls/dnsapi/i386-windows/dnsapi.dll	114688	ce7e659f93363bceb56ce4272319ca236eaa61c087f071cad89f3e24bfd797aa	pe	0x014C	IMAGE_FILE_MACHINE_I386	yes
dlls/dnsapi/tests/i386-windows/dnsapi_test-stripped.exe	114688	16cbb78bbaa9fb7dcb1fe7f8ccc8c1fd3568a2fd4b459105643a59af810e85db	pe	0x014C	IMAGE_FILE_MACHINE_I386	no
dlls/dnsapi/tests/i386-windows/dnsapi_test.exe	114688	16cbb78bbaa9fb7dcb1fe7f8ccc8c1fd3568a2fd4b459105643a59af810e85db	pe	0x014C	IMAGE_FILE_MACHINE_I386	no
dlls/dplay/i386-windows/dplay.dll	24576	873ec9742177cd80d8e0390d973f1ef48ce81483f786fc852c6922b785fdc642	pe	0x014C	IMAGE_FILE_MACHINE_I386	yes
dlls/dplayx/i386-windows/dplayx.dll	409600	403a418197c5c5eae41245903ffb9dd2ff4db5a67742c61d65ad02460e8c163c	pe	0x014C	IMAGE_FILE_MACHINE_I386	yes
dlls/dplayx/tests/i386-windows/dplayx_test-stripped.exe	438272	c16919e26ea2b21e4a9b2625c2556b1fd0cb8acda7b191e5678d094caddade89	pe	0x014C	IMAGE_FILE_MACHINE_I386	no
dlls/dplayx/tests/i386-windows/dplayx_test.exe	438272	c16919e26ea2b21e4a9b2625c2556b1fd0cb8acda7b191e5678d094caddade89	pe	0x014C	IMAGE_FILE_MACHINE_I386	no
dlls/dpnaddr/i386-windows/dpnaddr.dll	24576	a84ec056be3c3baf32e433ea4e2c10d3915be6802e9586aa58625a66f2c15d0f	pe	0x014C	IMAGE_FILE_MACHINE_I386	yes
dlls/dpnet/i386-windows/dpnet.dll	278528	476ad3c25761242845253678a9dc212d6ccb681c6f3539ce520f84611fb0f47d	pe	0x014C	IMAGE_FILE_MACHINE_I386	yes
dlls/dpnet/tests/i386-windows/dpnet_test-stripped.exe	339968	8e22387ede1cf592029454958294cb3708910c3fcf9472e92eac90cada449a25	pe	0x014C	IMAGE_FILE_MACHINE_I386	no
dlls/dpnet/tests/i386-windows/dpnet_test.exe	339968	8e22387ede1cf592029454958294cb3708910c3fcf9472e92eac90cada449a25	pe	0x014C	IMAGE_FILE_MACHINE_I386	no
dlls/dpnhpast/i386-windows/dpnhpast.dll	36864	a3770511dc130c6b13051eb84583de0c589d856878b78b897d4f1d51e6181758	pe	0x014C	IMAGE_FILE_MACHINE_I386	yes
dlls/dpnhupnp/i386-windows/dpnhupnp.dll	40960	0e6c48cf404ace9d575a2c07b3c74aaba3692d4dcac03c71573775184d474d76	pe	0x014C	IMAGE_FILE_MACHINE_I386	yes
dlls/dpnlobby/i386-windows/dpnlobby.dll	24576	79eaac0ed7096b69457d121b99e1a8fa6466e87aa4e2e11a39b0b868d9d2e3ac	pe	0x014C	IMAGE_FILE_MACHINE_I386	yes
dlls/dpvoice/i386-windows/dpvoice.dll	221184	52babdf3f55c0e32d2c9d86ddcfb31a29fdfb48c1ba77e039c7a5db8ddba3658	pe	0x014C	IMAGE_FILE_MACHINE_I386	yes
dlls/dpvoice/tests/i386-windows/dpvoice_test-stripped.exe	69632	9d02070a47a3e1e601a6f5a5f512e3a1bc4820a7f471710c7137eb155dcaf699	pe	0x014C	IMAGE_FILE_MACHINE_I386	no
dlls/dpvoice/tests/i386-windows/dpvoice_test.exe	69632	9d02070a47a3e1e601a6f5a5f512e3a1bc4820a7f471710c7137eb155dcaf699	pe	0x014C	IMAGE_FILE_MACHINE_I386	no
dlls/dpwsockx/i386-windows/dpwsockx.dll	77824	f90a3516ee6c3e03e28fe186fd47b8c7bf387a59515eb520a4847cf3a4b7bb35	pe	0x014C	IMAGE_FILE_MACHINE_I386	yes
dlls/drmclien/i386-windows/drmclien.dll	32768	6faa4f0af1183edbbab9a62dc54d86833ba5c9c3a6ade26ab0c4dc3915d20e78	pe	0x014C	IMAGE_FILE_MACHINE_I386	yes
dlls/dsdmo/i386-windows/dsdmo.dll	290816	02813eeb65c2a9abc83f61033698b534dd41a0dbb2a89a9ec4981230cac278ca	pe	0x014C	IMAGE_FILE_MACHINE_I386	yes
dlls/dsdmo/tests/i386-windows/dsdmo_test-stripped.exe	274432	3c935745c15731c29948825668ee9949cce28cc77bd9edcb3f1680eb19cf131d	pe	0x014C	IMAGE_FILE_MACHINE_I386	no
dlls/dsdmo/tests/i386-windows/dsdmo_test.exe	274432	3c935745c15731c29948825668ee9949cce28cc77bd9edcb3f1680eb19cf131d	pe	0x014C	IMAGE_FILE_MACHINE_I386	no
dlls/dsound/i386-windows/dsound.dll	491520	cb6f8479b5e5a3e4ffd0cf655f4620910bd0532aafb2a390ad7086e9d09ba626	pe	0x014C	IMAGE_FILE_MACHINE_I386	yes
dlls/dsound/tests/i386-windows/dsound_test-stripped.exe	507904	ae68b84a61cfa0f2f582aeb2cdf92a5b85c168e8a638df1999104c81a91c66ce	pe	0x014C	IMAGE_FILE_MACHINE_I386	no
dlls/dsound/tests/i386-windows/dsound_test.exe	507904	ae68b84a61cfa0f2f582aeb2cdf92a5b85c168e8a638df1999104c81a91c66ce	pe	0x014C	IMAGE_FILE_MACHINE_I386	no
dlls/dsquery/i386-windows/dsquery.dll	217088	4e13b9cc9425c729284a5e4015ff1fb738e0d9864a52e5cd04770a8aaa1f4c3f	pe	0x014C	IMAGE_FILE_MACHINE_I386	yes
dlls/dsrole/i386-windows/dsrole.dll	28672	116aec8a2570526d130bf8a051872d2f79bdc5ac9e5fe49f6ad95c02412e9b3e	pe	0x014C	IMAGE_FILE_MACHINE_I386	yes
dlls/dssenh/i386-windows/dssenh.dll	155648	5c44970a79c478d6bc6d9559b55549f1a5fcdcc2d55d9c87d2c9acd1b0353127	pe	0x014C	IMAGE_FILE_MACHINE_I386	yes
dlls/dssenh/tests/i386-windows/dssenh_test-stripped.exe	98304	638c7a08d4e7fbf474e2133a7fcc20a275ed9e0b3a42fc1fd1f2711d269bc38b	pe	0x014C	IMAGE_FILE_MACHINE_I386	no
dlls/dssenh/tests/i386-windows/dssenh_test.exe	98304	638c7a08d4e7fbf474e2133a7fcc20a275ed9e0b3a42fc1fd1f2711d269bc38b	pe	0x014C	IMAGE_FILE_MACHINE_I386	no
dlls/dsuiext/i386-windows/dsuiext.dll	217088	a32329db617a67bedaaf0d8a2f5850077b83b912bbd08392cf7310532dd39c4e	pe	0x014C	IMAGE_FILE_MACHINE_I386	yes
dlls/dswave/i386-windows/dswave.dll	270336	dee2ea88cc8959204548d79027a18ff95ed57dc2dddaac1c213f1008f5aeae8b	pe	0x014C	IMAGE_FILE_MACHINE_I386	yes
dlls/dswave/tests/i386-windows/dswave_test-stripped.exe	77824	a3ece75efed8326b322681a69534f1cf0f4d51e17c90ce59de568b63ed23978b	pe	0x014C	IMAGE_FILE_MACHINE_I386	no
dlls/dswave/tests/i386-windows/dswave_test.exe	77824	a3ece75efed8326b322681a69534f1cf0f4d51e17c90ce59de568b63ed23978b	pe	0x014C	IMAGE_FILE_MACHINE_I386	no
dlls/dwmapi/i386-windows/dwmapi.dll	61440	403e1866fc437634746367e07351a2a6e21f8bb06126f14730206216625edd33	pe	0x014C	IMAGE_FILE_MACHINE_I386	yes
dlls/dwmapi/tests/i386-windows/dwmapi_test-stripped.exe	45056	60c0434d58b60b0d9ef5dda3986f9cbe3c1f04a47662b1ccff0212dc9faaea1e	pe	0x014C	IMAGE_FILE_MACHINE_I386	no
dlls/dwmapi/tests/i386-windows/dwmapi_test.exe	45056	60c0434d58b60b0d9ef5dda3986f9cbe3c1f04a47662b1ccff0212dc9faaea1e	pe	0x014C	IMAGE_FILE_MACHINE_I386	no
dlls/dwrite/i386-windows/dwrite.dll	585728	8c4f51fa0dd613c5e707f3f85320e5c7ac8e6deae4f2815a06f22ed4d718ff2a	pe	0x014C	IMAGE_FILE_MACHINE_I386	yes
dlls/dwrite/tests/i386-windows/dwrite_test-stripped.exe	937984	c20b8e69d957078e394deff92fdecfedced70e7c5ed288185b5e12bb3251feb0	pe	0x014C	IMAGE_FILE_MACHINE_I386	no
dlls/dwrite/tests/i386-windows/dwrite_test.exe	937984	c20b8e69d957078e394deff92fdecfedced70e7c5ed288185b5e12bb3251feb0	pe	0x014C	IMAGE_FILE_MACHINE_I386	no
dlls/dx8vb/i386-windows/dx8vb.dll	253952	4b17b18d2cac72536358d3355df0da97025c5114fc14f22637530432ee5542d4	pe	0x014C	IMAGE_FILE_MACHINE_I386	yes
dlls/dxcore/i386-windows/dxcore.dll	53248	2a1465a202e996a1527c95b44d8461e0127e821d7ab33c77b525122d94df5903	pe	0x014C	IMAGE_FILE_MACHINE_I386	yes
dlls/dxcore/tests/i386-windows/dxcore_test-stripped.exe	69632	6fb0b428d6b083f46110093b8c6340780c280907f8dc01ddf05233e7df17df3c	pe	0x014C	IMAGE_FILE_MACHINE_I386	no
dlls/dxcore/tests/i386-windows/dxcore_test.exe	69632	6fb0b428d6b083f46110093b8c6340780c280907f8dc01ddf05233e7df17df3c	pe	0x014C	IMAGE_FILE_MACHINE_I386	no
dlls/dxdiagn/i386-windows/dxdiagn.dll	163840	dd19ef7b51bbe65d83636fe42d15a982a1bda466f0aa1e7c91022c72ce096baa	pe	0x014C	IMAGE_FILE_MACHINE_I386	yes
dlls/dxdiagn/tests/i386-windows/dxdiagn_test-stripped.exe	114688	15de6e8efcc000c55eb4a49bee2221367783332bcbb997807fdbf7305a9c0489	pe	0x014C	IMAGE_FILE_MACHINE_I386	no
dlls/dxdiagn/tests/i386-windows/dxdiagn_test.exe	114688	15de6e8efcc000c55eb4a49bee2221367783332bcbb997807fdbf7305a9c0489	pe	0x014C	IMAGE_FILE_MACHINE_I386	no
dlls/dxgi/i386-windows/dxgi.dll	413696	64a92b0baa1aa222ddce705cdc038fc758baa03e8ba9eef9ecd924da90c25bc8	pe	0x014C	IMAGE_FILE_MACHINE_I386	yes
dlls/dxgi/tests/i386-windows/dxgi_test-stripped.exe	401408	f93e15592cd122e037339f22d0e04c88fa2add4f0bc932c04f9260689570d363	pe	0x014C	IMAGE_FILE_MACHINE_I386	no
dlls/dxgi/tests/i386-windows/dxgi_test.exe	401408	f93e15592cd122e037339f22d0e04c88fa2add4f0bc932c04f9260689570d363	pe	0x014C	IMAGE_FILE_MACHINE_I386	no
dlls/dxtrans/i386-windows/dxtrans.dll	36864	33af225eb3b00a1ef50484ad1f7cd6c89d73f3b6e0768270e7e0a8b36fc294f9	pe	0x014C	IMAGE_FILE_MACHINE_I386	yes
dlls/dxva2/i386-windows/dxva2.dll	237568	dc293d69edd4f439184568c92dc5c084ce0777bfa6ced5ac0ab362374487d11f	pe	0x014C	IMAGE_FILE_MACHINE_I386	yes
dlls/dxva2/tests/i386-windows/dxva2_test-stripped.exe	69632	fd1d490d2d4df84980a5e2226c6f78500b508bba2bd5e181d09b11dde87f12a3	pe	0x014C	IMAGE_FILE_MACHINE_I386	no
dlls/dxva2/tests/i386-windows/dxva2_test.exe	69632	fd1d490d2d4df84980a5e2226c6f78500b508bba2bd5e181d09b11dde87f12a3	pe	0x014C	IMAGE_FILE_MACHINE_I386	no
dlls/esent/i386-windows/esent.dll	131072	0bef9f60cc1b4d8a36c1de25f6fbbc16070ac3b9e1d950a1f988a4ba287adc41	pe	0x014C	IMAGE_FILE_MACHINE_I386	yes
dlls/evr/i386-windows/evr.dll	565248	e6be4e1debf09b3ca95795f14399207ceaa3e7b9218e0e16973e431df4accc65	pe	0x014C	IMAGE_FILE_MACHINE_I386	yes
dlls/evr/tests/i386-windows/evr_test-stripped.exe	606208	f9dd103bfccb56f8d1cc89e5189627ac25bab8ed440d570eb2c1615fd6722621	pe	0x014C	IMAGE_FILE_MACHINE_I386	no
dlls/evr/tests/i386-windows/evr_test.exe	606208	f9dd103bfccb56f8d1cc89e5189627ac25bab8ed440d570eb2c1615fd6722621	pe	0x014C	IMAGE_FILE_MACHINE_I386	no
dlls/explorerframe/i386-windows/explorerframe.dll	245760	47fb4fd9bbd99a3d5d215497798793c379e4cd3caab8574d55b1dd3ec80c6903	pe	0x014C	IMAGE_FILE_MACHINE_I386	yes
dlls/explorerframe/tests/i386-windows/explorerframe_test-stripped.exe	303104	4a2d37921dc9db4a1e3813fcaf971b14813d940307e5ccbccbfb9d841a24bdd0	pe	0x014C	IMAGE_FILE_MACHINE_I386	no
dlls/explorerframe/tests/i386-windows/explorerframe_test.exe	303104	4a2d37921dc9db4a1e3813fcaf971b14813d940307e5ccbccbfb9d841a24bdd0	pe	0x014C	IMAGE_FILE_MACHINE_I386	no
dlls/faultrep/i386-windows/faultrep.dll	36864	1a7ea27b225183d392d8a96f20d4ecf1f475a966ba0154f7f55b6370db9787c4	pe	0x014C	IMAGE_FILE_MACHINE_I386	yes
dlls/faultrep/tests/i386-windows/faultrep_test-stripped.exe	32768	f454c86cd56bdc736857ddf09eea018b7fb39407f8b5bb072fc514c3d904aaf3	pe	0x014C	IMAGE_FILE_MACHINE_I386	no
dlls/faultrep/tests/i386-windows/faultrep_test.exe	32768	f454c86cd56bdc736857ddf09eea018b7fb39407f8b5bb072fc514c3d904aaf3	pe	0x014C	IMAGE_FILE_MACHINE_I386	no
dlls/feclient/i386-windows/feclient.dll	36864	f701cc086e9520337fbcf2ff71bee0a849db9f2b251bc7a4bba74671de565629	pe	0x014C	IMAGE_FILE_MACHINE_I386	yes
dlls/fltlib/i386-windows/fltlib.dll	45056	345bd427ff0f37c2553047f6ff332c8fb2aa24f36d78167d91ee91c5661e6801	pe	0x014C	IMAGE_FILE_MACHINE_I386	yes
dlls/fltmgr.sys/i386-windows/fltmgr.sys	81920	92d56dbc745bd43d13acdc2d79580d3df1d0817698ae7043bcddc251636a7ea9	pe	0x014C	IMAGE_FILE_MACHINE_I386	yes
dlls/fntcache/i386-windows/fntcache.dll	36864	754a83fdcee4d6eace2c2587cbec42ec546396623ea9536481cf0a3230dc091f	pe	0x014C	IMAGE_FILE_MACHINE_I386	yes
dlls/fontsub/i386-windows/fontsub.dll	28672	cc49ee525c745031353f367bbb15b9e9a50c51bf4ede434ef8dfe7db8ad09adc	pe	0x014C	IMAGE_FILE_MACHINE_I386	yes
dlls/fusion/i386-windows/fusion.dll	90112	117c4bd2d42bb159a357f37c6b569bda12aa40f42300bcab6cdd48e3759321e6	pe	0x014C	IMAGE_FILE_MACHINE_I386	yes
dlls/fusion/tests/i386-windows/fusion_test-stripped.exe	233472	e97de3c6cb276090a24e965d79b51c84cb740d88c4e38a7aec428383dc88b434	pe	0x014C	IMAGE_FILE_MACHINE_I386	no
dlls/fusion/tests/i386-windows/fusion_test.exe	233472	e97de3c6cb276090a24e965d79b51c84cb740d88c4e38a7aec428383dc88b434	pe	0x014C	IMAGE_FILE_MACHINE_I386	no
dlls/fwpuclnt/i386-windows/fwpuclnt.dll	81920	d173547ac62e08d5c2dd1b74b668a347030dcc4c40aa9150954f072cc6b56a33	pe	0x014C	IMAGE_FILE_MACHINE_I386	yes
dlls/gameinput/i386-windows/gameinput.dll	28672	7a18a7c022deeab40aff558ccfb8c0e4129ebfcb25e650b5978deb72b8752008	pe	0x014C	IMAGE_FILE_MACHINE_I386	yes
dlls/gameux/i386-windows/gameux.dll	262144	575a736abd12a78ce1d361b22b7e2d15812d8ccfb73083c4745d07969ea98f5d	pe	0x014C	IMAGE_FILE_MACHINE_I386	yes
dlls/gameux/tests/i386-windows/gameux_test-stripped.exe	241664	c254d8787cba748918266f5c72604869c1f1a7bd17b443b713dc046de6da2e31	pe	0x014C	IMAGE_FILE_MACHINE_I386	no
dlls/gameux/tests/i386-windows/gameux_test.exe	241664	c254d8787cba748918266f5c72604869c1f1a7bd17b443b713dc046de6da2e31	pe	0x014C	IMAGE_FILE_MACHINE_I386	no
dlls/gamingtcui/i386-windows/gamingtcui.dll	36864	24b9835d3ddb1a7ebd0a9d9b3c3577179ad5bc72ecf110444db1d1d03f09a505	pe	0x014C	IMAGE_FILE_MACHINE_I386	yes
dlls/gdi.exe16/i386-windows/gdi.exe16	172032	bcccce06b00cea32296252a0d04e3ea77388bb7b3c2c9d2a1b55dd026c54b57a	pe	0x014C	IMAGE_FILE_MACHINE_I386	yes
dlls/gdi32/i386-windows/gdi32.dll	630784	8add2b33e08f640e1b0d279baaeeee38b758a40cbd4a81ac784eb0f8f7d54989	pe	0x014C	IMAGE_FILE_MACHINE_I386	yes
dlls/gdi32/tests/i386-windows/gdi32_test-stripped.exe	1630208	62dac25009662d9f331735b5f149c78f3fa595e0c2894c2f554d2bdad67ffc01	pe	0x014C	IMAGE_FILE_MACHINE_I386	no
dlls/gdi32/tests/i386-windows/gdi32_test.exe	1630208	62dac25009662d9f331735b5f149c78f3fa595e0c2894c2f554d2bdad67ffc01	pe	0x014C	IMAGE_FILE_MACHINE_I386	no
dlls/gdiplus/i386-windows/gdiplus.dll	884736	d1f82d29040888459de56de6228e8e944c594e779577d177e381c05946d141bb	pe	0x014C	IMAGE_FILE_MACHINE_I386	yes
dlls/gdiplus/tests/i386-windows/gdiplus_test-stripped.exe	1683456	d84bf5c555c0a6c7e8a7d472cb03d80b1fd463f467ad8fb4f45407045c438a82	pe	0x014C	IMAGE_FILE_MACHINE_I386	no
dlls/gdiplus/tests/i386-windows/gdiplus_test.exe	1683456	d84bf5c555c0a6c7e8a7d472cb03d80b1fd463f467ad8fb4f45407045c438a82	pe	0x014C	IMAGE_FILE_MACHINE_I386	no
dlls/geolocation/i386-windows/geolocation.dll	61440	96d87fa0dbfdcabc344767688646931af6acc27c18fa873ea1603e1963991f89	pe	0x014C	IMAGE_FILE_MACHINE_I386	yes
dlls/geolocation/tests/i386-windows/geolocation_test-stripped.exe	225280	0a3a73330da732a6a531f22f98ceba26b93c11887b737bacd9ab54168c4e93b4	pe	0x014C	IMAGE_FILE_MACHINE_I386	no
dlls/geolocation/tests/i386-windows/geolocation_test.exe	225280	0a3a73330da732a6a531f22f98ceba26b93c11887b737bacd9ab54168c4e93b4	pe	0x014C	IMAGE_FILE_MACHINE_I386	no
dlls/glu32/i386-windows/glu32.dll	200704	34bf3a067e0b6b159e0bec308f8f6e70dc203fd85940692bc247b8edfe719792	pe	0x014C	IMAGE_FILE_MACHINE_I386	yes
dlls/glu32/tests/i386-windows/glu32_test-stripped.exe	40960	cbaacec07a5b9572ae356f31af69d9318e924fb1b55f606019d88425a7206ada	pe	0x014C	IMAGE_FILE_MACHINE_I386	no
dlls/glu32/tests/i386-windows/glu32_test.exe	40960	cbaacec07a5b9572ae356f31af69d9318e924fb1b55f606019d88425a7206ada	pe	0x014C	IMAGE_FILE_MACHINE_I386	no
dlls/gpkcsp/i386-windows/gpkcsp.dll	32768	949162c5bc4a2ec0e13be5ab274d4a68a5f2106712a3e9750821674bb581e1f6	pe	0x014C	IMAGE_FILE_MACHINE_I386	yes
dlls/graphicscapture/i386-windows/graphicscapture.dll	98304	43b6e2686275b9d9db29e8cc525b05f93d43a4bd5901b1e5fd6aa262375db2be	pe	0x014C	IMAGE_FILE_MACHINE_I386	yes
dlls/graphicscapture/tests/i386-windows/graphicscapture_test-stripped.exe	98304	db1e51b7d2c37c38adac37d15b44a14acd43e3611c163df89071359369b2edc4	pe	0x014C	IMAGE_FILE_MACHINE_I386	no
dlls/graphicscapture/tests/i386-windows/graphicscapture_test.exe	98304	db1e51b7d2c37c38adac37d15b44a14acd43e3611c163df89071359369b2edc4	pe	0x014C	IMAGE_FILE_MACHINE_I386	no
dlls/hal/i386-windows/hal.dll	61440	178e1469d79bebb3c11c7ca70bdcf1dcf2da172fe4be1dc85c6bb26075e6922b	pe	0x014C	IMAGE_FILE_MACHINE_I386	yes
dlls/hhctrl.ocx/i386-windows/hhctrl.ocx	372736	c7f7e704ad7b9ee1a69b20eb2f10e4e147457ef83f5c8b0feb9e9624d8e79faa	pe	0x014C	IMAGE_FILE_MACHINE_I386	yes
dlls/hid/i386-windows/hid.dll	65536	373e4074aa57c060ed9936dc32e43cb262dd6c41486b8e9b3beacd7ea1e5b81c	pe	0x014C	IMAGE_FILE_MACHINE_I386	yes
dlls/hid/tests/i386-windows/hid_test-stripped.exe	57344	30e31ecee9c11a142084fd223acc0cd1e97b3534377ffd05c7b8ba9eb25d2805	pe	0x014C	IMAGE_FILE_MACHINE_I386	no
dlls/hid/tests/i386-windows/hid_test.exe	57344	30e31ecee9c11a142084fd223acc0cd1e97b3534377ffd05c7b8ba9eb25d2805	pe	0x014C	IMAGE_FILE_MACHINE_I386	no
dlls/hidclass.sys/i386-windows/hidclass.sys	65536	e495b940db126c9f848d994b49d6bdb7fa736c6a8fbf7e6637f15500e9d652f5	pe	0x014C	IMAGE_FILE_MACHINE_I386	yes
dlls/hidparse.sys/i386-windows/hidparse.sys	65536	2a9722aba01fe674058bfab1d3a389b8e2ac3fbce1676bebe5b539dc74dad8c0	pe	0x014C	IMAGE_FILE_MACHINE_I386	yes
dlls/hlink/i386-windows/hlink.dll	262144	34eb9c1edcfa4aa328efc98e733caa0a0af45e5a5c9aed71ba9e501c65298528	pe	0x014C	IMAGE_FILE_MACHINE_I386	yes
dlls/hlink/tests/i386-windows/hlink_test-stripped.exe	184320	ca607aaefc7cf693931753aa3c7226dbb8a63e9f25725d4489d5e6454a915ec9	pe	0x014C	IMAGE_FILE_MACHINE_I386	no
dlls/hlink/tests/i386-windows/hlink_test.exe	184320	ca607aaefc7cf693931753aa3c7226dbb8a63e9f25725d4489d5e6454a915ec9	pe	0x014C	IMAGE_FILE_MACHINE_I386	no
dlls/hnetcfg/i386-windows/hnetcfg.dll	225280	ec701d7244f94058941aa77847f818630a50f434fcdb7921739d94e7682d1505	pe	0x014C	IMAGE_FILE_MACHINE_I386	yes
dlls/hnetcfg/tests/i386-windows/hnetcfg_test-stripped.exe	221184	2dcace408d699ad2e279c63d3a0458fcf60895d6061a6b0f26f04db7686237f1	pe	0x014C	IMAGE_FILE_MACHINE_I386	no
dlls/hnetcfg/tests/i386-windows/hnetcfg_test.exe	221184	2dcace408d699ad2e279c63d3a0458fcf60895d6061a6b0f26f04db7686237f1	pe	0x014C	IMAGE_FILE_MACHINE_I386	no
dlls/hrtfapo/i386-windows/hrtfapo.dll	32768	1c6f65a36a103cfa10f0ca6a2dba0a7d213ed4c6e52a29bcd3423602a0216524	pe	0x014C	IMAGE_FILE_MACHINE_I386	yes
dlls/http.sys/i386-windows/http.sys	57344	328e02efe47b45f730a31d2069dc31c47081f488a2bf1e1d4376e55f71490f62	pe	0x014C	IMAGE_FILE_MACHINE_I386	yes
dlls/httpapi/i386-windows/httpapi.dll	57344	f6b370e628b0d8a3173c0a0ca961e7a6d69c951d9b590d30af07dc83e4001a09	pe	0x014C	IMAGE_FILE_MACHINE_I386	yes
dlls/httpapi/tests/i386-windows/httpapi_test-stripped.exe	155648	543dc200051a2f679cd5235fab4376ac078a7765ebfafee81b83595dfe526225	pe	0x014C	IMAGE_FILE_MACHINE_I386	no
dlls/httpapi/tests/i386-windows/httpapi_test.exe	155648	543dc200051a2f679cd5235fab4376ac078a7765ebfafee81b83595dfe526225	pe	0x014C	IMAGE_FILE_MACHINE_I386	no
dlls/hvsimanagementapi/i386-windows/hvsimanagementapi.dll	57344	1164c3c8460bab503ef3b32bd92a2e1bc5d7c9ba37b1f9db03a771ac34526a38	pe	0x014C	IMAGE_FILE_MACHINE_I386	yes
dlls/hvsimanagementapi/tests/i386-windows/hvsimanagementapi_test-stripped.exe	57344	e268374a815fab53139699fb3245392f2a812099dac30207ff4c7aeda1864465	pe	0x014C	IMAGE_FILE_MACHINE_I386	no
dlls/hvsimanagementapi/tests/i386-windows/hvsimanagementapi_test.exe	57344	e268374a815fab53139699fb3245392f2a812099dac30207ff4c7aeda1864465	pe	0x014C	IMAGE_FILE_MACHINE_I386	no
dlls/ia2comproxy/i386-windows/ia2comproxy.dll	53248	3be2f170b47245f9ac8ab1a25d56e89cd56e26d686e1b236c03a944266b7d8bf	pe	0x014C	IMAGE_FILE_MACHINE_I386	yes
dlls/iccvid/i386-windows/iccvid.dll	57344	f69db4a77e182a00622a8d47e08ba0b9be1cf897e752bf5195c59042446e07d1	pe	0x014C	IMAGE_FILE_MACHINE_I386	yes
dlls/iccvid/tests/i386-windows/iccvid_test-stripped.exe	49152	ac397bb2a7bc81ff90ef78b1e616844f2126efb43f1852839b8b6e1fce441689	pe	0x014C	IMAGE_FILE_MACHINE_I386	no
dlls/iccvid/tests/i386-windows/iccvid_test.exe	49152	ac397bb2a7bc81ff90ef78b1e616844f2126efb43f1852839b8b6e1fce441689	pe	0x014C	IMAGE_FILE_MACHINE_I386	no
dlls/icmp/i386-windows/icmp.dll	8192	245f71274b328d6c1f844a45e68448500b6e88b7f34d9c49382600309996fa40	pe-data	0x014C	IMAGE_FILE_MACHINE_I386	yes
dlls/icmui/i386-windows/icmui.dll	28672	1cd758913fa362f695127571a21425ad28f913ea9596f1878986690412a36430	pe	0x014C	IMAGE_FILE_MACHINE_I386	yes
dlls/icmui/tests/i386-windows/icmui_test-stripped.exe	32768	8f1eeb667fd56ffe44899f0de08414fe5ef9d472694cc92d4012f6f5e9845850	pe	0x014C	IMAGE_FILE_MACHINE_I386	no
dlls/icmui/tests/i386-windows/icmui_test.exe	32768	8f1eeb667fd56ffe44899f0de08414fe5ef9d472694cc92d4012f6f5e9845850	pe	0x014C	IMAGE_FILE_MACHINE_I386	no
dlls/icu/i386-windows/icu.dll	6385664	35c0e29aa6fea2d4459252185f6b2226287ea618988553e5eefd0e13e262ffcf	pe	0x014C	IMAGE_FILE_MACHINE_I386	yes
dlls/icu/tests/i386-windows/icu_test-stripped.exe	32768	7230580b3a3d5526b4abb0d01981e18d18bf4cdded28cb0759a471f11a3038c7	pe	0x014C	IMAGE_FILE_MACHINE_I386	no
dlls/icu/tests/i386-windows/icu_test.exe	32768	7230580b3a3d5526b4abb0d01981e18d18bf4cdded28cb0759a471f11a3038c7	pe	0x014C	IMAGE_FILE_MACHINE_I386	no
dlls/icuin/i386-windows/icuin.dll	28672	2d04fbdf823d0dfff40e3c78ef78aaef9bb1f8941fbed02ef0f441b567491360	pe-data	0x014C	IMAGE_FILE_MACHINE_I386	yes
dlls/icuuc/i386-windows/icuuc.dll	32768	68c3543088bfa2ba14ea1fbcfba24c6523f7edc3cb3e76c6324aa53abcb38672	pe-data	0x014C	IMAGE_FILE_MACHINE_I386	yes
dlls/ieframe/i386-windows/ieframe.dll	675840	38177414c2a97e785dfea60495326fde9be9a1e3c841374140c1e8cd69eb177a	pe	0x014C	IMAGE_FILE_MACHINE_I386	yes
dlls/ieframe/tests/i386-windows/ieframe_test-stripped.exe	376832	d869d5b43efd1a76786d6174d82e88002ef55369091e561b82b83eb6d24b8431	pe	0x014C	IMAGE_FILE_MACHINE_I386	no
dlls/ieframe/tests/i386-windows/ieframe_test.exe	376832	d869d5b43efd1a76786d6174d82e88002ef55369091e561b82b83eb6d24b8431	pe	0x014C	IMAGE_FILE_MACHINE_I386	no
dlls/ieproxy/i386-windows/ieproxy.dll	204800	a34196958ef8a7c6b9df36326aa8791eef489049870c01e917f3feba59a1cc4d	pe	0x014C	IMAGE_FILE_MACHINE_I386	yes
dlls/iertutil/i386-windows/iertutil.dll	163840	3feb626d9b14b2e8009dab1bac38fe487cf34e0860384a3fa6afe1e101e416e6	pe	0x014C	IMAGE_FILE_MACHINE_I386	yes
dlls/iertutil/tests/i386-windows/iertutil_test-stripped.exe	114688	0c7a25acf7843f3c90d2ac2487e02a3f83cfe2b4f5c7a9525121ec33c607de71	pe	0x014C	IMAGE_FILE_MACHINE_I386	no
dlls/iertutil/tests/i386-windows/iertutil_test.exe	114688	0c7a25acf7843f3c90d2ac2487e02a3f83cfe2b4f5c7a9525121ec33c607de71	pe	0x014C	IMAGE_FILE_MACHINE_I386	no
dlls/ifsmgr.vxd/i386-windows/ifsmgr.vxd	28672	679390f53fb3f8d06554965600fd4f1804e63c34871971b772872c4463e98928	pe	0x014C	IMAGE_FILE_MACHINE_I386	yes
dlls/imaadp32.acm/i386-windows/imaadp32.acm	40960	b0e787b19ebba06e167ffdc5e186dff3f8832156e6a64805d0fbf98267b8ba54	pe	0x014C	IMAGE_FILE_MACHINE_I386	yes
dlls/imagehlp/i386-windows/imagehlp.dll	81920	acc8e990e8da4c358469459f6fee83efa7d0ffd8f77b2ac1e982ed4de77c57d8	pe	0x014C	IMAGE_FILE_MACHINE_I386	yes
dlls/imagehlp/tests/i386-windows/imagehlp_test-stripped.exe	126976	aad99af421612e4afc96b3446ac7ebe48903b066399f75c199f573d00f2392b6	pe	0x014C	IMAGE_FILE_MACHINE_I386	no
dlls/imagehlp/tests/i386-windows/imagehlp_test.exe	126976	aad99af421612e4afc96b3446ac7ebe48903b066399f75c199f573d00f2392b6	pe	0x014C	IMAGE_FILE_MACHINE_I386	no
dlls/imagehlp/tests/i386-windows/testdll.dll	28672	1bd72e2192470e3d249bb5dad796477faf1aab8db0e53b92a336ccab2f4c3362	pe	0x014C	IMAGE_FILE_MACHINE_I386	no
dlls/imm.dll16/i386-windows/imm.dll16	36864	26f8c42148ea55f225592ece5ff3d4dac519381890647f603a64175020d176fb	pe	0x014C	IMAGE_FILE_MACHINE_I386	yes
dlls/imm32/i386-windows/imm32.dll	167936	b02a5d09e509a8c631eb98fc0133f6697989cd4a35cf3b802a3a85723c5ac7cf	pe	0x014C	IMAGE_FILE_MACHINE_I386	yes
dlls/imm32/tests/i386-windows/ime_wrapper.dll	32768	2470e8a3dda35b3d093c898c30d1dbc3b1bf80cf7ddb07c0f628b78a7832bd55	pe	0x014C	IMAGE_FILE_MACHINE_I386	no
dlls/imm32/tests/i386-windows/imm32_test-stripped.exe	585728	c25af19c6820a7337d88575291d4421a969b4e8eab762934763e4941b3f2951d	pe	0x014C	IMAGE_FILE_MACHINE_I386	no
dlls/imm32/tests/i386-windows/imm32_test.exe	585728	c25af19c6820a7337d88575291d4421a969b4e8eab762934763e4941b3f2951d	pe	0x014C	IMAGE_FILE_MACHINE_I386	no
dlls/inetcomm/i386-windows/inetcomm.dll	413696	c4ee305e4835716837318d28f92f8d93913bf53767cb00db224a672a1e7d4e62	pe	0x014C	IMAGE_FILE_MACHINE_I386	yes
dlls/inetcomm/tests/i386-windows/inetcomm_test-stripped.exe	147456	12602a7d77642c063b7ab775b9dffcd061351a30eb285af0dd118b586ba37d24	pe	0x014C	IMAGE_FILE_MACHINE_I386	no
dlls/inetcomm/tests/i386-windows/inetcomm_test.exe	147456	12602a7d77642c063b7ab775b9dffcd061351a30eb285af0dd118b586ba37d24	pe	0x014C	IMAGE_FILE_MACHINE_I386	no
dlls/inetcpl.cpl/i386-windows/inetcpl.cpl	376832	f223c4017fd9b1b0de61bdf56a6423f58bfaf7ff042cf6c6b5a52060bcb243d2	pe	0x014C	IMAGE_FILE_MACHINE_I386	yes
dlls/inetmib1/i386-windows/inetmib1.dll	49152	7d15bf4938339c91478d76a6cd5dc20ad4e964b2558ab57d78bb34608b8aed61	pe	0x014C	IMAGE_FILE_MACHINE_I386	yes
dlls/inetmib1/tests/i386-windows/inetmib1_test-stripped.exe	45056	3848df726cd2511131698923f455a0563b24e513ba7c99b7b9cffdc530817e82	pe	0x014C	IMAGE_FILE_MACHINE_I386	no
dlls/inetmib1/tests/i386-windows/inetmib1_test.exe	45056	3848df726cd2511131698923f455a0563b24e513ba7c99b7b9cffdc530817e82	pe	0x014C	IMAGE_FILE_MACHINE_I386	no
dlls/infosoft/i386-windows/infosoft.dll	212992	09a9b4f0f519031600a90e9d7a7e03c59bf23bf6f69de4e6862f787e4699f477	pe	0x014C	IMAGE_FILE_MACHINE_I386	yes
dlls/infosoft/tests/i386-windows/infosoft_test-stripped.exe	45056	1fe68e5639ff3b3b5f7144aa86d23538568e93c08f8512b01eb1e86d897bcaf8	pe	0x014C	IMAGE_FILE_MACHINE_I386	no
dlls/infosoft/tests/i386-windows/infosoft_test.exe	45056	1fe68e5639ff3b3b5f7144aa86d23538568e93c08f8512b01eb1e86d897bcaf8	pe	0x014C	IMAGE_FILE_MACHINE_I386	no
dlls/initpki/i386-windows/initpki.dll	28672	a1c1f7c18322408196b97b8fa014609ae4c4242ba9c4d1260d9210502fbb95d5	pe	0x014C	IMAGE_FILE_MACHINE_I386	yes
dlls/inkobj/i386-windows/inkobj.dll	32768	c91a591a3832d885db40d9031c170f769f50cc131e15d528eec2eb66d85c89c0	pe	0x014C	IMAGE_FILE_MACHINE_I386	yes
dlls/inseng/i386-windows/inseng.dll	221184	4969e0a45a702f2eada14f336cb1d66fd8e9bd01f54b97fb32c648eb2146f720	pe	0x014C	IMAGE_FILE_MACHINE_I386	yes
dlls/iphlpapi/i386-windows/iphlpapi.dll	319488	ebd5d80217037b37c4caf63786220bc61338a5f6609854bfae41bba603842698	pe	0x014C	IMAGE_FILE_MACHINE_I386	yes
dlls/iphlpapi/tests/i386-windows/iphlpapi_test-stripped.exe	266240	1a7fa76fa7df8424ab4fbc1e01eab6e2c349ccc74cb9bda2f37bc98b8b88d0aa	pe	0x014C	IMAGE_FILE_MACHINE_I386	no
dlls/iphlpapi/tests/i386-windows/iphlpapi_test.exe	266240	1a7fa76fa7df8424ab4fbc1e01eab6e2c349ccc74cb9bda2f37bc98b8b88d0aa	pe	0x014C	IMAGE_FILE_MACHINE_I386	no
dlls/iprop/i386-windows/iprop.dll	20480	f6607f241b38768295832ce9b594a3e8ace3ddc230f35a3ac1ec7b9a425884f1	pe	0x014C	IMAGE_FILE_MACHINE_I386	yes
dlls/ir50_32/i386-windows/ir50_32.dll	73728	e32ea71d5ba3c4b937dbb74818e39ec3699e4acdb3aa77bccbdf610a66499e37	pe	0x014C	IMAGE_FILE_MACHINE_I386	yes
dlls/ir50_32/tests/i386-windows/ir50_32_test-stripped.exe	81920	8316c865fc3008eed3af3d716f6b744e273f4eac7adedc46a3c503f3de944fa1	pe	0x014C	IMAGE_FILE_MACHINE_I386	no
dlls/ir50_32/tests/i386-windows/ir50_32_test.exe	81920	8316c865fc3008eed3af3d716f6b744e273f4eac7adedc46a3c503f3de944fa1	pe	0x014C	IMAGE_FILE_MACHINE_I386	no
dlls/irprops.cpl/i386-windows/irprops.cpl	40960	48ccfbc74b3e98d649c7d5257e9e2a5276eb7fcf82b2f4c533a252b100d3d12f	pe	0x014C	IMAGE_FILE_MACHINE_I386	yes
dlls/itircl/i386-windows/itircl.dll	28672	1c0c748a996cdc059fce746d4da33f06e45903506bb091d00c11ebb4a6de7712	pe	0x014C	IMAGE_FILE_MACHINE_I386	yes
dlls/itss/i386-windows/itss.dll	270336	65f9870cc0b18ec3b8ba04af56a2c53cd9f1182ce85734fbbae0f00b14475089	pe	0x014C	IMAGE_FILE_MACHINE_I386	yes
dlls/itss/tests/i386-windows/itss_test-stripped.exe	98304	56c71ca73de89c5a029ea34a887ad2856e2ddd674cff61e63777f47140e3811d	pe	0x014C	IMAGE_FILE_MACHINE_I386	no
dlls/itss/tests/i386-windows/itss_test.exe	98304	56c71ca73de89c5a029ea34a887ad2856e2ddd674cff61e63777f47140e3811d	pe	0x014C	IMAGE_FILE_MACHINE_I386	no
dlls/iyuv_32/i386-windows/iyuv_32.dll	1867776	9c863b14f95bc426bc24d5655bf9b0946abcce9d1c4cf9095a1379f6e19dbcf0	pe	0x014C	IMAGE_FILE_MACHINE_I386	yes
dlls/iyuv_32/tests/i386-windows/iyuv_32_test-stripped.exe	143360	fa73fa553349f67252b173458e71865546eae6980e076facd4652910c11c70b8	pe	0x014C	IMAGE_FILE_MACHINE_I386	no
dlls/iyuv_32/tests/i386-windows/iyuv_32_test.exe	143360	fa73fa553349f67252b173458e71865546eae6980e076facd4652910c11c70b8	pe	0x014C	IMAGE_FILE_MACHINE_I386	no
dlls/joy.cpl/i386-windows/joy.cpl	270336	4a4eae0e4b4acfacdae96e72954a01194f2e6e701e3d1785978062241598aad9	pe	0x014C	IMAGE_FILE_MACHINE_I386	yes
dlls/jscript/i386-windows/jscript.dll	892928	9b5486346fc32fedeabaed9b6dade90f4cc30ee0421a54219329a98022d6cf74	pe	0x014C	IMAGE_FILE_MACHINE_I386	yes
dlls/jscript/tests/i386-windows/jscript_test-stripped.exe	925696	3ca4eaa9c89fa130c49b84aa1fe170d5c1c25bf1681c299fbda77c1ed5ad65e6	pe	0x014C	IMAGE_FILE_MACHINE_I386	no
dlls/jscript/tests/i386-windows/jscript_test.exe	925696	3ca4eaa9c89fa130c49b84aa1fe170d5c1c25bf1681c299fbda77c1ed5ad65e6	pe	0x014C	IMAGE_FILE_MACHINE_I386	no
dlls/jsproxy/i386-windows/jsproxy.dll	217088	4a049dbbf1f9099efd875d016734d9b0c71a77e3dcb79db6df7cc27e4831965d	pe	0x014C	IMAGE_FILE_MACHINE_I386	yes
dlls/jsproxy/tests/i386-windows/jsproxy_test-stripped.exe	45056	211f5265f8306eb1457fe0b9b15ac8418e23c6bd5dc57dfa1e840ef9bc699b92	pe	0x014C	IMAGE_FILE_MACHINE_I386	no
dlls/jsproxy/tests/i386-windows/jsproxy_test.exe	45056	211f5265f8306eb1457fe0b9b15ac8418e23c6bd5dc57dfa1e840ef9bc699b92	pe	0x014C	IMAGE_FILE_MACHINE_I386	no
dlls/kerberos/i386-windows/kerberos.dll	53248	7e03e476af4e6cea2fbf794bd67919946b3037f9ff3017ad6cca41dc582c379a	pe	0x014C	IMAGE_FILE_MACHINE_I386	yes
dlls/kernel32/i386-windows/kernel32.dll	581632	ea9f78e1dce69f29f17da32fcafcc68d79f3496d328c99e6c9f6ff72fd390979	pe	0x014C	IMAGE_FILE_MACHINE_I386	yes
dlls/kernel32/tests/i386-windows/dummy.dll	28672	d88d87ff410109a9535af87a5c5b5c17cae796970e3cde8a1cfc234a9180178c	pe	0x014C	IMAGE_FILE_MACHINE_I386	no
dlls/kernel32/tests/i386-windows/kernel32_test-stripped.exe	4308992	9a4af5707f294ab7a4f909d653db1a75532fdbc0bd202b4762c582b8687c926a	pe	0x014C	IMAGE_FILE_MACHINE_I386	no
dlls/kernel32/tests/i386-windows/kernel32_test.exe	4308992	9a4af5707f294ab7a4f909d653db1a75532fdbc0bd202b4762c582b8687c926a	pe	0x014C	IMAGE_FILE_MACHINE_I386	no
dlls/kernelbase/i386-windows/kernelbase.dll	3121152	eaaa234e2f771241de0a7d31f3456046a1f9e1178f623a597423e4dc9867dd9f	pe	0x014C	IMAGE_FILE_MACHINE_I386	yes
dlls/kernelbase/tests/i386-windows/kernelbase_test-stripped.exe	221184	08746d358d0d9a02ede9df62fd25c457575094a53bd5cccc8d380ccd66226752	pe	0x014C	IMAGE_FILE_MACHINE_I386	no
dlls/kernelbase/tests/i386-windows/kernelbase_test.exe	221184	08746d358d0d9a02ede9df62fd25c457575094a53bd5cccc8d380ccd66226752	pe	0x014C	IMAGE_FILE_MACHINE_I386	no
dlls/keyboard.drv16/i386-windows/keyboard.drv16	36864	905d6d406ea9e8ebe474520d521fd555b34f137bb6a604278ef5f852bcfc217f	pe	0x014C	IMAGE_FILE_MACHINE_I386	yes
dlls/krnl386.exe16/i386-windows/krnl386.exe16	520192	e9b929f1972e359087647d399cdbc8115b3c6ebec498c49a01dde839a56dbb32	pe	0x014C	IMAGE_FILE_MACHINE_I386	yes
dlls/ksecdd.sys/i386-windows/ksecdd.sys	53248	9b616ee96241510b70f5ddeb6c5b64324b30401d9ba39f88bfac246c56fe6ffc	pe	0x014C	IMAGE_FILE_MACHINE_I386	yes
dlls/ksproxy.ax/i386-windows/ksproxy.ax	32768	8fddad7c811d59346b5e2519a97feda1bca1ce9fd27fe63812d4f38f335da246	pe	0x014C	IMAGE_FILE_MACHINE_I386	yes
dlls/ksuser/i386-windows/ksuser.dll	32768	9107737cfc85cd49ffa7603911e806eb3c9e80812806d2325e0e9a7777331607	pe	0x014C	IMAGE_FILE_MACHINE_I386	yes
dlls/ktmw32/i386-windows/ktmw32.dll	36864	a6a5bc1a3160efea73294f41c6f26b2cd53127a6e12d7a453d013fb131de69c1	pe	0x014C	IMAGE_FILE_MACHINE_I386	yes
dlls/l3codeca.acm/i386-windows/l3codeca.acm	339968	c16d8682c85e735f4fe980915ef22e1c5a07179c42452c6e7ded6848ddb409d9	pe	0x014C	IMAGE_FILE_MACHINE_I386	yes
dlls/l3codecx.ax/i386-windows/l3codecx.ax	245760	0c3ef7e8ffbec2fd15f36d20ae8d348bfaa33c217f93b26d11db9e928b284ca6	pe	0x014C	IMAGE_FILE_MACHINE_I386	yes
dlls/loadperf/i386-windows/loadperf.dll	36864	f411cdf6d265819d4255a60a0946125561e46f60a3f12c3586445e6923945397	pe	0x014C	IMAGE_FILE_MACHINE_I386	yes
dlls/localspl/i386-windows/localspl.dll	225280	cda46c87f9adcf8d4635a72bd251e79e6ba3c32b73abdfdb99feac90a514d602	pe	0x014C	IMAGE_FILE_MACHINE_I386	yes
dlls/localspl/tests/i386-windows/localspl_test-stripped.exe	77824	7d69a10b888cb7d2118af830b52f4dc01f5afba234fd2a9a56fe38ac4e824e43	pe	0x014C	IMAGE_FILE_MACHINE_I386	no
dlls/localspl/tests/i386-windows/localspl_test.exe	77824	7d69a10b888cb7d2118af830b52f4dc01f5afba234fd2a9a56fe38ac4e824e43	pe	0x014C	IMAGE_FILE_MACHINE_I386	no
dlls/localui/i386-windows/localui.dll	86016	98fc286be8b29cacaa6d730b538c6f1fb7966b6c378b4ce8611fd1a61930ea28	pe	0x014C	IMAGE_FILE_MACHINE_I386	yes
dlls/localui/tests/i386-windows/localui_test-stripped.exe	40960	7c3aadd117ce893af2dc5e08fab108c8ccb0c1a6d59b1009f44075cd20bf8f50	pe	0x014C	IMAGE_FILE_MACHINE_I386	no
dlls/localui/tests/i386-windows/localui_test.exe	40960	7c3aadd117ce893af2dc5e08fab108c8ccb0c1a6d59b1009f44075cd20bf8f50	pe	0x014C	IMAGE_FILE_MACHINE_I386	no
dlls/lz32/i386-windows/lz32.dll	12288	bae00c8fcc920530a7eac9090a31c615057ca567eb3d032433ee9062e36b1a0a	pe-data	0x014C	IMAGE_FILE_MACHINE_I386	yes
dlls/lz32/tests/i386-windows/lz32_test-stripped.exe	73728	9fb5324069768198cf1d723ff136d6113b3943fd0597ffc9a5758775edcf749a	pe	0x014C	IMAGE_FILE_MACHINE_I386	no
dlls/lz32/tests/i386-windows/lz32_test.exe	73728	9fb5324069768198cf1d723ff136d6113b3943fd0597ffc9a5758775edcf749a	pe	0x014C	IMAGE_FILE_MACHINE_I386	no
dlls/lzexpand.dll16/i386-windows/lzexpand.dll16	32768	677dca38e13e0ecc72e73b5d8dc67e561e2d989f5530b14c894ad7f15f1a7c48	pe	0x014C	IMAGE_FILE_MACHINE_I386	yes
dlls/magnification/i386-windows/magnification.dll	36864	5bca07f3a6bb23439b2a77750895bd2c270487b4b14660a04eca648ab93b01dd	pe	0x014C	IMAGE_FILE_MACHINE_I386	yes
dlls/mapi32/i386-windows/mapi32.dll	319488	60b90bfa52145173ab288d465ebe7db40e8d039a45b089e37caaf3c3691a4520	pe	0x014C	IMAGE_FILE_MACHINE_I386	yes
dlls/mapi32/tests/i386-windows/mapi32_test-stripped.exe	110592	2d5197b5829540dccf1764816645cdbcf21935a7ddc19ca405f254e0a9e77a6a	pe	0x014C	IMAGE_FILE_MACHINE_I386	no
dlls/mapi32/tests/i386-windows/mapi32_test.exe	110592	2d5197b5829540dccf1764816645cdbcf21935a7ddc19ca405f254e0a9e77a6a	pe	0x014C	IMAGE_FILE_MACHINE_I386	no
dlls/mapistub/i386-windows/mapistub.dll	57344	407af0eb4df0312651a72c24e97d5851fe61f38a482f322c3662a197dd87d35f	pe	0x014C	IMAGE_FILE_MACHINE_I386	yes
dlls/mciavi32/i386-windows/mciavi32.dll	102400	1a53cfa3a503f0b0eb02c06d5c4e7a0e11e735cb62850e7291ae58adae92de38	pe	0x014C	IMAGE_FILE_MACHINE_I386	yes
dlls/mcicda/i386-windows/mcicda.dll	61440	52ce3a287f9e4d1a4c3fa76b1aefa1d247a240a3d463f6d5bd61a7d062c57301	pe	0x014C	IMAGE_FILE_MACHINE_I386	yes
dlls/mciqtz32/i386-windows/mciqtz32.dll	110592	ac5a0eb3a421dcd8f2b91aed9330e67ac5078d6b0676de2cb8cafed21049aa82	pe	0x014C	IMAGE_FILE_MACHINE_I386	yes
dlls/mciseq/i386-windows/mciseq.dll	61440	a24ea3e1fe1a770c46ef8a9501d50f1c4588069c76552558a0fad12fad41101e	pe	0x014C	IMAGE_FILE_MACHINE_I386	yes
dlls/mciwave/i386-windows/mciwave.dll	65536	83aeae7369c51f13e234aa569d478843bdda2bcabbeb7597980fc7fb6049fffd	pe	0x014C	IMAGE_FILE_MACHINE_I386	yes
dlls/mf/i386-windows/mf.dll	688128	01fcf3ab40628f40f1fb3aa8685203b1f186e211bd61c40bf26fc99dd06c5134	pe	0x014C	IMAGE_FILE_MACHINE_I386	yes
dlls/mf/tests/i386-windows/mf_test-stripped.exe	3379200	55905c38aa3478592047d6dd58946c23285715e7625f07a026ec9c631f3e0a98	pe	0x014C	IMAGE_FILE_MACHINE_I386	no
dlls/mf/tests/i386-windows/mf_test.exe	3379200	55905c38aa3478592047d6dd58946c23285715e7625f07a026ec9c631f3e0a98	pe	0x014C	IMAGE_FILE_MACHINE_I386	no
dlls/mf3216/i386-windows/mf3216.dll	28672	18cd2dd25c0c596c54b01ecfd57689381a8d01a7d28693785c2a0e214f14ba5a	pe	0x014C	IMAGE_FILE_MACHINE_I386	yes
dlls/mfasfsrcsnk/i386-windows/mfasfsrcsnk.dll	303104	42304813925d7f714a6b5518605654694bfb85ce77d6a572118a43a0c30ee68d	pe	0x014C	IMAGE_FILE_MACHINE_I386	yes
dlls/mferror/i386-windows/mferror.dll	229376	5a48dd3c5e8f265ba190ffb9a480fe6b3d6fc6b3a8cf5de01babae9d8741c877	pe-data	0x014C	IMAGE_FILE_MACHINE_I386	yes
dlls/mfh264enc/i386-windows/mfh264enc.dll	253952	6b66e10e140cbc4eeab72ac1d12b829dc422e67d21e5aac71d9676198a159351	pe	0x014C	IMAGE_FILE_MACHINE_I386	yes
dlls/mfmediaengine/i386-windows/mfmediaengine.dll	360448	d65135db5f1d4d71ebb8f71061b487694c9a0c6dfa3ec730a8d532a290c3ff87	pe	0x014C	IMAGE_FILE_MACHINE_I386	yes
dlls/mfmediaengine/tests/i386-windows/mfmediaengine_test-stripped.exe	442368	84c28f4a6a459e2064fa64f9115dfea0e9b65c775b6965859f9718862262830e	pe	0x014C	IMAGE_FILE_MACHINE_I386	no
dlls/mfmediaengine/tests/i386-windows/mfmediaengine_test.exe	442368	84c28f4a6a459e2064fa64f9115dfea0e9b65c775b6965859f9718862262830e	pe	0x014C	IMAGE_FILE_MACHINE_I386	no
dlls/mfmp4srcsnk/i386-windows/mfmp4srcsnk.dll	311296	f6d58b518c9ab511e6a9fa269746f34f797057326e14f2a8c065c72f802fe24e	pe	0x014C	IMAGE_FILE_MACHINE_I386	yes
dlls/mfplat/i386-windows/mfplat.dll	589824	7a86e64dd1c43d8864e986718295f2f17ade356082f2587c3a01fab4cec4ea51	pe	0x014C	IMAGE_FILE_MACHINE_I386	yes
dlls/mfplat/tests/i386-windows/mfplat_test-stripped.exe	1220608	b4fb03c477ea1b99877651f39e32da6e4c6a139fa8e362e514f79eea6aa0e6bf	pe	0x014C	IMAGE_FILE_MACHINE_I386	no
dlls/mfplat/tests/i386-windows/mfplat_test.exe	1220608	b4fb03c477ea1b99877651f39e32da6e4c6a139fa8e362e514f79eea6aa0e6bf	pe	0x014C	IMAGE_FILE_MACHINE_I386	no
dlls/mfplay/i386-windows/mfplay.dll	286720	148644fcf878639a0242b7673671ed5fb4961a877b2281bccd5e35dc3799a6b2	pe	0x014C	IMAGE_FILE_MACHINE_I386	yes
dlls/mfplay/tests/i386-windows/mfplay_test-stripped.exe	307200	d9a0610a54f8b2fe1f5aef2a42a04a4cbfc7eaaa85c113f9269d783598a90b8c	pe	0x014C	IMAGE_FILE_MACHINE_I386	no
dlls/mfplay/tests/i386-windows/mfplay_test.exe	307200	d9a0610a54f8b2fe1f5aef2a42a04a4cbfc7eaaa85c113f9269d783598a90b8c	pe	0x014C	IMAGE_FILE_MACHINE_I386	no
dlls/mfreadwrite/i386-windows/mfreadwrite.dll	315392	606ce16732af7411ccb61aaf2ac78578d1a2c541b5e02919b274ea1642cad742	pe	0x014C	IMAGE_FILE_MACHINE_I386	yes
dlls/mfreadwrite/tests/i386-windows/mfreadwrite_test-stripped.exe	286720	86b7f0e2ac01bd3ffc7bcc517487eeaef9c5da5c43e79a760a923a795623637d	pe	0x014C	IMAGE_FILE_MACHINE_I386	no
dlls/mfreadwrite/tests/i386-windows/mfreadwrite_test.exe	286720	86b7f0e2ac01bd3ffc7bcc517487eeaef9c5da5c43e79a760a923a795623637d	pe	0x014C	IMAGE_FILE_MACHINE_I386	no
dlls/mfsrcsnk/i386-windows/mfsrcsnk.dll	331776	b31cc491d64aa5fa4a98a11797628d3505ac7a67b99cd2237d6d156974f185f1	pe	0x014C	IMAGE_FILE_MACHINE_I386	yes
dlls/mfsrcsnk/tests/i386-windows/mfsrcsnk_test-stripped.exe	319488	a92f4e2535aa9114270c602ae6f9fe191e4db598b046126f9cf5813df11d2690	pe	0x014C	IMAGE_FILE_MACHINE_I386	no
dlls/mfsrcsnk/tests/i386-windows/mfsrcsnk_test.exe	319488	a92f4e2535aa9114270c602ae6f9fe191e4db598b046126f9cf5813df11d2690	pe	0x014C	IMAGE_FILE_MACHINE_I386	no
dlls/mgmtapi/i386-windows/mgmtapi.dll	32768	a0e87587e6eaa077ea2a32df8fab58ece3891c89eb2b5635b8c42079a363a2dd	pe	0x014C	IMAGE_FILE_MACHINE_I386	yes
dlls/midimap/i386-windows/midimap.dll	36864	0e20e25c7e5ae0f668b99474bbe2101bd4e55ad9d837e1deef6b6f193aaba4c4	pe	0x014C	IMAGE_FILE_MACHINE_I386	yes
dlls/mlang/i386-windows/mlang.dll	319488	bbc20fe204a9012bf6c221bbe6dc89bcda68427d7cd87c57500d6e5e85c9941b	pe	0x014C	IMAGE_FILE_MACHINE_I386	yes
dlls/mlang/tests/i386-windows/mlang_test-stripped.exe	184320	65c81690379cc1919092e2ece94d4ed2a92440675278e143abf37707f1dd764c	pe	0x014C	IMAGE_FILE_MACHINE_I386	no
dlls/mlang/tests/i386-windows/mlang_test.exe	184320	65c81690379cc1919092e2ece94d4ed2a92440675278e143abf37707f1dd764c	pe	0x014C	IMAGE_FILE_MACHINE_I386	no
dlls/mmcndmgr/i386-windows/mmcndmgr.dll	212992	ab571706503bd58f2f4475d3682b065281c5858f8615b00279d94ab1f3122c46	pe	0x014C	IMAGE_FILE_MACHINE_I386	yes
dlls/mmcndmgr/tests/i386-windows/mmcndmgr_test-stripped.exe	32768	d75e9aa17e42e898f144f8fee3865af56008838b893802143375d23f675e167b	pe	0x014C	IMAGE_FILE_MACHINE_I386	no
dlls/mmcndmgr/tests/i386-windows/mmcndmgr_test.exe	32768	d75e9aa17e42e898f144f8fee3865af56008838b893802143375d23f675e167b	pe	0x014C	IMAGE_FILE_MACHINE_I386	no
dlls/mmdevapi/i386-windows/mmdevapi.dll	258048	c002b0d83529e88ac5bb7244d3524b1c038d029f87d9b78c4a187b5365f8eff7	pe	0x014C	IMAGE_FILE_MACHINE_I386	yes
dlls/mmdevapi/tests/i386-windows/mmdevapi_test-stripped.exe	401408	9132493994b874d147203057ce76091168143cf2e9054fb12ad0a82de9fdec06	pe	0x014C	IMAGE_FILE_MACHINE_I386	no
dlls/mmdevapi/tests/i386-windows/mmdevapi_test.exe	401408	9132493994b874d147203057ce76091168143cf2e9054fb12ad0a82de9fdec06	pe	0x014C	IMAGE_FILE_MACHINE_I386	no
dlls/mmdevldr.vxd/i386-windows/mmdevldr.vxd	28672	f51ebe61f65b75052efeaf2cc2a7ed7eb174a4f85d5fa9327b71d819317fa107	pe	0x014C	IMAGE_FILE_MACHINE_I386	yes
dlls/mmsystem.dll16/i386-windows/mmsystem.dll16	131072	9ddbc2989a44c74ad687f7d94714f756f9fa787b6ba3319c328932c236470a65	pe	0x014C	IMAGE_FILE_MACHINE_I386	yes
dlls/monodebg.vxd/i386-windows/monodebg.vxd	28672	33dc2246644da4ce4784a92b3fd52b7c8a930bbfc4cd412fb286b074d761a892	pe	0x014C	IMAGE_FILE_MACHINE_I386	yes
dlls/mouhid.sys/i386-windows/mouhid.sys	36864	2eda0cd83a6d7cbec2b1c8e788966a178dc9cb9394a24c3600fc0861fc41afad	pe	0x014C	IMAGE_FILE_MACHINE_I386	yes
dlls/mountmgr.sys/i386-windows/mountmgr.sys	69632	375628925ab558306cee7528ebbccbc48a96aa4e3e8eb01108e06e20aa142b83	pe	0x014C	IMAGE_FILE_MACHINE_I386	yes
dlls/mouse.drv16/i386-windows/mouse.drv16	28672	684384b81688e96f696657dcbce433d512e963407e663b478e444cdc1b683e96	pe	0x014C	IMAGE_FILE_MACHINE_I386	yes
dlls/mp3dmod/i386-windows/mp3dmod.dll	577536	d7f406c874afe762962874b8f144916e523a0d8fa085e1e7c34fc6d67af062a4	pe	0x014C	IMAGE_FILE_MACHINE_I386	yes
dlls/mp3dmod/tests/i386-windows/mp3dmod_test-stripped.exe	290816	b435d75b035cc391e9bf08275b6bbc35ec1bfd61eeeada9c9d98a0525e1db24f	pe	0x014C	IMAGE_FILE_MACHINE_I386	no
dlls/mp3dmod/tests/i386-windows/mp3dmod_test.exe	290816	b435d75b035cc391e9bf08275b6bbc35ec1bfd61eeeada9c9d98a0525e1db24f	pe	0x014C	IMAGE_FILE_MACHINE_I386	no
dlls/mpr/i386-windows/mpr.dll	135168	c810cce017c76006570ca794ca4834bb2f169a8a9b13ecc21df7aeb8ce8dd998	pe	0x014C	IMAGE_FILE_MACHINE_I386	yes
dlls/mpr/tests/i386-windows/mpr_test-stripped.exe	57344	a96e41cf11d488fa8a97034c8fb59c19c5b9be592394e37b2e34b81784ce3b3b	pe	0x014C	IMAGE_FILE_MACHINE_I386	no
dlls/mpr/tests/i386-windows/mpr_test.exe	57344	a96e41cf11d488fa8a97034c8fb59c19c5b9be592394e37b2e34b81784ce3b3b	pe	0x014C	IMAGE_FILE_MACHINE_I386	no
dlls/mprapi/i386-windows/mprapi.dll	73728	78ec7259169d9f8eb9c308c8593d2b65eac58eacad2c5cdb92b6010d4f2e0b72	pe	0x014C	IMAGE_FILE_MACHINE_I386	yes
dlls/msacm.dll16/i386-windows/msacm.dll16	40960	a0706fdcd2e366ddc965cff4edf30cb0efbee178330d4fb27b52efd687297fd3	pe	0x014C	IMAGE_FILE_MACHINE_I386	yes
dlls/msacm32.drv/i386-windows/msacm32.drv	53248	2801bc650baa158f66b9b178f3d4e6714646c1a6f252d54113f7890c6c65a474	pe	0x014C	IMAGE_FILE_MACHINE_I386	yes
dlls/msacm32/i386-windows/msacm32.dll	143360	7c44d5977157c4abef59652e21f9d986e9c53d5e3fd7dad438acdd9845b45e71	pe	0x014C	IMAGE_FILE_MACHINE_I386	yes
dlls/msacm32/tests/i386-windows/msacm32_test-stripped.exe	90112	7f4a58a2cf60740facd46a17065bae5d452635fa1e71c504410d6122584e2308	pe	0x014C	IMAGE_FILE_MACHINE_I386	no
dlls/msacm32/tests/i386-windows/msacm32_test.exe	90112	7f4a58a2cf60740facd46a17065bae5d452635fa1e71c504410d6122584e2308	pe	0x014C	IMAGE_FILE_MACHINE_I386	no
dlls/msado15/i386-windows/msado15.dll	311296	cbbac2267e39253aaf3706e691f35caf9fb17980b1be0e7b307d9a6bf4fca374	pe	0x014C	IMAGE_FILE_MACHINE_I386	yes
dlls/msado15/tests/i386-windows/msado15_test-stripped.exe	278528	0689a0b3cfc5301ee5f6a0e53f28db28311d5c033951052394eef2c42006ab27	pe	0x014C	IMAGE_FILE_MACHINE_I386	no
dlls/msado15/tests/i386-windows/msado15_test.exe	278528	0689a0b3cfc5301ee5f6a0e53f28db28311d5c033951052394eef2c42006ab27	pe	0x014C	IMAGE_FILE_MACHINE_I386	no
dlls/msadp32.acm/i386-windows/msadp32.acm	40960	751e09738e2e9f6160c113cc6d82a60d3b9057e95f8a3301759aa0f38161db6c	pe	0x014C	IMAGE_FILE_MACHINE_I386	yes
dlls/msasn1/i386-windows/msasn1.dll	122880	67af6d22f2c4c59f766e40b662bcf68b55a3db4720c4e3b4640813a5f915586c	pe	0x014C	IMAGE_FILE_MACHINE_I386	yes
dlls/msasn1/tests/i386-windows/msasn1_test-stripped.exe	65536	5af11f9453c6819778e227375d8b72efd9e4de0d14dcea34a44801b7023bf335	pe	0x014C	IMAGE_FILE_MACHINE_I386	no
dlls/msasn1/tests/i386-windows/msasn1_test.exe	65536	5af11f9453c6819778e227375d8b72efd9e4de0d14dcea34a44801b7023bf335	pe	0x014C	IMAGE_FILE_MACHINE_I386	no
dlls/msauddecmft/i386-windows/msauddecmft.dll	253952	83e00d74d31d7c213da57fad273a70db9e66cff0d4608839cf5bcfb55e5d6594	pe	0x014C	IMAGE_FILE_MACHINE_I386	yes
dlls/mscat32/i386-windows/mscat32.dll	28672	1a228cf89cdebc5c2f080ac49e5078f3775be1d91188fddeb1cc88e65c105638	pe	0x014C	IMAGE_FILE_MACHINE_I386	yes
dlls/mscms/i386-windows/mscms.dll	442368	20f70a52f7eb20f2f0e88492f25677fa7ba7ba905059a22a734d38952979e3ed	pe	0x014C	IMAGE_FILE_MACHINE_I386	yes
dlls/mscms/tests/i386-windows/mscms_test-stripped.exe	90112	fa540574877d86b5af13e35352807b08f0057b09c51a6343bb1d4e0d26eba4a2	pe	0x014C	IMAGE_FILE_MACHINE_I386	no
dlls/mscms/tests/i386-windows/mscms_test.exe	90112	fa540574877d86b5af13e35352807b08f0057b09c51a6343bb1d4e0d26eba4a2	pe	0x014C	IMAGE_FILE_MACHINE_I386	no
dlls/mscoree/i386-windows/mscoree.dll	385024	b6fe717f11b5ec0358c91d8e25fe498f112689e1e2547eb4403a93d4d7b61c70	pe	0x014C	IMAGE_FILE_MACHINE_I386	yes
dlls/mscoree/tests/i386-windows/mscoree_test-stripped.exe	303104	0502a80c56721658e2344fbec642b996b9bc3d92842eda88b69a210f32a508ab	pe	0x014C	IMAGE_FILE_MACHINE_I386	no
dlls/mscoree/tests/i386-windows/mscoree_test.exe	303104	0502a80c56721658e2344fbec642b996b9bc3d92842eda88b69a210f32a508ab	pe	0x014C	IMAGE_FILE_MACHINE_I386	no
dlls/mscorwks/i386-windows/mscorwks.dll	57344	dbd017a22a3e0cf15dcd2a24759f377b1c4164fdf4299c9ac655e2336d171f6f	pe	0x014C	IMAGE_FILE_MACHINE_I386	yes
dlls/msctf/i386-windows/msctf.dll	348160	0c9f39c5fce147707ac671cee3403e050f036d70ee78b2276dd8b4b76f7b0339	pe	0x014C	IMAGE_FILE_MACHINE_I386	yes
dlls/msctf/tests/i386-windows/msctf_test-stripped.exe	184320	692d408bbd8a400c40b3a9f1ac25e7bc6fe6821baa040529212859501f83a41c	pe	0x014C	IMAGE_FILE_MACHINE_I386	no
dlls/msctf/tests/i386-windows/msctf_test.exe	184320	692d408bbd8a400c40b3a9f1ac25e7bc6fe6821baa040529212859501f83a41c	pe	0x014C	IMAGE_FILE_MACHINE_I386	no
dlls/msctfmonitor/i386-windows/msctfmonitor.dll	32768	12bea92c9b7181c9c095a30bf7e8e8e95ea8e29b693b4d7764551b7bdfb1bc64	pe	0x014C	IMAGE_FILE_MACHINE_I386	yes
dlls/msctfp/i386-windows/msctfp.dll	86016	a1aff470d788056b1f2927b130439825f11dafc0b772bd3c5e278b36f8571b06	pe	0x014C	IMAGE_FILE_MACHINE_I386	yes
dlls/msdaps/i386-windows/msdaps.dll	245760	8cc54c643cbd46ae06711dbaabc91b1596bcd536829c9ed6a71ba72bdaf89b66	pe	0x014C	IMAGE_FILE_MACHINE_I386	yes
dlls/msdasql/i386-windows/msdasql.dll	278528	abe48e3e3ebc5483a5d08b1c8d5774bbdb21d210397bd31678031e58df7a7405	pe	0x014C	IMAGE_FILE_MACHINE_I386	yes
dlls/msdasql/tests/i386-windows/msdasql_test-stripped.exe	266240	68f4281c699e9475feb4f466891376e961b8b787ae808df9b24e0b96296d698e	pe	0x014C	IMAGE_FILE_MACHINE_I386	no
dlls/msdasql/tests/i386-windows/msdasql_test.exe	266240	68f4281c699e9475feb4f466891376e961b8b787ae808df9b24e0b96296d698e	pe	0x014C	IMAGE_FILE_MACHINE_I386	no
dlls/msdelta/i386-windows/msdelta.dll	28672	623ab088ee87a77371b011b9b08bb414d599beea33d755fcf40e5c2e405962fb	pe	0x014C	IMAGE_FILE_MACHINE_I386	yes
dlls/msdmo/i386-windows/msdmo.dll	225280	2d42c48f2d59e8ee1b70a5cfb4239c90c61724b0d31c104f2d8395bec5b0a663	pe	0x014C	IMAGE_FILE_MACHINE_I386	yes
dlls/msdmo/tests/i386-windows/msdmo_test-stripped.exe	221184	5ad3ee83585e82cca6a62cafdc736569a43652aaab1550b8b7fb8829742a0448	pe	0x014C	IMAGE_FILE_MACHINE_I386	no
dlls/msdmo/tests/i386-windows/msdmo_test.exe	221184	5ad3ee83585e82cca6a62cafdc736569a43652aaab1550b8b7fb8829742a0448	pe	0x014C	IMAGE_FILE_MACHINE_I386	no
dlls/msdrm/i386-windows/msdrm.dll	61440	6ea98de43d69ad74c4219bdba71a6e36616aeefd99e530a16eac9a742a81b886	pe	0x014C	IMAGE_FILE_MACHINE_I386	yes
dlls/msftedit/i386-windows/msftedit.dll	200704	08528a3c8d4eb9df9173190cc72f185097e3cbe3764bde7f0c9178a271a6778c	pe	0x014C	IMAGE_FILE_MACHINE_I386	yes
dlls/msftedit/tests/i386-windows/msftedit_test-stripped.exe	65536	555a6ddf4f1cad2c20fdbf2e24dfa9ed027dc89d3c1384ff4a62839b0a20cadd	pe	0x014C	IMAGE_FILE_MACHINE_I386	no
dlls/msftedit/tests/i386-windows/msftedit_test.exe	65536	555a6ddf4f1cad2c20fdbf2e24dfa9ed027dc89d3c1384ff4a62839b0a20cadd	pe	0x014C	IMAGE_FILE_MACHINE_I386	no
dlls/msg711.acm/i386-windows/msg711.acm	45056	1aea669773d155749b38e5f89916af426a10e4e2d9a979a22bd72417d54c2dfd	pe	0x014C	IMAGE_FILE_MACHINE_I386	yes
dlls/msgsm32.acm/i386-windows/msgsm32.acm	81920	239d9893403ae046d75a9e40097252512284e223637739d463bd3805f9d6e0eb	pe	0x014C	IMAGE_FILE_MACHINE_I386	yes
dlls/mshtml.tlb/i386-windows/mshtml.tlb	1241088	93fde141f1744fc771e51cbd1410d3d405ca9e7df0ee9de3f450101a9270a3a6	pe-data	0x014C	IMAGE_FILE_MACHINE_I386	yes
dlls/mshtml/i386-windows/mshtml.dll	2641920	e7e615c1078d3e591c5c8a7564ec619e7eaba258e486077d04fd56e6ced4205f	pe	0x014C	IMAGE_FILE_MACHINE_I386	yes
dlls/mshtml/tests/i386-windows/mshtml_test-stripped.exe	2772992	67fedb1fc685680557782e905fe47858f35c57d68a871abb7fed3df63a3aa59e	pe	0x014C	IMAGE_FILE_MACHINE_I386	no
dlls/mshtml/tests/i386-windows/mshtml_test.exe	2772992	67fedb1fc685680557782e905fe47858f35c57d68a871abb7fed3df63a3aa59e	pe	0x014C	IMAGE_FILE_MACHINE_I386	no
dlls/msi/i386-windows/msi.dll	1519616	70013e816f0785d7482565349e19f8f240b332034d13cc237a06b3110ba1187c	pe	0x014C	IMAGE_FILE_MACHINE_I386	yes
dlls/msi/tests/i386-windows/custom.dll	278528	5c1a3adde137329dbff132fc7decfeffcdd7a9b1b4cb2bf5ee2bcf6565912e29	pe	0x014C	IMAGE_FILE_MACHINE_I386	no
dlls/msi/tests/i386-windows/msi_test-stripped.exe	3321856	6d71e0338180a634fd34ec9da27b72ed532b6007aa7de89777a405a19c68bc7b	pe	0x014C	IMAGE_FILE_MACHINE_I386	no
dlls/msi/tests/i386-windows/msi_test.exe	3321856	6d71e0338180a634fd34ec9da27b72ed532b6007aa7de89777a405a19c68bc7b	pe	0x014C	IMAGE_FILE_MACHINE_I386	no
dlls/msi/tests/i386-windows/selfreg.dll	28672	e18d6fadf36d4343332a583bdab8b8cedad4a61ad47dc4c96a073d4172fbb621	pe	0x014C	IMAGE_FILE_MACHINE_I386	no
dlls/msident/i386-windows/msident.dll	57344	5395429a672f23dd9ddac401cf9996d8184fcb50e48fc38e264cae03305b20b4	pe	0x014C	IMAGE_FILE_MACHINE_I386	yes
dlls/msimg32/i386-windows/msimg32.dll	28672	79f50d46dc109fad08f50700cd31fa586ffb166a62aeedfd879ed2cf28462216	pe	0x014C	IMAGE_FILE_MACHINE_I386	yes
dlls/msimsg/i386-windows/msimsg.dll	8192	5f20326d06b37baaea2b0f54d72009e2d923bd3b70918f97d516492d456382af	pe-data	0x014C	IMAGE_FILE_MACHINE_I386	yes
dlls/msimtf/i386-windows/msimtf.dll	229376	8922b561a59be3c688cc0ff5cca7ef3ea006d524002b251039e65d0b5beab6be	pe	0x014C	IMAGE_FILE_MACHINE_I386	yes
dlls/msisip/i386-windows/msisip.dll	36864	61555d52bec145d5b214e9751b1eec339a8a34a8901f6247d4673471bd4fe820	pe	0x014C	IMAGE_FILE_MACHINE_I386	yes
dlls/msisys.ocx/i386-windows/msisys.ocx	32768	4fb101913d5b48884b8a245b3e459d74fea98082ee81d0ac44eecccea397dc0c	pe	0x014C	IMAGE_FILE_MACHINE_I386	yes
dlls/msls31/i386-windows/msls31.dll	49152	512026d800012e35eec507efa14b67b759fe436086bda4d4e3a071af4f19f8dd	pe	0x014C	IMAGE_FILE_MACHINE_I386	yes
dlls/msmpeg2vdec/i386-windows/msmpeg2vdec.dll	253952	54ddbc867245be0b85824398faf2598c927857cedfae6aaffe00a720a1a44d2c	pe	0x014C	IMAGE_FILE_MACHINE_I386	yes
dlls/msnet32/i386-windows/msnet32.dll	49152	c6549cc33c7eb62c96d7dad61b360a6839a7af9313cbb41ec5c33203b90a7aa3	pe	0x014C	IMAGE_FILE_MACHINE_I386	yes
dlls/mspatcha/i386-windows/mspatcha.dll	65536	6954bb2d0ecbbf6d0f2179350d32d553987322a8cd0b4d1097c3b109346adc3d	pe	0x014C	IMAGE_FILE_MACHINE_I386	yes
dlls/mspatcha/tests/i386-windows/mspatcha_test-stripped.exe	69632	c2073db614e25f22c487437c15f4acf65eb08ffa7401e81b404837de2b5fa65e	pe	0x014C	IMAGE_FILE_MACHINE_I386	no
dlls/mspatcha/tests/i386-windows/mspatcha_test.exe	69632	c2073db614e25f22c487437c15f4acf65eb08ffa7401e81b404837de2b5fa65e	pe	0x014C	IMAGE_FILE_MACHINE_I386	no
dlls/msports/i386-windows/msports.dll	32768	d25be2029d35c2843b02a2410528e5074d617a33a4967d42a368dd5d6018279a	pe	0x014C	IMAGE_FILE_MACHINE_I386	yes
dlls/msrle32/i386-windows/msrle32.dll	65536	4b74a6f41b99861406831345d3eaa9d458321da9d37fa15a0dddd015ea25626b	pe	0x014C	IMAGE_FILE_MACHINE_I386	yes
dlls/msrle32/tests/i386-windows/msrle32_test-stripped.exe	45056	3b53b9005d3f678135f35b3179f4d9828b8e3d9e0d6d2d8add48fc4621fffdbf	pe	0x014C	IMAGE_FILE_MACHINE_I386	no
dlls/msrle32/tests/i386-windows/msrle32_test.exe	45056	3b53b9005d3f678135f35b3179f4d9828b8e3d9e0d6d2d8add48fc4621fffdbf	pe	0x014C	IMAGE_FILE_MACHINE_I386	no
dlls/msscript.ocx/i386-windows/msscript.ocx	159744	a65c557d6c10ffb7fba1e07f16ad4c7acc3730369fa9d1cc87b10a2e5d3e13b5	pe	0x014C	IMAGE_FILE_MACHINE_I386	yes
dlls/msscript.ocx/tests/i386-windows/msscript.ocx_test-stripped.exe	278528	cf5b26cde062bd432cbc91f825a3b0361f441c1eb089d12719fefb1358997ed1	pe	0x014C	IMAGE_FILE_MACHINE_I386	no
dlls/msscript.ocx/tests/i386-windows/msscript.ocx_test.exe	278528	cf5b26cde062bd432cbc91f825a3b0361f441c1eb089d12719fefb1358997ed1	pe	0x014C	IMAGE_FILE_MACHINE_I386	no
dlls/mssign32/i386-windows/mssign32.dll	40960	43e715d745d4d63e88e02563dd145a55268575fe58b8fe831e70925d099d9f93	pe	0x014C	IMAGE_FILE_MACHINE_I386	yes
dlls/mssip32/i386-windows/mssip32.dll	28672	4f3cd68ad5cdb8ed044223ece8d4a4f95e0bdab318a86e8b0dbda29ac4048c70	pe	0x014C	IMAGE_FILE_MACHINE_I386	yes
dlls/mstask/i386-windows/mstask.dll	110592	9eb7a2c98e99df0c50c0c8d359c68fba5c03269f3832698c7a93d247e0c89940	pe	0x014C	IMAGE_FILE_MACHINE_I386	yes
dlls/mstask/tests/i386-windows/mstask_test-stripped.exe	135168	f9771b0991d2d4e01079cb2ef70256b5d30ed69e139baf6729cfeeff23dccb14	pe	0x014C	IMAGE_FILE_MACHINE_I386	no
dlls/mstask/tests/i386-windows/mstask_test.exe	135168	f9771b0991d2d4e01079cb2ef70256b5d30ed69e139baf6729cfeeff23dccb14	pe	0x014C	IMAGE_FILE_MACHINE_I386	no
dlls/msttsengine/i386-windows/msttsengine.dll	61440	0c66fbd19a20dbe57a8a69d6ad3b580c6ed7e790cb99960bd13a8a96d32ac247	pe	0x014C	IMAGE_FILE_MACHINE_I386	yes
dlls/msv1_0/i386-windows/msv1_0.dll	77824	902cd6bd2ef57421b317e39f070cb823834cbceee13782bc9bd45a79eb1e1148	pe	0x014C	IMAGE_FILE_MACHINE_I386	yes
dlls/msvcirt/i386-windows/msvcirt.dll	225280	4c753dc9760505421207518bed5c3aca3fcb76e5511f4e8314c669f4751c091c	pe	0x014C	IMAGE_FILE_MACHINE_I386	yes
dlls/msvcirt/tests/i386-windows/msvcirt_test-stripped.exe	806912	00fb01f9eca422dce2ad459b8193764eeaed42062e12ea5a274ee4684d0ff29b	pe	0x014C	IMAGE_FILE_MACHINE_I386	no
dlls/msvcirt/tests/i386-windows/msvcirt_test.exe	806912	00fb01f9eca422dce2ad459b8193764eeaed42062e12ea5a274ee4684d0ff29b	pe	0x014C	IMAGE_FILE_MACHINE_I386	no
dlls/msvcm80/i386-windows/msvcm80.dll	86016	9f0f36dabe905a3d934b26dcf023c66ede6d54eb7303189100be1b8716e870d1	pe	0x014C	IMAGE_FILE_MACHINE_I386	yes
dlls/msvcm90/i386-windows/msvcm90.dll	65536	dd12ece754753717842e12a0839a100eeb98562901668ccdf7b183178ee22197	pe	0x014C	IMAGE_FILE_MACHINE_I386	yes
dlls/msvcp100/i386-windows/msvcp100.dll	1122304	1cafdee0e12e8253bfc308c71e5c5c06c9bda07b6558758260a6f076532154f0	pe	0x014C	IMAGE_FILE_MACHINE_I386	yes
dlls/msvcp100/tests/i386-windows/msvcp100_test-stripped.exe	57344	62737306a4e7a1ec5c8365521f04dd458277223c38beeb589a6cec0945c09ac2	pe	0x014C	IMAGE_FILE_MACHINE_I386	no
dlls/msvcp100/tests/i386-windows/msvcp100_test.exe	57344	62737306a4e7a1ec5c8365521f04dd458277223c38beeb589a6cec0945c09ac2	pe	0x014C	IMAGE_FILE_MACHINE_I386	no
dlls/msvcp110/i386-windows/msvcp110.dll	1155072	46a6440c0be29c07cac13eebbf428e9ef754660bf88dcaa6cf0d76ee633ede54	pe	0x014C	IMAGE_FILE_MACHINE_I386	yes
dlls/msvcp110/tests/i386-windows/msvcp110_test-stripped.exe	53248	8ee4b585aa5b4685bcd665c50959658ce99f5197f878f7ec72730d098cd8d3d6	pe	0x014C	IMAGE_FILE_MACHINE_I386	no
dlls/msvcp110/tests/i386-windows/msvcp110_test.exe	53248	8ee4b585aa5b4685bcd665c50959658ce99f5197f878f7ec72730d098cd8d3d6	pe	0x014C	IMAGE_FILE_MACHINE_I386	no
dlls/msvcp120/i386-windows/msvcp120.dll	1155072	6cce07e83938627025ebc8428bdac3a24a70aa08de940390926f5850f6b196b4	pe	0x014C	IMAGE_FILE_MACHINE_I386	yes
dlls/msvcp120/tests/i386-windows/msvcp120_test-stripped.exe	253952	16d28a7968539fe315827f821ee43e65562b82d09125c275c7e836aa336f387b	pe	0x014C	IMAGE_FILE_MACHINE_I386	no
dlls/msvcp120/tests/i386-windows/msvcp120_test.exe	253952	16d28a7968539fe315827f821ee43e65562b82d09125c275c7e836aa336f387b	pe	0x014C	IMAGE_FILE_MACHINE_I386	no
dlls/msvcp120_app/i386-windows/msvcp120_app.dll	311296	278e85ab17abb1d42e4d5e5939cae57184d4492cc77efd159ac547eb7546d141	pe	0x014C	IMAGE_FILE_MACHINE_I386	yes
dlls/msvcp140/i386-windows/msvcp140.dll	1171456	67f7387e201a1c28486f054711735888326642fb5915fe75d2f3fef62d488122	pe	0x014C	IMAGE_FILE_MACHINE_I386	yes
dlls/msvcp140/tests/i386-windows/msvcp140_test-stripped.exe	249856	b1c67d73a0662653e8d46e47f64c660a61c85c47f920504af440c80703f6df7c	pe	0x014C	IMAGE_FILE_MACHINE_I386	no
dlls/msvcp140/tests/i386-windows/msvcp140_test.exe	249856	b1c67d73a0662653e8d46e47f64c660a61c85c47f920504af440c80703f6df7c	pe	0x014C	IMAGE_FILE_MACHINE_I386	no
dlls/msvcp140/tests/i386-windows/threaddll.dll	28672	726e9b23df0cd4bc086e8850f4a5a770c43543a69e7e3f2296927f617f4139e7	pe	0x014C	IMAGE_FILE_MACHINE_I386	no
dlls/msvcp140_1/i386-windows/msvcp140_1.dll	36864	e447f8d9730bc4c0164202f7c026bee9f236592c6cf731b7a21729457a7dd0d0	pe	0x014C	IMAGE_FILE_MACHINE_I386	yes
dlls/msvcp140_1/tests/i386-windows/msvcp140_1_test-stripped.exe	45056	8ddf61a4a8e475e90c3032dd6aa0e6cd76051f02c275cb318633d8a76803a28c	pe	0x014C	IMAGE_FILE_MACHINE_I386	no
dlls/msvcp140_1/tests/i386-windows/msvcp140_1_test.exe	45056	8ddf61a4a8e475e90c3032dd6aa0e6cd76051f02c275cb318633d8a76803a28c	pe	0x014C	IMAGE_FILE_MACHINE_I386	no
dlls/msvcp140_2/i386-windows/msvcp140_2.dll	36864	3c8fbfdd0267e998055a1ffe2c71184c4a9e231b0d4466675463760668cdc8fd	pe	0x014C	IMAGE_FILE_MACHINE_I386	yes
dlls/msvcp140_2/tests/i386-windows/msvcp140_2_test-stripped.exe	32768	ca702cfa605141de22fae2ccad2b4478c86bb7e793ca23f0dc596a345d0eb565	pe	0x014C	IMAGE_FILE_MACHINE_I386	no
dlls/msvcp140_2/tests/i386-windows/msvcp140_2_test.exe	32768	ca702cfa605141de22fae2ccad2b4478c86bb7e793ca23f0dc596a345d0eb565	pe	0x014C	IMAGE_FILE_MACHINE_I386	no
dlls/msvcp140_atomic_wait/i386-windows/msvcp140_atomic_wait.dll	45056	7933df1cfbf977ed03f23a82ccae230b4dfc3bf665a00fe59c6aec3d9b29da49	pe	0x014C	IMAGE_FILE_MACHINE_I386	yes
dlls/msvcp140_atomic_wait/tests/i386-windows/msvcp140_atomic_wait_test-stripped.exe	61440	36dc76ec7f3307800513339fff42ebf5571ee89ddeb9ecb3d1169a63d4d27a49	pe	0x014C	IMAGE_FILE_MACHINE_I386	no
dlls/msvcp140_atomic_wait/tests/i386-windows/msvcp140_atomic_wait_test.exe	61440	36dc76ec7f3307800513339fff42ebf5571ee89ddeb9ecb3d1169a63d4d27a49	pe	0x014C	IMAGE_FILE_MACHINE_I386	no
dlls/msvcp140_codecvt_ids/i386-windows/msvcp140_codecvt_ids.dll	20480	7e70bb24422529b28fc42e10e56d81b076abb5ea8e16492283c0733a32cea11a	pe	0x014C	IMAGE_FILE_MACHINE_I386	yes
dlls/msvcp60/i386-windows/msvcp60.dll	1208320	1daf77748e8a8214a024dd9839c6afe8fc612b62cbd34b8ab7dc5169a005b805	pe	0x014C	IMAGE_FILE_MACHINE_I386	yes
dlls/msvcp60/tests/i386-windows/msvcp60_test-stripped.exe	143360	8eb54d87ed38b9b08149f4d524c8e2ec393845d087ecb2ff8917dc17f2c09fe2	pe	0x014C	IMAGE_FILE_MACHINE_I386	no
dlls/msvcp60/tests/i386-windows/msvcp60_test.exe	143360	8eb54d87ed38b9b08149f4d524c8e2ec393845d087ecb2ff8917dc17f2c09fe2	pe	0x014C	IMAGE_FILE_MACHINE_I386	no
dlls/msvcp70/i386-windows/msvcp70.dll	1413120	540897eb09f21f7a5faf8d65e2fbfa54bba75f6d9cdd331b1f518fc88b4e97ec	pe	0x014C	IMAGE_FILE_MACHINE_I386	yes
dlls/msvcp71/i386-windows/msvcp71.dll	1384448	d7653e8c55ba40bedb9e7d2cb9e2a2179af0ba59a662ce0357ffd2258bb2e218	pe	0x014C	IMAGE_FILE_MACHINE_I386	yes
dlls/msvcp80/i386-windows/msvcp80.dll	1454080	64626f836dbcd3bfb35acbffc9a52a1153c77cc1761e3684c069518f8837836b	pe	0x014C	IMAGE_FILE_MACHINE_I386	yes
dlls/msvcp90/i386-windows/msvcp90.dll	1445888	46faae8f2a80068d10a888c6e48bdb243482a8c6006573ae73fa0f2d29db3417	pe	0x014C	IMAGE_FILE_MACHINE_I386	yes
dlls/msvcp90/tests/i386-windows/msvcp90_test-stripped.exe	237568	c39cf7be67d17686a6374cd465ffecd1dbd7fd83ddc39ea405470df9b79d99a5	pe	0x014C	IMAGE_FILE_MACHINE_I386	no
dlls/msvcp90/tests/i386-windows/msvcp90_test.exe	237568	c39cf7be67d17686a6374cd465ffecd1dbd7fd83ddc39ea405470df9b79d99a5	pe	0x014C	IMAGE_FILE_MACHINE_I386	no
dlls/msvcp_win/i386-windows/msvcp_win.dll	299008	f3267abfeda3c81bbc7d335bc9cfeb343a0ec71dd2231e4c8b29c679a7b79e99	pe	0x014C	IMAGE_FILE_MACHINE_I386	yes
dlls/msvcr100/i386-windows/msvcr100.dll	1007616	e19bf8f5f735f12134db0bb1458f385efef067980690bf335894bc92d14f1e8b	pe	0x014C	IMAGE_FILE_MACHINE_I386	yes
dlls/msvcr100/tests/i386-windows/msvcr100_test-stripped.exe	98304	0394629159249e71d54b5ebcc38d59f3c035538bf5bdf4401ab24e0aaf0575af	pe	0x014C	IMAGE_FILE_MACHINE_I386	no
dlls/msvcr100/tests/i386-windows/msvcr100_test.exe	98304	0394629159249e71d54b5ebcc38d59f3c035538bf5bdf4401ab24e0aaf0575af	pe	0x014C	IMAGE_FILE_MACHINE_I386	no
dlls/msvcr110/i386-windows/msvcr110.dll	1040384	1eaa8e5b9b6b3f965af4e31db7680977952fee22b1ec24ee619ecf4c9e62ecff	pe	0x014C	IMAGE_FILE_MACHINE_I386	yes
dlls/msvcr110/tests/i386-windows/msvcr110_test-stripped.exe	49152	310e8581620b487e7a21e1a936c4cecab628b43ff607f2300cb968be996f3866	pe	0x014C	IMAGE_FILE_MACHINE_I386	no
dlls/msvcr110/tests/i386-windows/msvcr110_test.exe	49152	310e8581620b487e7a21e1a936c4cecab628b43ff607f2300cb968be996f3866	pe	0x014C	IMAGE_FILE_MACHINE_I386	no
dlls/msvcr120/i386-windows/msvcr120.dll	1150976	0ec2b9102804b92612940e5a613201948e57b2a702c3f74d1b072c7ee4eb5c00	pe	0x014C	IMAGE_FILE_MACHINE_I386	yes
dlls/msvcr120/tests/i386-windows/msvcr120_test-stripped.exe	139264	cf49271dabb04c5e120bd9900be001b47a0bd62ab91a965973162bdc5a96f980	pe	0x014C	IMAGE_FILE_MACHINE_I386	no
dlls/msvcr120/tests/i386-windows/msvcr120_test.exe	139264	cf49271dabb04c5e120bd9900be001b47a0bd62ab91a965973162bdc5a96f980	pe	0x014C	IMAGE_FILE_MACHINE_I386	no
dlls/msvcr120_app/i386-windows/msvcr120_app.dll	176128	ad3e0cf9e9787b645a23566284875e369a81dbab7ca415935016e42036fcf2e8	pe	0x014C	IMAGE_FILE_MACHINE_I386	yes
dlls/msvcr70/i386-windows/msvcr70.dll	770048	b1f3b15e0777f3d282b6f34c5bc7a137e06d89e36fca5e26a7a3ce9977dd3c2d	pe	0x014C	IMAGE_FILE_MACHINE_I386	yes
dlls/msvcr70/tests/i386-windows/msvcr70_test-stripped.exe	36864	0c116d2001e978ea420262bb297d01d1f8ca605408bc368b32afd7a6351c0c49	pe	0x014C	IMAGE_FILE_MACHINE_I386	no
dlls/msvcr70/tests/i386-windows/msvcr70_test.exe	36864	0c116d2001e978ea420262bb297d01d1f8ca605408bc368b32afd7a6351c0c49	pe	0x014C	IMAGE_FILE_MACHINE_I386	no
dlls/msvcr71/i386-windows/msvcr71.dll	770048	40055933a3fa91f623e224f234b1fe5b584db76837d169d3f77f19371bb9e88a	pe	0x014C	IMAGE_FILE_MACHINE_I386	yes
dlls/msvcr71/tests/i386-windows/msvcr71_test-stripped.exe	36864	2f18c40d7d23b379ce7572cf2e2452d2425ce14700afdb0906e11645a14632cf	pe	0x014C	IMAGE_FILE_MACHINE_I386	no
dlls/msvcr71/tests/i386-windows/msvcr71_test.exe	36864	2f18c40d7d23b379ce7572cf2e2452d2425ce14700afdb0906e11645a14632cf	pe	0x014C	IMAGE_FILE_MACHINE_I386	no
dlls/msvcr80/i386-windows/msvcr80.dll	892928	9dd5a62a14078bc28fdee30dc6a56fc385484fe7479f82cb25720e44c2261eae	pe	0x014C	IMAGE_FILE_MACHINE_I386	yes
dlls/msvcr80/tests/i386-windows/msvcr80_test-stripped.exe	69632	c575f3a1697d08d36f200505b5a1045690cb4cd87b11ab30fe11773aa1b246b6	pe	0x014C	IMAGE_FILE_MACHINE_I386	no
dlls/msvcr80/tests/i386-windows/msvcr80_test.exe	69632	c575f3a1697d08d36f200505b5a1045690cb4cd87b11ab30fe11773aa1b246b6	pe	0x014C	IMAGE_FILE_MACHINE_I386	no
dlls/msvcr90/i386-windows/msvcr90.dll	884736	c37e4e75268560ef264bf8f6564b71226141c395a2201b903a7a8d89c2498895	pe	0x014C	IMAGE_FILE_MACHINE_I386	yes
dlls/msvcr90/tests/i386-windows/msvcr90_test-stripped.exe	192512	6aa596eabddde827d5ab6dbf7b1b79e2b7fb3cd6e6ac5d4db663531c4115483c	pe	0x014C	IMAGE_FILE_MACHINE_I386	no
dlls/msvcr90/tests/i386-windows/msvcr90_test.exe	192512	6aa596eabddde827d5ab6dbf7b1b79e2b7fb3cd6e6ac5d4db663531c4115483c	pe	0x014C	IMAGE_FILE_MACHINE_I386	no
dlls/msvcrt/i386-windows/msvcrt.dll	839680	4094c3a8340983fc7f1e858d652583d800099cc409db3764db5598902034436e	pe	0x014C	IMAGE_FILE_MACHINE_I386	yes
dlls/msvcrt/tests/i386-windows/msvcrt_test-stripped.exe	1081344	4cfb2e1e785e8a7339c65f354bd0e1f4c165b5b3602ec12c9df9869d77d71c0e	pe	0x014C	IMAGE_FILE_MACHINE_I386	no
dlls/msvcrt/tests/i386-windows/msvcrt_test.exe	1081344	4cfb2e1e785e8a7339c65f354bd0e1f4c165b5b3602ec12c9df9869d77d71c0e	pe	0x014C	IMAGE_FILE_MACHINE_I386	no
dlls/msvcrt20/i386-windows/msvcrt20.dll	86016	6b353673048f55c3faafdddc6afc245829a02016f024c8b742a1316c67b4249b	pe	0x014C	IMAGE_FILE_MACHINE_I386	yes
dlls/msvcrt40/i386-windows/msvcrt40.dll	90112	1825cc7a172263607df5402748f2eaedc5b694ac619797ae2f75856e550dcd28	pe	0x014C	IMAGE_FILE_MACHINE_I386	yes
dlls/msvcrtd/i386-windows/msvcrtd.dll	774144	cf1af32fea749899db08bb4f8e472bb376798c4aad69915e3725f33ca18b79ef	pe	0x014C	IMAGE_FILE_MACHINE_I386	yes
dlls/msvcrtd/tests/i386-windows/msvcrtd_test-stripped.exe	32768	5cd99d186da080e7bdbc59bf3639802c8cfd44a22a46a268709a8c3deb07ac47	pe	0x014C	IMAGE_FILE_MACHINE_I386	no
dlls/msvcrtd/tests/i386-windows/msvcrtd_test.exe	32768	5cd99d186da080e7bdbc59bf3639802c8cfd44a22a46a268709a8c3deb07ac47	pe	0x014C	IMAGE_FILE_MACHINE_I386	no
dlls/msvdsp/i386-windows/msvdsp.dll	122880	dc8dee8054432f010562fb59bd098236f5e9dbac0585861a6cf3e7a4af3b2501	pe	0x014C	IMAGE_FILE_MACHINE_I386	yes
dlls/msvfw32/i386-windows/msvfw32.dll	155648	0829fba88ede66b923efb18df5425d0e6cf09c3315c6912b4809b4fcb0b4f1d2	pe	0x014C	IMAGE_FILE_MACHINE_I386	yes
dlls/msvfw32/tests/i386-windows/msvfw32_test-stripped.exe	118784	658bb10800a57817260d1b1b355e9b9d424083ac6f543de9846efd6eb6c971c8	pe	0x014C	IMAGE_FILE_MACHINE_I386	no
dlls/msvfw32/tests/i386-windows/msvfw32_test.exe	118784	658bb10800a57817260d1b1b355e9b9d424083ac6f543de9846efd6eb6c971c8	pe	0x014C	IMAGE_FILE_MACHINE_I386	no
dlls/msvidc32/i386-windows/msvidc32.dll	45056	42302a26de9bb8425bea71ad174abcf7fce0270c36fcbe14036fb83d90ad15d9	pe	0x014C	IMAGE_FILE_MACHINE_I386	yes
dlls/msvideo.dll16/i386-windows/msvideo.dll16	61440	e5260c2c89f1850a7e065d0108fab950ec1a099717128e61a7f46abc627673ea	pe	0x014C	IMAGE_FILE_MACHINE_I386	yes
dlls/msvproc/i386-windows/msvproc.dll	1847296	4a2a115a3971030ead6a39045e000835737d104bc5118bf24e04c50d99b93c89	pe	0x014C	IMAGE_FILE_MACHINE_I386	yes
dlls/mswsock/i386-windows/mswsock.dll	40960	523afc09ed620a6cf7ded34d9169ea3af0c2a2267e37e05da17fbc626587110f	pe	0x014C	IMAGE_FILE_MACHINE_I386	yes
dlls/msxml/i386-windows/msxml.dll	69632	1e1ebd4cd9b737e3af6edb5e0724401e507968d76c21bac007f22728e2bbc92c	pe	0x014C	IMAGE_FILE_MACHINE_I386	yes
dlls/msxml2/i386-windows/msxml2.dll	65536	4308c9ecfb678c372362aebb3d09609915f86644b7088d94006ae88f65724360	pe	0x014C	IMAGE_FILE_MACHINE_I386	yes
dlls/msxml3/i386-windows/msxml3.dll	2871296	bbc240f3f8bf8b3eca13878c23ae5ef7677cc0d70854469596d51efbf5086187	pe	0x014C	IMAGE_FILE_MACHINE_I386	yes
dlls/msxml3/tests/i386-windows/msxml3_test-stripped.exe	1609728	fb7a1ee3b1f4cdced7ca3e96a2e7fba1a6ef6c15fb1fe1c9ebacbaed694b58ea	pe	0x014C	IMAGE_FILE_MACHINE_I386	no
dlls/msxml3/tests/i386-windows/msxml3_test.exe	1609728	fb7a1ee3b1f4cdced7ca3e96a2e7fba1a6ef6c15fb1fe1c9ebacbaed694b58ea	pe	0x014C	IMAGE_FILE_MACHINE_I386	no
dlls/msxml4/i386-windows/msxml4.dll	131072	b3a7c2f365c083e3086bdcd483e68ed94732c1ee43a4c25580ddfe1dae66741a	pe	0x014C	IMAGE_FILE_MACHINE_I386	yes
dlls/msxml4/tests/i386-windows/msxml4_test-stripped.exe	315392	4e518bc2cf9328af84a3460c9b55669ab7c0a102ab97758b9909423ed968d2eb	pe	0x014C	IMAGE_FILE_MACHINE_I386	no
dlls/msxml4/tests/i386-windows/msxml4_test.exe	315392	4e518bc2cf9328af84a3460c9b55669ab7c0a102ab97758b9909423ed968d2eb	pe	0x014C	IMAGE_FILE_MACHINE_I386	no
dlls/msxml6/i386-windows/msxml6.dll	131072	81d7afb013d859a18a9fc6c143c68335589e19eb19966f373635a16a4a47fd09	pe	0x014C	IMAGE_FILE_MACHINE_I386	yes
dlls/msxml6/tests/i386-windows/msxml6_test-stripped.exe	462848	0bf70e5082e2ad647fb0456004809b817063bab41241da7e763bff286a7ef2b8	pe	0x014C	IMAGE_FILE_MACHINE_I386	no
dlls/msxml6/tests/i386-windows/msxml6_test.exe	462848	0bf70e5082e2ad647fb0456004809b817063bab41241da7e763bff286a7ef2b8	pe	0x014C	IMAGE_FILE_MACHINE_I386	no
dlls/mtxdm/i386-windows/mtxdm.dll	200704	9a10b227c78d2ad9a639c9bdd7580b9439948282e4529896bbe15af8e5bc483e	pe	0x014C	IMAGE_FILE_MACHINE_I386	yes
dlls/ncrypt/i386-windows/ncrypt.dll	86016	9c28cd7cc9592855c1efa8faeefb1e09ffeba055ed2f0251839ee58244286ae8	pe	0x014C	IMAGE_FILE_MACHINE_I386	yes
dlls/ncrypt/tests/i386-windows/ncrypt_test-stripped.exe	81920	699e227247e4e512f4bafcc143f26ee532747be44b98c547233360201db6e66c	pe	0x014C	IMAGE_FILE_MACHINE_I386	no
dlls/ncrypt/tests/i386-windows/ncrypt_test.exe	81920	699e227247e4e512f4bafcc143f26ee532747be44b98c547233360201db6e66c	pe	0x014C	IMAGE_FILE_MACHINE_I386	no
dlls/nddeapi/i386-windows/nddeapi.dll	40960	ba9cadab4fec257cc355e8883f8babd2d2e14da7138853054a1519c2c1a52ea8	pe	0x014C	IMAGE_FILE_MACHINE_I386	yes
dlls/ndfapi/i386-windows/ndfapi.dll	40960	403df1364ed89905cb7ce0c03959a336adf577a25a7c58c7a553c3dd6a802e1f	pe	0x014C	IMAGE_FILE_MACHINE_I386	yes
dlls/ndis.sys/i386-windows/ndis.sys	126976	fe86920ebb7198e7147e4e31c0f4a0ba17dee4dbec8f340ce2a733aa68ca28fe	pe	0x014C	IMAGE_FILE_MACHINE_I386	yes
dlls/ndis.sys/tests/i386-windows/ndis.sys_test-stripped.exe	49152	972637dddf1ac2cd78322106d50fb20b243904a4a0153a316ce64117e12023bc	pe	0x014C	IMAGE_FILE_MACHINE_I386	no
dlls/ndis.sys/tests/i386-windows/ndis.sys_test.exe	49152	972637dddf1ac2cd78322106d50fb20b243904a4a0153a316ce64117e12023bc	pe	0x014C	IMAGE_FILE_MACHINE_I386	no
dlls/netapi32/i386-windows/netapi32.dll	200704	4e1936a6e194201d24c404ce6fb5c4c31f7e43fe55170ada3ec1792fe0d1a7ae	pe	0x014C	IMAGE_FILE_MACHINE_I386	yes
dlls/netapi32/tests/i386-windows/netapi32_test-stripped.exe	90112	fc775887a7e3d53afe641f3afa51210886d164ab4a7c7d94c12ef500ba41f562	pe	0x014C	IMAGE_FILE_MACHINE_I386	no
dlls/netapi32/tests/i386-windows/netapi32_test.exe	90112	fc775887a7e3d53afe641f3afa51210886d164ab4a7c7d94c12ef500ba41f562	pe	0x014C	IMAGE_FILE_MACHINE_I386	no
dlls/netcfgx/i386-windows/netcfgx.dll	217088	0b1ebeb7999ef33b0099cc9ec96cafdccdb8915af2cb36c44a748a11cf486ec3	pe	0x014C	IMAGE_FILE_MACHINE_I386	yes
dlls/netcfgx/tests/i386-windows/netcfgx_test-stripped.exe	208896	d043ec19e0e6f0dde41f83b2ff3627489b62abf19e67694e41763188b2bf54e2	pe	0x014C	IMAGE_FILE_MACHINE_I386	no
dlls/netcfgx/tests/i386-windows/netcfgx_test.exe	208896	d043ec19e0e6f0dde41f83b2ff3627489b62abf19e67694e41763188b2bf54e2	pe	0x014C	IMAGE_FILE_MACHINE_I386	no
dlls/netio.sys/i386-windows/netio.sys	192512	0128285da447accc051f4126b30a7d2644a69f6551788164585ecc5e2a3a309e	pe	0x014C	IMAGE_FILE_MACHINE_I386	yes
dlls/netprofm/i386-windows/netprofm.dll	90112	78dba9ba172ff779f6d3205da22ba1fda00016d7ec8325c94699c512abb3f6ee	pe	0x014C	IMAGE_FILE_MACHINE_I386	yes
dlls/netprofm/tests/i386-windows/netprofm_test-stripped.exe	81920	b61c8fa62ba1a7b608fb9bdbb8b0e7a049fead27a62f9c34544e0927c9a561ec	pe	0x014C	IMAGE_FILE_MACHINE_I386	no
dlls/netprofm/tests/i386-windows/netprofm_test.exe	81920	b61c8fa62ba1a7b608fb9bdbb8b0e7a049fead27a62f9c34544e0927c9a561ec	pe	0x014C	IMAGE_FILE_MACHINE_I386	no
dlls/netutils/i386-windows/netutils.dll	36864	b6c44dded095174a573b42c258c60689e683ccc41d3bbc3e553d6b0dfca29f1c	pe	0x014C	IMAGE_FILE_MACHINE_I386	yes
dlls/newdev/i386-windows/newdev.dll	36864	3565f08b8c60e030152077a0dd073de2514575e82191b6b0b83950d42bf204d9	pe	0x014C	IMAGE_FILE_MACHINE_I386	yes
dlls/ninput/i386-windows/ninput.dll	61440	aa82ff57699b4830b2ba729154c434eb5c3d69171db501e7f4c2a5c6e77f2834	pe	0x014C	IMAGE_FILE_MACHINE_I386	yes
dlls/ninput/tests/i386-windows/ninput_test-stripped.exe	49152	860eccbf5a251064d5a84dd3e2db7f78c975e9b4ce205e113e38336bb2fbcee8	pe	0x014C	IMAGE_FILE_MACHINE_I386	no
dlls/ninput/tests/i386-windows/ninput_test.exe	49152	860eccbf5a251064d5a84dd3e2db7f78c975e9b4ce205e113e38336bb2fbcee8	pe	0x014C	IMAGE_FILE_MACHINE_I386	no
dlls/normaliz/i386-windows/normaliz.dll	8192	405667fb46544920b4256b6c5797a6fd7f380a6b790bf06f825e40f649637a72	pe-data	0x014C	IMAGE_FILE_MACHINE_I386	yes
dlls/npmshtml/i386-windows/npmshtml.dll	32768	334c93d160eeef505aa091d93d3d66b8732e35b1040549f1a17fb93c6ee08941	pe	0x014C	IMAGE_FILE_MACHINE_I386	yes
dlls/npptools/i386-windows/npptools.dll	36864	2a9d8cde13b2a490e656839f75ce088d0d6496971c0a4995a381cd02cbdd1a53	pe	0x014C	IMAGE_FILE_MACHINE_I386	yes
dlls/nsi/i386-windows/nsi.dll	45056	a47b1965b9655e18cc5f11a8a20b66b717e0448e896606e6816838fb3a4492c6	pe	0x014C	IMAGE_FILE_MACHINE_I386	yes
dlls/nsi/tests/i386-windows/nsi_test-stripped.exe	274432	7338500afa7f0b6950337e8cf88eb0c4b7e110ae1d8bc41461cb6530f9cf1695	pe	0x014C	IMAGE_FILE_MACHINE_I386	no
dlls/nsi/tests/i386-windows/nsi_test.exe	274432	7338500afa7f0b6950337e8cf88eb0c4b7e110ae1d8bc41461cb6530f9cf1695	pe	0x014C	IMAGE_FILE_MACHINE_I386	no
dlls/nsiproxy.sys/i386-windows/nsiproxy.sys	32768	5562dd91578120a9862c16f96e1747f5ac998fd05dcca2da41ffa5a21140df93	pe	0x014C	IMAGE_FILE_MACHINE_I386	yes
dlls/ntdll/i386-windows/ntdll.dll	942080	a8a21e3f70fd343dac1dbca297cc4a64f3508406c6122ab7b890ed4e912ec82c	pe	0x014C	IMAGE_FILE_MACHINE_I386	yes
dlls/ntdll/tests/i386-windows/ntdll_test-stripped.exe	3072000	5883e67de9ec75d1109223966d4454996a63dfdc4e3c06f6469a581ab701c106	pe	0x014C	IMAGE_FILE_MACHINE_I386	no
dlls/ntdll/tests/i386-windows/ntdll_test.exe	3072000	5883e67de9ec75d1109223966d4454996a63dfdc4e3c06f6469a581ab701c106	pe	0x014C	IMAGE_FILE_MACHINE_I386	no
dlls/ntdll/tests/i386-windows/testdll.dll	20480	7319399be5e9f2b751e9cdcd0e0ecc8557a3ad9c27b419902a7b497876b36081	pe	0x014C	IMAGE_FILE_MACHINE_I386	no
dlls/ntdsapi/i386-windows/ntdsapi.dll	61440	7d73af4af7e8d298cb9771de0d3ffc23e41a6f296df109b031a633a6a0a7857e	pe	0x014C	IMAGE_FILE_MACHINE_I386	yes
dlls/ntdsapi/tests/i386-windows/ntdsapi_test-stripped.exe	53248	c2a0f58868f5b3576636ad416ea12b6fb345718e642c752d47823bb416629016	pe	0x014C	IMAGE_FILE_MACHINE_I386	no
dlls/ntdsapi/tests/i386-windows/ntdsapi_test.exe	53248	c2a0f58868f5b3576636ad416ea12b6fb345718e642c752d47823bb416629016	pe	0x014C	IMAGE_FILE_MACHINE_I386	no
dlls/ntoskrnl.exe/i386-windows/ntoskrnl.exe	679936	f252edcc4c30f8c1f785d26291abc0ed51325c292deeb6abada42abe1222e7c5	pe	0x014C	IMAGE_FILE_MACHINE_I386	yes
dlls/ntoskrnl.exe/tests/i386-windows/driver.dll	413696	a4c9052e1ca67b47c4cfd7fb3076bc178df5e9f51e5980476e3334adbe943421	pe	0x014C	IMAGE_FILE_MACHINE_I386	no
dlls/ntoskrnl.exe/tests/i386-windows/driver2.dll	20480	b77dd585eaa4f9c795c428622685113c873be5017bc83871d647187ddfed367c	pe	0x014C	IMAGE_FILE_MACHINE_I386	no
dlls/ntoskrnl.exe/tests/i386-windows/driver3.dll	20480	fee57715f4e34f41ba28da4219f92c5de4e2a3a5ccade24e053138627b4f5ad6	pe	0x014C	IMAGE_FILE_MACHINE_I386	no
dlls/ntoskrnl.exe/tests/i386-windows/driver_netio.dll	73728	b5c4f6196d4e7e60cbf9533898e458c7ef312c6ab90f54029896658e16c55f80	pe	0x014C	IMAGE_FILE_MACHINE_I386	no
dlls/ntoskrnl.exe/tests/i386-windows/driver_pnp.dll	159744	1415fb5fb39048328f1c97dcbf9a932aad3b1b6da9e0572be949b3fe5040f740	pe	0x014C	IMAGE_FILE_MACHINE_I386	no
dlls/ntoskrnl.exe/tests/i386-windows/driver_pnp2.dll	86016	40a01ab96294dd07bfab3a617e0135f2fcca9acc446b33c7c3b904e0bb18a885	pe	0x014C	IMAGE_FILE_MACHINE_I386	no
dlls/ntoskrnl.exe/tests/i386-windows/ntoskrnl.exe_test-stripped.exe	2416640	955fc729c4f0cc727687f1a70d52b99d7aae364a23cc9db0c00f86e1e30bca0f	pe	0x014C	IMAGE_FILE_MACHINE_I386	no
dlls/ntoskrnl.exe/tests/i386-windows/ntoskrnl.exe_test.exe	2416640	955fc729c4f0cc727687f1a70d52b99d7aae364a23cc9db0c00f86e1e30bca0f	pe	0x014C	IMAGE_FILE_MACHINE_I386	no
dlls/ntprint/i386-windows/ntprint.dll	45056	58c92b3ca9eea87aa3b02809dc559c3fc0d2d681ea71e6643b6c83b36b364304	pe	0x014C	IMAGE_FILE_MACHINE_I386	yes
dlls/ntprint/tests/i386-windows/ntprint_test-stripped.exe	40960	84a3ecac7b374034de6b6297bf3f6ebb423526a2f3addfa613c39cf7f472a61d	pe	0x014C	IMAGE_FILE_MACHINE_I386	no
dlls/ntprint/tests/i386-windows/ntprint_test.exe	40960	84a3ecac7b374034de6b6297bf3f6ebb423526a2f3addfa613c39cf7f472a61d	pe	0x014C	IMAGE_FILE_MACHINE_I386	no
dlls/objsel/i386-windows/objsel.dll	212992	dc93b92893085df6a8279c4364cadc34afcbf56ceda16edb8b31c39d1c60c13e	pe	0x014C	IMAGE_FILE_MACHINE_I386	yes
dlls/odbc32/i386-windows/odbc32.dll	208896	240d4fd4696aa0c43c53cabdcf384af7595ebec8943c2a936242bdf8432b92de	pe	0x014C	IMAGE_FILE_MACHINE_I386	yes
dlls/odbc32/tests/i386-windows/driver.dll	28672	11a74cbece51643a5f070132aa63256cfe12682ca8b163d2a5bc72d96b5e131e	pe	0x014C	IMAGE_FILE_MACHINE_I386	no
dlls/odbc32/tests/i386-windows/odbc32_test-stripped.exe	200704	701a18af460af97c1326bd038e42c5685c25726f17db1bcbf128750c80582d70	pe	0x014C	IMAGE_FILE_MACHINE_I386	no
dlls/odbc32/tests/i386-windows/odbc32_test.exe	200704	701a18af460af97c1326bd038e42c5685c25726f17db1bcbf128750c80582d70	pe	0x014C	IMAGE_FILE_MACHINE_I386	no
dlls/odbcbcp/i386-windows/odbcbcp.dll	32768	2a8a4dd04565814ea039f4de7cc3498d7afe8084ff1b9b8b29a5bbb24669c40f	pe	0x014C	IMAGE_FILE_MACHINE_I386	yes
dlls/odbccp32/i386-windows/odbccp32.dll	81920	2b3285f5dcc29cb5cc18dd3ca2381fc1b004a5d33c8fb19075cacd6fd3221252	pe	0x014C	IMAGE_FILE_MACHINE_I386	yes
dlls/odbccp32/tests/i386-windows/odbccp32_test-stripped.exe	110592	223fa0dc49b259cc384bd4eb585ed923f040193121382ad36ae1cc80718a027e	pe	0x014C	IMAGE_FILE_MACHINE_I386	no
dlls/odbccp32/tests/i386-windows/odbccp32_test.exe	110592	223fa0dc49b259cc384bd4eb585ed923f040193121382ad36ae1cc80718a027e	pe	0x014C	IMAGE_FILE_MACHINE_I386	no
dlls/odbccu32/i386-windows/odbccu32.dll	32768	8f184eaf0b52d179540132859483632e0da21edfd0b8aa4d52a8efbd1146d37a	pe	0x014C	IMAGE_FILE_MACHINE_I386	yes
dlls/ole2.dll16/i386-windows/ole2.dll16	245760	0cd72bfe6059369e2f77d970e9827a5e5f4edcdd255464dd6658a823342a119b	pe	0x014C	IMAGE_FILE_MACHINE_I386	yes
dlls/ole2conv.dll16/i386-windows/ole2conv.dll16	28672	750f7aab23b04cf260558b5fe4627eb4aff26eab38c8760e97d0a2e9a0f7e51c	pe	0x014C	IMAGE_FILE_MACHINE_I386	yes
dlls/ole2disp.dll16/i386-windows/ole2disp.dll16	61440	8ceb0a38b4a9d9bdd9ad6dc574e6728a3654104e7ccbdb689842dc72e1969e90	pe	0x014C	IMAGE_FILE_MACHINE_I386	yes
dlls/ole2nls.dll16/i386-windows/ole2nls.dll16	32768	8795a3235c071b0e8219845cc81e421878826dcb616a0cbc15982f0fcefaad89	pe	0x014C	IMAGE_FILE_MACHINE_I386	yes
dlls/ole2prox.dll16/i386-windows/ole2prox.dll16	28672	7a49135dd287647240c0013305f39dd701ce732901a8ab0195c6d3a4f484a1cf	pe	0x014C	IMAGE_FILE_MACHINE_I386	yes
dlls/ole2thk.dll16/i386-windows/ole2thk.dll16	28672	56417d2815b213ec24e76d37af761e501481e59f80270e4a02b3e0329d72556e	pe	0x014C	IMAGE_FILE_MACHINE_I386	yes
dlls/ole32/i386-windows/ole32.dll	983040	e10606fdb3d0caf6ea0cec2c4c98915f3a888d987bc521c5e75282b26ef9b906	pe	0x014C	IMAGE_FILE_MACHINE_I386	yes
dlls/ole32/tests/i386-windows/ole32_test-stripped.exe	1540096	88e17b4674f8001ecb61b41dce419b245064249bf5414dd7a220f74389b1b58e	pe	0x014C	IMAGE_FILE_MACHINE_I386	no
dlls/ole32/tests/i386-windows/ole32_test.exe	1540096	88e17b4674f8001ecb61b41dce419b245064249bf5414dd7a220f74389b1b58e	pe	0x014C	IMAGE_FILE_MACHINE_I386	no
dlls/ole32/tests/i386-windows/testlib.dll	28672	78ac63ab03c444f974398c196d094ba96a18331a074cf5a25a896d5db1d9db18	pe	0x014C	IMAGE_FILE_MACHINE_I386	no
dlls/oleacc/i386-windows/oleacc.dll	225280	f480dfb7b308a0f93ebe2f4bff3f7dd4e36841043639483c6a61d525617a360d	pe	0x014C	IMAGE_FILE_MACHINE_I386	yes
dlls/oleacc/tests/i386-windows/oleacc_test-stripped.exe	155648	f5d61ae9b04ad9c1477c2a5252bf7b2fe152f7e858ba4bdfea7a8795943ef802	pe	0x014C	IMAGE_FILE_MACHINE_I386	no
dlls/oleacc/tests/i386-windows/oleacc_test.exe	155648	f5d61ae9b04ad9c1477c2a5252bf7b2fe152f7e858ba4bdfea7a8795943ef802	pe	0x014C	IMAGE_FILE_MACHINE_I386	no
dlls/oleaut32/i386-windows/oleaut32.dll	909312	6b25e47c42410374dc01a9f20d4b8b1750beb8b96937944fa77b4c732dd4b121	pe	0x014C	IMAGE_FILE_MACHINE_I386	yes
dlls/oleaut32/tests/i386-windows/oleaut32_test-stripped.exe	4616192	869c35f621039fbd16f5bddd1db8ffb190651961a09d68395d3d20fd5201814d	pe	0x014C	IMAGE_FILE_MACHINE_I386	no
dlls/oleaut32/tests/i386-windows/oleaut32_test.exe	4616192	869c35f621039fbd16f5bddd1db8ffb190651961a09d68395d3d20fd5201814d	pe	0x014C	IMAGE_FILE_MACHINE_I386	no
dlls/olecli.dll16/i386-windows/olecli.dll16	69632	8d3b22e58d053d23651884134b7681982c3ead70ca92049246b6e1f7f19b92e7	pe	0x014C	IMAGE_FILE_MACHINE_I386	yes
dlls/olecli32/i386-windows/olecli32.dll	40960	e8b7c306ae4cf1a93bb6c05d508ccc2f0f79d6b0614b9d8a4354bf63b2bc6ec5	pe	0x014C	IMAGE_FILE_MACHINE_I386	yes
dlls/oledb32/i386-windows/oledb32.dll	442368	f0201f146952e08c9e0f037165d42e368d4f912e6b35d93d70ccd9f95be74aa6	pe	0x014C	IMAGE_FILE_MACHINE_I386	yes
dlls/oledb32/tests/i386-windows/oledb32_test-stripped.exe	565248	3532a520f26c7aac892f8a6e03b87d308976501b493d9b53707f9fc20e7b4f0b	pe	0x014C	IMAGE_FILE_MACHINE_I386	no
dlls/oledb32/tests/i386-windows/oledb32_test.exe	565248	3532a520f26c7aac892f8a6e03b87d308976501b493d9b53707f9fc20e7b4f0b	pe	0x014C	IMAGE_FILE_MACHINE_I386	no
dlls/oledlg/i386-windows/oledlg.dll	217088	2e40ae63e0c88cdecaac6b1e1b21a28221d4f9e3026bc293345bd92377e3601b	pe	0x014C	IMAGE_FILE_MACHINE_I386	yes
dlls/oledlg/tests/i386-windows/oledlg_test-stripped.exe	65536	89028ba34d35a520b1ff4ce0019a84066f3f8c616282d186589b9c1904cc174c	pe	0x014C	IMAGE_FILE_MACHINE_I386	no
dlls/oledlg/tests/i386-windows/oledlg_test.exe	65536	89028ba34d35a520b1ff4ce0019a84066f3f8c616282d186589b9c1904cc174c	pe	0x014C	IMAGE_FILE_MACHINE_I386	no
dlls/olepro32/i386-windows/olepro32.dll	49152	316030fd2dc326aa743862237984ac386e928a334f2ae386ce4550e8cdff0101	pe	0x014C	IMAGE_FILE_MACHINE_I386	yes
dlls/olesvr.dll16/i386-windows/olesvr.dll16	36864	6397662524beb1f56ce7cf306fd28e1efc584298a785a9c0bf40ed3856c0a129	pe	0x014C	IMAGE_FILE_MACHINE_I386	yes
dlls/olesvr32/i386-windows/olesvr32.dll	32768	6275127675d117f32be953e0b11c5037262ba81efe76b7348b456107d6cb5049	pe	0x014C	IMAGE_FILE_MACHINE_I386	yes
dlls/olethk32/i386-windows/olethk32.dll	32768	093531f8b4e01ad8527871044c85d5837122c3db062b5a4fa4608d7b760d0030	pe	0x014C	IMAGE_FILE_MACHINE_I386	yes
dlls/opcservices/i386-windows/opcservices.dll	163840	ae5488211add2e687d18b5e5f8fc816cef034d9de758fcba850ee37e5b168e08	pe	0x014C	IMAGE_FILE_MACHINE_I386	yes
dlls/opcservices/tests/i386-windows/opcservices_test-stripped.exe	122880	0e7eab86ee3199f18c66e7ee016394f15c57be46b863054ff249363873d89fe0	pe	0x014C	IMAGE_FILE_MACHINE_I386	no
dlls/opcservices/tests/i386-windows/opcservices_test.exe	122880	0e7eab86ee3199f18c66e7ee016394f15c57be46b863054ff249363873d89fe0	pe	0x014C	IMAGE_FILE_MACHINE_I386	no
dlls/opencl/i386-windows/opencl.dll	81920	230cf210a86e5b60ad1fc7544417ac017b7c19071185f6bd8436eebdf0f28f2a	pe	0x014C	IMAGE_FILE_MACHINE_I386	yes
dlls/opengl32/i386-windows/opengl32.dll	1961984	49853a2d832e5810418631d537954d21db01cf3a2b006aa4f1e41ae81c954ec5	pe	0x014C	IMAGE_FILE_MACHINE_I386	yes
dlls/opengl32/tests/i386-windows/opengl32_test-stripped.exe	655360	e9f785136eb8b932d16b1567b1ad32593b70a3d6ee1ffee124d64df6b2f1687f	pe	0x014C	IMAGE_FILE_MACHINE_I386	no
dlls/opengl32/tests/i386-windows/opengl32_test.exe	655360	e9f785136eb8b932d16b1567b1ad32593b70a3d6ee1ffee124d64df6b2f1687f	pe	0x014C	IMAGE_FILE_MACHINE_I386	no
dlls/packager/i386-windows/packager.dll	61440	e0d05ab3195012dbaa3658f14c42dd4c9f878277130998961781f265a2dee7bd	pe	0x014C	IMAGE_FILE_MACHINE_I386	yes
dlls/packager/tests/i386-windows/packager_test-stripped.exe	73728	f8ef1ae19e30aa99609ae48c4fbb59811b85a3fa0361f15d2cb8b2f64f0de1fc	pe	0x014C	IMAGE_FILE_MACHINE_I386	no
dlls/packager/tests/i386-windows/packager_test.exe	73728	f8ef1ae19e30aa99609ae48c4fbb59811b85a3fa0361f15d2cb8b2f64f0de1fc	pe	0x014C	IMAGE_FILE_MACHINE_I386	no
dlls/pdh/i386-windows/pdh.dll	94208	a000e143481f66504e79254ee05b2971561d9bd5e3f69d2b9ffd6d638edc05da	pe	0x014C	IMAGE_FILE_MACHINE_I386	yes
dlls/pdh/tests/i386-windows/pdh_test-stripped.exe	98304	125d3b752ef11f2886fc68b650003b7a61e7b94fd768d2dea59484700d9d56ac	pe	0x014C	IMAGE_FILE_MACHINE_I386	no
dlls/pdh/tests/i386-windows/pdh_test.exe	98304	125d3b752ef11f2886fc68b650003b7a61e7b94fd768d2dea59484700d9d56ac	pe	0x014C	IMAGE_FILE_MACHINE_I386	no
dlls/photometadatahandler/i386-windows/photometadatahandler.dll	32768	c1b9fb52df9385096fe9b6876f2286ffa2a30c6cf48ac20049fc5a57b2afee69	pe	0x014C	IMAGE_FILE_MACHINE_I386	yes
dlls/pidgen/i386-windows/pidgen.dll	40960	48e2f8054883b3f27e82e538965db0988737c04493c7f91cd234ab7d79410379	pe	0x014C	IMAGE_FILE_MACHINE_I386	yes
dlls/powrprof/i386-windows/powrprof.dll	53248	53eb35a577a3fd3523f92e744301abcb6b86ef171438eaa1a4cb79bfc9acd29b	pe	0x014C	IMAGE_FILE_MACHINE_I386	yes
dlls/printui/i386-windows/printui.dll	45056	a770d2fbef38c79e549ab6f10401a10ebce9e672697be974cfa0b6b4d5a14db9	pe	0x014C	IMAGE_FILE_MACHINE_I386	yes
dlls/prntvpt/i386-windows/prntvpt.dll	102400	cc11fb7a39301097806e3f4da1ca017ebde95f74c213e53f9e4d0c42783a4183	pe	0x014C	IMAGE_FILE_MACHINE_I386	yes
dlls/prntvpt/tests/i386-windows/prntvpt_test-stripped.exe	45056	ed9ab5bfd7537afcda02bdb89b707ddf3356575f7d6609319bf29f22ca7ae858	pe	0x014C	IMAGE_FILE_MACHINE_I386	no
dlls/prntvpt/tests/i386-windows/prntvpt_test.exe	45056	ed9ab5bfd7537afcda02bdb89b707ddf3356575f7d6609319bf29f22ca7ae858	pe	0x014C	IMAGE_FILE_MACHINE_I386	no
dlls/profapi/i386-windows/profapi.dll	28672	92353523e8ab2e8b52743fdfe5449ee9c11bfbbcf4d2063dbdbc77563329cd34	pe	0x014C	IMAGE_FILE_MACHINE_I386	yes
dlls/propsys/i386-windows/propsys.dll	344064	78d757d55963708fe176038a2ad0deb1c115c8a98c38e83f8530e9dac5b79a68	pe	0x014C	IMAGE_FILE_MACHINE_I386	yes
dlls/propsys/tests/i386-windows/propsys_test-stripped.exe	319488	c14cd3d1c286f6d3129e1cddcbd7e9b3e599af77d50e81d00072aa3551dd2f8f	pe	0x014C	IMAGE_FILE_MACHINE_I386	no
dlls/propsys/tests/i386-windows/propsys_test.exe	319488	c14cd3d1c286f6d3129e1cddcbd7e9b3e599af77d50e81d00072aa3551dd2f8f	pe	0x014C	IMAGE_FILE_MACHINE_I386	no
dlls/psapi/i386-windows/psapi.dll	36864	0fc389c56ae12434d71a52bd09c1b7c61af82660dc297843e9512622999fa3f6	pe	0x014C	IMAGE_FILE_MACHINE_I386	yes
dlls/psapi/tests/i386-windows/psapi_test-stripped.exe	106496	4fa7bb15b070add7206cd1dbf6c60d455d3315dabb9f223efdf3c353013d7e59	pe	0x014C	IMAGE_FILE_MACHINE_I386	no
dlls/psapi/tests/i386-windows/psapi_test.exe	106496	4fa7bb15b070add7206cd1dbf6c60d455d3315dabb9f223efdf3c353013d7e59	pe	0x014C	IMAGE_FILE_MACHINE_I386	no
dlls/pstorec/i386-windows/pstorec.dll	65536	ebf7c521230fb5a4c79cf5a2d726501addde78794033b7c815fa5ff7b2f0248a	pe	0x014C	IMAGE_FILE_MACHINE_I386	yes
dlls/pstorec/tests/i386-windows/pstorec_test-stripped.exe	45056	5d3241ef93a14cbfe8bb9798c81a243cd0760246d32302c907bd4c55777c96b2	pe	0x014C	IMAGE_FILE_MACHINE_I386	no
dlls/pstorec/tests/i386-windows/pstorec_test.exe	45056	5d3241ef93a14cbfe8bb9798c81a243cd0760246d32302c907bd4c55777c96b2	pe	0x014C	IMAGE_FILE_MACHINE_I386	no
dlls/pwrshplugin/i386-windows/pwrshplugin.dll	32768	c673cd0a85dd966a288ad988734209594e98d0c1d59fca9cd4f6638512f8e313	pe	0x014C	IMAGE_FILE_MACHINE_I386	yes
dlls/qasf/i386-windows/qasf.dll	405504	dd32badaaeeaf183479c9a099fb9d0c9899849c6c1c910ef388c89754b43476a	pe	0x014C	IMAGE_FILE_MACHINE_I386	yes
dlls/qasf/tests/i386-windows/qasf_test-stripped.exe	561152	27d5d56aa8798479ac245690286cceffa97679cf7598ed258302bd4ee3898265	pe	0x014C	IMAGE_FILE_MACHINE_I386	no
dlls/qasf/tests/i386-windows/qasf_test.exe	561152	27d5d56aa8798479ac245690286cceffa97679cf7598ed258302bd4ee3898265	pe	0x014C	IMAGE_FILE_MACHINE_I386	no
dlls/qcap/i386-windows/qcap.dll	458752	2c1e0294b31a1a41d6bb6516183f57c8cb2649e422c81bdf46f2ec56d18d11bc	pe	0x014C	IMAGE_FILE_MACHINE_I386	yes
dlls/qcap/tests/i386-windows/qcap_test-stripped.exe	712704	71c9e7104d8fee70616f02399b9cb643099cb4310df32b933ebb134fddcd8b83	pe	0x014C	IMAGE_FILE_MACHINE_I386	no
dlls/qcap/tests/i386-windows/qcap_test.exe	712704	71c9e7104d8fee70616f02399b9cb643099cb4310df32b933ebb134fddcd8b83	pe	0x014C	IMAGE_FILE_MACHINE_I386	no
dlls/qdvd/i386-windows/qdvd.dll	290816	87bcfab15c4b820c294dba08eb6978dda3c89c585739447f856aab17ed66b327	pe	0x014C	IMAGE_FILE_MACHINE_I386	yes
dlls/qdvd/tests/i386-windows/qdvd_test-stripped.exe	258048	58e79b7f27c3ad0f6c8e822fbfd9e72429346aacd9eb7cdad5e12e44102476d6	pe	0x014C	IMAGE_FILE_MACHINE_I386	no
dlls/qdvd/tests/i386-windows/qdvd_test.exe	258048	58e79b7f27c3ad0f6c8e822fbfd9e72429346aacd9eb7cdad5e12e44102476d6	pe	0x014C	IMAGE_FILE_MACHINE_I386	no
dlls/qedit/i386-windows/qedit.dll	417792	5b323e1ca3fa52d54ae126d5fc73d2e0fa86149599c21803bf0b3cd8a7fac861	pe	0x014C	IMAGE_FILE_MACHINE_I386	yes
dlls/qedit/tests/i386-windows/qedit_test-stripped.exe	503808	e44dda50adf5aa2f445cc2b4d3fe55d80235992408b53dae210f8c8240716fcc	pe	0x014C	IMAGE_FILE_MACHINE_I386	no
dlls/qedit/tests/i386-windows/qedit_test.exe	503808	e44dda50adf5aa2f445cc2b4d3fe55d80235992408b53dae210f8c8240716fcc	pe	0x014C	IMAGE_FILE_MACHINE_I386	no
dlls/qmgr/i386-windows/qmgr.dll	262144	5eebfd45f95e45884715be36f3afbaf9781a7122253c12bc7315486b17eccf5c	pe	0x014C	IMAGE_FILE_MACHINE_I386	yes
dlls/qmgr/tests/i386-windows/qmgr_test-stripped.exe	270336	aa41fe3982f9597bf8d58e6963047a9ee2a97afd1405ac61290234e23584822e	pe	0x014C	IMAGE_FILE_MACHINE_I386	no
dlls/qmgr/tests/i386-windows/qmgr_test.exe	270336	aa41fe3982f9597bf8d58e6963047a9ee2a97afd1405ac61290234e23584822e	pe	0x014C	IMAGE_FILE_MACHINE_I386	no
dlls/qmgrprxy/i386-windows/qmgrprxy.dll	49152	43e268409f3e01ce22e6752755d60dc763c4633a3ca44510e4cc4aa640cbd6d0	pe	0x014C	IMAGE_FILE_MACHINE_I386	yes
dlls/quartz/i386-windows/quartz.dll	831488	ebdab5887a59e77d39eba5590b5571a261e941e1ec6a20a1cd84aff31f511a5d	pe	0x014C	IMAGE_FILE_MACHINE_I386	yes
dlls/quartz/tests/i386-windows/quartz_test-stripped.exe	2170880	1fe2c3b4a5c7e5e03b984c826bb788c63c5d0e6e64bbf5d1076873f96b02eb99	pe	0x014C	IMAGE_FILE_MACHINE_I386	no
dlls/quartz/tests/i386-windows/quartz_test.exe	2170880	1fe2c3b4a5c7e5e03b984c826bb788c63c5d0e6e64bbf5d1076873f96b02eb99	pe	0x014C	IMAGE_FILE_MACHINE_I386	no
dlls/query/i386-windows/query.dll	45056	0a38fef3efff275ae04e000dadac98594941b6a75c622deaa367be3aa3498e3f	pe	0x014C	IMAGE_FILE_MACHINE_I386	yes
dlls/qwave/i386-windows/qwave.dll	32768	f22e69208f8a24f866ba9ec47e25105bad0396858196544228c8f2d8b7d607b0	pe	0x014C	IMAGE_FILE_MACHINE_I386	yes
dlls/qwave/tests/i386-windows/qwave_test-stripped.exe	36864	01beff9ee08a2dd0892cac7e31ffa3e4b928839e6c3662ec090e4b9efd0f3d7d	pe	0x014C	IMAGE_FILE_MACHINE_I386	no
dlls/qwave/tests/i386-windows/qwave_test.exe	36864	01beff9ee08a2dd0892cac7e31ffa3e4b928839e6c3662ec090e4b9efd0f3d7d	pe	0x014C	IMAGE_FILE_MACHINE_I386	no
dlls/rasapi16.dll16/i386-windows/rasapi16.dll16	28672	860cc6add3b341b4cfae14e91ddf972a4880568d54c5f45fdf9496fa1ce589ff	pe	0x014C	IMAGE_FILE_MACHINE_I386	yes
dlls/rasapi32/i386-windows/rasapi32.dll	77824	472bc51c8c9f96799f4cd83533ec33ccd6c490fadfdc80136d07968b3384f2c0	pe	0x014C	IMAGE_FILE_MACHINE_I386	yes
dlls/rasapi32/tests/i386-windows/rasapi32_test-stripped.exe	40960	125014e56057ec47a2c8cdc34bb4189bb3be7b765ad6b4e429b9fe2a3f077c28	pe	0x014C	IMAGE_FILE_MACHINE_I386	no
dlls/rasapi32/tests/i386-windows/rasapi32_test.exe	40960	125014e56057ec47a2c8cdc34bb4189bb3be7b765ad6b4e429b9fe2a3f077c28	pe	0x014C	IMAGE_FILE_MACHINE_I386	no
dlls/rasdlg/i386-windows/rasdlg.dll	40960	dd2d24f58dc2c05ead010ecbab262c13f8cb0d7c9eacfe885017fa18b3ac1c35	pe	0x014C	IMAGE_FILE_MACHINE_I386	yes
dlls/regapi/i386-windows/regapi.dll	45056	765eece1bf88996de22eec8dd8642811c502919840f5898879bb703c5898e59a	pe	0x014C	IMAGE_FILE_MACHINE_I386	yes
dlls/resampledmo/i386-windows/resampledmo.dll	700416	e19bed0cab6b4f03726544169401ea693265dd1d169ab58c26a80f1a2fb4c74b	pe	0x014C	IMAGE_FILE_MACHINE_I386	yes
dlls/resutils/i386-windows/resutils.dll	49152	ca50850542833cf8382cf63470da58d5d5238efdffc60d98582eec9058399a03	pe	0x014C	IMAGE_FILE_MACHINE_I386	yes
dlls/riched20/i386-windows/riched20.dll	688128	3dab9e6b0652c249d0365ffb101f83e2ce8189408cf98539f13608fc74dfddba	pe	0x014C	IMAGE_FILE_MACHINE_I386	yes
dlls/riched20/tests/i386-windows/riched20_test-stripped.exe	737280	557b225c7d8dcbd5129fce9c2fc92ec71e80397aefe22ec06688ae6dfcaba0a6	pe	0x014C	IMAGE_FILE_MACHINE_I386	no
dlls/riched20/tests/i386-windows/riched20_test.exe	737280	557b225c7d8dcbd5129fce9c2fc92ec71e80397aefe22ec06688ae6dfcaba0a6	pe	0x014C	IMAGE_FILE_MACHINE_I386	no
dlls/riched32/i386-windows/riched32.dll	32768	b00d4864e8a004c6ee361086ff9d557357a4ad29fe8ff9b1421c155dfe43a815	pe	0x014C	IMAGE_FILE_MACHINE_I386	yes
dlls/riched32/tests/i386-windows/riched32_test-stripped.exe	86016	50c6a570d2371dc4763f6f0d7399ebbf0c4480fe8e85ba371929b058e1a3c142	pe	0x014C	IMAGE_FILE_MACHINE_I386	no
dlls/riched32/tests/i386-windows/riched32_test.exe	86016	50c6a570d2371dc4763f6f0d7399ebbf0c4480fe8e85ba371929b058e1a3c142	pe	0x014C	IMAGE_FILE_MACHINE_I386	no
dlls/rometadata/i386-windows/rometadata.dll	131072	553685cc99f197b1c609373e32de16114d5a91a795714740e2e049b054b300b5	pe	0x014C	IMAGE_FILE_MACHINE_I386	yes
dlls/rometadata/tests/i386-windows/rometadata_test-stripped.exe	167936	d8dd8a180195b7b05361603e2bb15992f63e6b418be496a2ddf1eda28f2d98bc	pe	0x014C	IMAGE_FILE_MACHINE_I386	no
dlls/rometadata/tests/i386-windows/rometadata_test.exe	167936	d8dd8a180195b7b05361603e2bb15992f63e6b418be496a2ddf1eda28f2d98bc	pe	0x014C	IMAGE_FILE_MACHINE_I386	no
dlls/rpcrt4/i386-windows/rpcrt4.dll	888832	b6ff17c1a7f9368ae8fecc7d62d3027fd5f854517b3826995cce3d121308d88b	pe	0x014C	IMAGE_FILE_MACHINE_I386	yes
dlls/rpcrt4/tests/i386-windows/rpcrt4_test-stripped.exe	606208	950e14db9c7f0b9dea678304b48cb040ac3c6c47d3272bb03194733cba99d006	pe	0x014C	IMAGE_FILE_MACHINE_I386	no
dlls/rpcrt4/tests/i386-windows/rpcrt4_test.exe	606208	950e14db9c7f0b9dea678304b48cb040ac3c6c47d3272bb03194733cba99d006	pe	0x014C	IMAGE_FILE_MACHINE_I386	no
dlls/rsabase/i386-windows/rsabase.dll	24576	360d4edc844ae3005eddea38992a018fafc6fb5838a5bfdae428bcda3f2f54c5	pe	0x014C	IMAGE_FILE_MACHINE_I386	yes
dlls/rsaenh/i386-windows/rsaenh.dll	348160	fec20702c1499591138e4ff7bd9bb461bea4345c6205c36ac53bab8132624a71	pe	0x014C	IMAGE_FILE_MACHINE_I386	yes
dlls/rsaenh/tests/i386-windows/rsaenh_test-stripped.exe	221184	f6868bc96d310deed5dbb703818fa6a1e0e91c279212e3d88ec6c38b6bbcbe45	pe	0x014C	IMAGE_FILE_MACHINE_I386	no
dlls/rsaenh/tests/i386-windows/rsaenh_test.exe	221184	f6868bc96d310deed5dbb703818fa6a1e0e91c279212e3d88ec6c38b6bbcbe45	pe	0x014C	IMAGE_FILE_MACHINE_I386	no
dlls/rstrtmgr/i386-windows/rstrtmgr.dll	36864	bda76024e8486d3b7719d2d19e190975143098bd268ab78555c019f848219ae7	pe	0x014C	IMAGE_FILE_MACHINE_I386	yes
dlls/rtscom/i386-windows/rtscom.dll	65536	9d8e46c8f9f87fd96551fd106556e83bb6e62ddcead64f0e899b906feee721ec	pe	0x014C	IMAGE_FILE_MACHINE_I386	yes
dlls/rtutils/i386-windows/rtutils.dll	49152	0689113a228bc59ef4ba3a1b8679a0f0e2baf148d2f74869b804b1ba524d695b	pe	0x014C	IMAGE_FILE_MACHINE_I386	yes
dlls/rtworkq/i386-windows/rtworkq.dll	73728	966fec70f7483a7599fbb551e97b35343bd5aa4ee610acdeb0453d74f981914c	pe	0x014C	IMAGE_FILE_MACHINE_I386	yes
dlls/rtworkq/tests/i386-windows/rtworkq_test-stripped.exe	65536	4a51c167d7dcd4f0b2fb740c91ce3fb596ff239d151f031f5b93c21174039a8a	pe	0x014C	IMAGE_FILE_MACHINE_I386	no
dlls/rtworkq/tests/i386-windows/rtworkq_test.exe	65536	4a51c167d7dcd4f0b2fb740c91ce3fb596ff239d151f031f5b93c21174039a8a	pe	0x014C	IMAGE_FILE_MACHINE_I386	no
dlls/samlib/i386-windows/samlib.dll	45056	0f95ac4ba2c1124683dea0014c9993053cc0055e692e701bacf0731bab7ae54a	pe	0x014C	IMAGE_FILE_MACHINE_I386	yes
dlls/sapi/i386-windows/sapi.dll	540672	6832ab9a6ceb5133711d60233df4bc6258b8085a0b2e4e4ac4cc5c3461f2d3be	pe	0x014C	IMAGE_FILE_MACHINE_I386	yes
dlls/sapi/tests/i386-windows/sapi_test-stripped.exe	221184	5aa0f544395ba2c68238ca5a24102dd4dd4fc1cc2a75170806e9dfb2ad7b9130	pe	0x014C	IMAGE_FILE_MACHINE_I386	no
dlls/sapi/tests/i386-windows/sapi_test.exe	221184	5aa0f544395ba2c68238ca5a24102dd4dd4fc1cc2a75170806e9dfb2ad7b9130	pe	0x014C	IMAGE_FILE_MACHINE_I386	no
dlls/sas/i386-windows/sas.dll	28672	445865459362a85e4c9be7cca0e5872502da7fe588f5f85d16280f847f48cda0	pe	0x014C	IMAGE_FILE_MACHINE_I386	yes
dlls/scarddlg/i386-windows/scarddlg.dll	28672	ac5c8229732ccd597319f83a4b5e5c641e71833d574cec5536f79fcb89213667	pe	0x014C	IMAGE_FILE_MACHINE_I386	yes
dlls/scardsvr/i386-windows/scardsvr.dll	32768	c2868aaeb56495724c309e42972be923c8cbd00190df3e36178f0889ce84a53e	pe	0x014C	IMAGE_FILE_MACHINE_I386	yes
dlls/sccbase/i386-windows/sccbase.dll	32768	16885df294153166881ac23e73cfb5e2313d231bd871510f52b57035a15c95f1	pe	0x014C	IMAGE_FILE_MACHINE_I386	yes
dlls/schannel/i386-windows/schannel.dll	40960	19699c4e24289fa4d648190ff5e87f5f35659a82dea28d352337f24b74c75204	pe	0x014C	IMAGE_FILE_MACHINE_I386	yes
dlls/schannel/tests/i386-windows/schannel_test-stripped.exe	45056	4fff497f210f59d942f183497cde5f1bd9c696ae25704e61883eabbbe41d7610	pe	0x014C	IMAGE_FILE_MACHINE_I386	no
dlls/schannel/tests/i386-windows/schannel_test.exe	45056	4fff497f210f59d942f183497cde5f1bd9c696ae25704e61883eabbbe41d7610	pe	0x014C	IMAGE_FILE_MACHINE_I386	no
dlls/schedsvc/i386-windows/schedsvc.dll	98304	5420fb8fa19ef8ed1d8564205702cd46b7550b12aa8d11f0e0825eb24848132f	pe	0x014C	IMAGE_FILE_MACHINE_I386	yes
dlls/schedsvc/tests/i386-windows/schedsvc_test-stripped.exe	90112	18fe9c281b522d00ef5740cb28caa000a29896b568ea973ea37a3afe8f6e56db	pe	0x014C	IMAGE_FILE_MACHINE_I386	no
dlls/schedsvc/tests/i386-windows/schedsvc_test.exe	90112	18fe9c281b522d00ef5740cb28caa000a29896b568ea973ea37a3afe8f6e56db	pe	0x014C	IMAGE_FILE_MACHINE_I386	no
dlls/scrobj/i386-windows/scrobj.dll	270336	1cba797aba460732760bbecdb34ee8ec64fad300792c36a22855ec62e6b13880	pe	0x014C	IMAGE_FILE_MACHINE_I386	yes
dlls/scrobj/tests/i386-windows/scrobj_test-stripped.exe	266240	22edff6f311be75bce81867f21baf523fe449b5efeefcfc270163976e30bd816	pe	0x014C	IMAGE_FILE_MACHINE_I386	no
dlls/scrobj/tests/i386-windows/scrobj_test.exe	266240	22edff6f311be75bce81867f21baf523fe449b5efeefcfc270163976e30bd816	pe	0x014C	IMAGE_FILE_MACHINE_I386	no
dlls/scrrun/i386-windows/scrrun.dll	348160	633c8330266c121c6d1ab68350ce51292ee476b021209cfacf240b889c0ccb54	pe	0x014C	IMAGE_FILE_MACHINE_I386	yes
dlls/scrrun/tests/i386-windows/scrrun_test-stripped.exe	438272	a3f29be243304b1b16501575412e8106826ca788b806365b710e128d54c967a5	pe	0x014C	IMAGE_FILE_MACHINE_I386	no
dlls/scrrun/tests/i386-windows/scrrun_test.exe	438272	a3f29be243304b1b16501575412e8106826ca788b806365b710e128d54c967a5	pe	0x014C	IMAGE_FILE_MACHINE_I386	no
dlls/scsiport.sys/i386-windows/scsiport.sys	45056	ff8886e1678b13519b11a99e00d1dd6819e8b20e3f016ace779978283b2193fe	pe	0x014C	IMAGE_FILE_MACHINE_I386	yes
dlls/sechost/i386-windows/sechost.dll	163840	632a244a474f549227a72bbba2d0c77c4e607e30de2fb887a8284a8c02f9fc05	pe	0x014C	IMAGE_FILE_MACHINE_I386	yes
dlls/secur32/i386-windows/secur32.dll	155648	b8d5b8d792e54423001ff6dbce8eefd417a2cc04de984b61f22f1e5155eaaa82	pe	0x014C	IMAGE_FILE_MACHINE_I386	yes
dlls/secur32/tests/i386-windows/secur32_test-stripped.exe	253952	c5b99a99b826a0b7972b4020ed0e668a0004570365ccde490ba879d54a6dc6a5	pe	0x014C	IMAGE_FILE_MACHINE_I386	no
dlls/secur32/tests/i386-windows/secur32_test.exe	253952	c5b99a99b826a0b7972b4020ed0e668a0004570365ccde490ba879d54a6dc6a5	pe	0x014C	IMAGE_FILE_MACHINE_I386	no
dlls/security/i386-windows/security.dll	8192	61b57586694ea06a696d28ec6db7c36865b218a4a99cef9006014a1b17f7322c	pe-data	0x014C	IMAGE_FILE_MACHINE_I386	yes
dlls/sensapi/i386-windows/sensapi.dll	32768	00ecf3063e2d75fecd44e67c954ac114217c712eeab9784e033b7493e556067c	pe	0x014C	IMAGE_FILE_MACHINE_I386	yes
dlls/serialui/i386-windows/serialui.dll	69632	55a810d314448e14fdb3498fc10c9af2c6bf2eb8895c0de88c7bc057cd4cc3d9	pe	0x014C	IMAGE_FILE_MACHINE_I386	yes
dlls/serialui/tests/i386-windows/serialui_test-stripped.exe	45056	67c1208e2ede56107163903fac33552fdc891f88cb325e29ceedd72d3e31ce7a	pe	0x014C	IMAGE_FILE_MACHINE_I386	no
dlls/serialui/tests/i386-windows/serialui_test.exe	45056	67c1208e2ede56107163903fac33552fdc891f88cb325e29ceedd72d3e31ce7a	pe	0x014C	IMAGE_FILE_MACHINE_I386	no
dlls/setupapi/i386-windows/setupapi.dll	704512	e82bb8495e716a0b42d8cf397fe401cabd729bd91e4ca3af7221661ba2ad4c92	pe	0x014C	IMAGE_FILE_MACHINE_I386	yes
dlls/setupapi/tests/i386-windows/coinst.dll	28672	b3d471f6b50c0da965409843029e74fc39dce0473db9e793586684c3bcfbd130	pe	0x014C	IMAGE_FILE_MACHINE_I386	no
dlls/setupapi/tests/i386-windows/selfreg.dll	196608	fa7e5a2fb6e26c24549a543097ea831d7c51d5456ba78a0d928bc5c51a241f1e	pe	0x014C	IMAGE_FILE_MACHINE_I386	no
dlls/setupapi/tests/i386-windows/setupapi_test-stripped.exe	1339392	b02428710e033ceea96b09dc935e349c4e8b3698543c5faf8c81fed12bd2b0d3	pe	0x014C	IMAGE_FILE_MACHINE_I386	no
dlls/setupapi/tests/i386-windows/setupapi_test.exe	1339392	b02428710e033ceea96b09dc935e349c4e8b3698543c5faf8c81fed12bd2b0d3	pe	0x014C	IMAGE_FILE_MACHINE_I386	no
dlls/setupx.dll16/i386-windows/setupx.dll16	122880	e1777ba1478e0485f432ad93c10ab9f0a548eba939869969c34329f3968515a3	pe	0x014C	IMAGE_FILE_MACHINE_I386	yes
dlls/sfc/i386-windows/sfc.dll	8192	ca5b40b4fb84201431d47e24559250e1bfcbfab3ddc69ade7d453d58bcff6506	pe-data	0x014C	IMAGE_FILE_MACHINE_I386	yes
dlls/sfc_os/i386-windows/sfc_os.dll	36864	7c6b5da9d95888f438c84df61e02485771dd3fa834b3b45f7b4b50a67ac6df16	pe	0x014C	IMAGE_FILE_MACHINE_I386	yes
dlls/shcore/i386-windows/shcore.dll	135168	f8abd6d3897776324a42a9850e1e450443d0a098c24553154dff2107a337a8f7	pe	0x014C	IMAGE_FILE_MACHINE_I386	yes
dlls/shcore/tests/i386-windows/shcore_test-stripped.exe	81920	bf0d8d27011554b5a13684f8968112a6a81c590ceb2e034f73507e1df701bf81	pe	0x014C	IMAGE_FILE_MACHINE_I386	no
dlls/shcore/tests/i386-windows/shcore_test.exe	81920	bf0d8d27011554b5a13684f8968112a6a81c590ceb2e034f73507e1df701bf81	pe	0x014C	IMAGE_FILE_MACHINE_I386	no
dlls/shdoclc/i386-windows/shdoclc.dll	221184	9e47ee7df25a2bc9c2919a2c3d261700ad3d8f24c8437a5cb0559ccbb35abfaa	pe-data	0x014C	IMAGE_FILE_MACHINE_I386	yes
dlls/shdocvw/i386-windows/shdocvw.dll	303104	a36dce691b118a139adfb4371d946ab0e0e6305b9ba45f25d42642858ea2a029	pe	0x014C	IMAGE_FILE_MACHINE_I386	yes
dlls/shdocvw/tests/i386-windows/shdocvw_test-stripped.exe	81920	d3d759b688b8201151aa8ffaaf56d9b7638a9dbba90b381acc7e8e6541462c61	pe	0x014C	IMAGE_FILE_MACHINE_I386	no
dlls/shdocvw/tests/i386-windows/shdocvw_test.exe	81920	d3d759b688b8201151aa8ffaaf56d9b7638a9dbba90b381acc7e8e6541462c61	pe	0x014C	IMAGE_FILE_MACHINE_I386	no
dlls/shell.dll16/i386-windows/shell.dll16	49152	f145b7d5897fdc6b921c439afd2f6395d9542d4648f304f0a6f34ab89384f15a	pe	0x014C	IMAGE_FILE_MACHINE_I386	yes
dlls/shell32/i386-windows/shell32.dll	10215424	59bc334600711af72c92e93b973d9fad30edfaaa292c0fde425c7054f658e72b	pe	0x014C	IMAGE_FILE_MACHINE_I386	yes
dlls/shell32/tests/i386-windows/shell32_test-stripped.exe	1282048	1369ace14fa4fbb054497853129b6bec361440dcc85021daa5cde0f815b6baf0	pe	0x014C	IMAGE_FILE_MACHINE_I386	no
dlls/shell32/tests/i386-windows/shell32_test.exe	1282048	1369ace14fa4fbb054497853129b6bec361440dcc85021daa5cde0f815b6baf0	pe	0x014C	IMAGE_FILE_MACHINE_I386	no
dlls/shfolder/i386-windows/shfolder.dll	24576	ef429b5fee4404ddee80169583f92f3d5196ea210223255e88410824245e49d9	pe	0x014C	IMAGE_FILE_MACHINE_I386	yes
dlls/shlwapi/i386-windows/shlwapi.dll	520192	0764676080110410a1c06e33fa154b29d077b134b203f7f126e9e71e1e49a55a	pe	0x014C	IMAGE_FILE_MACHINE_I386	yes
dlls/shlwapi/tests/i386-windows/shlwapi_test-stripped.exe	860160	484de8d13fce505acf420d44faff58a881436d58d87d885095c16d353bb42f57	pe	0x014C	IMAGE_FILE_MACHINE_I386	no
dlls/shlwapi/tests/i386-windows/shlwapi_test.exe	860160	484de8d13fce505acf420d44faff58a881436d58d87d885095c16d353bb42f57	pe	0x014C	IMAGE_FILE_MACHINE_I386	no
dlls/slbcsp/i386-windows/slbcsp.dll	32768	e4fca491d4d8690535ce1a259c1c1c8a8020e2a62ed44be84cb9c063272e6bfc	pe	0x014C	IMAGE_FILE_MACHINE_I386	yes
dlls/slc/i386-windows/slc.dll	40960	c782e560611bb96147f948892f1fe6bfdd13c0065447a4342bed7a8e27cd1241	pe	0x014C	IMAGE_FILE_MACHINE_I386	yes
dlls/slc/tests/i386-windows/slc_test-stripped.exe	36864	35d6c74756f82257dc33850f63b6982939b097eb1899e9c58b6683f36032e59b	pe	0x014C	IMAGE_FILE_MACHINE_I386	no
dlls/slc/tests/i386-windows/slc_test.exe	36864	35d6c74756f82257dc33850f63b6982939b097eb1899e9c58b6683f36032e59b	pe	0x014C	IMAGE_FILE_MACHINE_I386	no
dlls/snmpapi/i386-windows/snmpapi.dll	53248	0a2dc2f78f40923dfc727a04242689d37afa697b15be98539f00cf6cf1f5de9e	pe	0x014C	IMAGE_FILE_MACHINE_I386	yes
dlls/snmpapi/tests/i386-windows/snmpapi_test-stripped.exe	57344	e2d7c74a715cf9da1c0831c2fc96fca9fc1478f958c1b2fdbc56b4d229b7347a	pe	0x014C	IMAGE_FILE_MACHINE_I386	no
dlls/snmpapi/tests/i386-windows/snmpapi_test.exe	57344	e2d7c74a715cf9da1c0831c2fc96fca9fc1478f958c1b2fdbc56b4d229b7347a	pe	0x014C	IMAGE_FILE_MACHINE_I386	no
dlls/softpub/i386-windows/softpub.dll	28672	93b52043edac48d3994ace82adbd5031ff0751c47e67aa11a4a87c3076a4e4ab	pe	0x014C	IMAGE_FILE_MACHINE_I386	yes
dlls/sound.drv16/i386-windows/sound.drv16	36864	bdaa998b7de4655e1807dc470be86c2bb35ec9ae3ab62ab5712cff0365c13685	pe	0x014C	IMAGE_FILE_MACHINE_I386	yes
dlls/spoolss/i386-windows/spoolss.dll	86016	f6dadf073eb06dcc7a7339467f79d72c0ede3edb78e84f415808b796db7f1a96	pe	0x014C	IMAGE_FILE_MACHINE_I386	yes
dlls/spoolss/tests/i386-windows/spoolss_test-stripped.exe	40960	eb0fbe0cfed12789396c9590e5ba6515755a09a7031b6dc68c77c645d1fc2b8a	pe	0x014C	IMAGE_FILE_MACHINE_I386	no
dlls/spoolss/tests/i386-windows/spoolss_test.exe	40960	eb0fbe0cfed12789396c9590e5ba6515755a09a7031b6dc68c77c645d1fc2b8a	pe	0x014C	IMAGE_FILE_MACHINE_I386	no
dlls/sppc/i386-windows/sppc.dll	53248	1a135e729b18a046367bdab89e2abbc1374da1519de1518b017ef90ec8236212	pe	0x014C	IMAGE_FILE_MACHINE_I386	yes
dlls/srclient/i386-windows/srclient.dll	28672	e8e975d75090dccbc7373cf1745048ea1144506520174a8b5c236c3006fc358a	pe	0x014C	IMAGE_FILE_MACHINE_I386	yes
dlls/srvcli/i386-windows/srvcli.dll	36864	9167d11cfba52303c1ea771c025d256de1c0392c1d54ab6913bc00354e8cf3ab	pe	0x014C	IMAGE_FILE_MACHINE_I386	yes
dlls/srvsvc/i386-windows/srvsvc.dll	32768	178b0b2d27588ddd510bafdc6cf21c365ac80ed0ff9660f4efa1ae53ee4804bd	pe	0x014C	IMAGE_FILE_MACHINE_I386	yes
dlls/sspicli/i386-windows/sspicli.dll	57344	b695a9b61139051161080d07f303838563e8bf188ef22306a1336918e4d290ae	pe	0x014C	IMAGE_FILE_MACHINE_I386	yes
dlls/stdole2.tlb/i386-windows/stdole2.tlb	24576	37576096bf7472b24f38fe2a368bffc4354643eaa096d5854a0856b60fbc43ba	pe-data	0x014C	IMAGE_FILE_MACHINE_I386	yes
dlls/stdole32.tlb/i386-windows/stdole32.tlb	12288	eb29d85ccb67cc6292c0f6f2dfc53dcab6a7235f64e09281692c37f17a0c5750	pe-data	0x014C	IMAGE_FILE_MACHINE_I386	yes
dlls/sti/i386-windows/sti.dll	233472	a5b01eba8b8e43d7b1a0e8c93addc602adc098de0521fee655b15445e5a4c4d7	pe	0x014C	IMAGE_FILE_MACHINE_I386	yes
dlls/sti/tests/i386-windows/sti_test-stripped.exe	53248	9720295a6f9c5b02e7f4a48eeea31d0138384f01fdf6a00c575ac373235d3469	pe	0x014C	IMAGE_FILE_MACHINE_I386	no
dlls/sti/tests/i386-windows/sti_test.exe	53248	9720295a6f9c5b02e7f4a48eeea31d0138384f01fdf6a00c575ac373235d3469	pe	0x014C	IMAGE_FILE_MACHINE_I386	no
dlls/storage.dll16/i386-windows/storage.dll16	241664	7e5a15461fe8f3f4229786c49805ff2f2f906e09e1c81b8cf7ae70af56571e48	pe	0x014C	IMAGE_FILE_MACHINE_I386	yes
dlls/stress.dll16/i386-windows/stress.dll16	32768	beb3d199640f0403ba5e9a6ffcb77296e0ae63eb65652547ba2ea75c5bdd4862	pe	0x014C	IMAGE_FILE_MACHINE_I386	yes
dlls/strmdll/i386-windows/strmdll.dll	32768	a4d96d59f0b0f9b3277e0e1096af7b74ede27d5be12d88a12768f9549d751706	pe	0x014C	IMAGE_FILE_MACHINE_I386	yes
dlls/svrapi/i386-windows/svrapi.dll	28672	fd79ddc20a528c835b32d03df3bb026e32cf75bbb35c0e03e64bc946c8eeae9a	pe	0x014C	IMAGE_FILE_MACHINE_I386	yes
dlls/sxs/i386-windows/sxs.dll	73728	404f4e858fcbda4372b95918acfc410325a9ae15f1013886cf86c2288f5a5010	pe	0x014C	IMAGE_FILE_MACHINE_I386	yes
dlls/sxs/tests/i386-windows/sxs_test-stripped.exe	110592	a6db68919e156fee08316811d1a3310be7c20034e44447a766ac360418df3c5e	pe	0x014C	IMAGE_FILE_MACHINE_I386	no
dlls/sxs/tests/i386-windows/sxs_test.exe	110592	a6db68919e156fee08316811d1a3310be7c20034e44447a766ac360418df3c5e	pe	0x014C	IMAGE_FILE_MACHINE_I386	no
dlls/system.drv16/i386-windows/system.drv16	36864	a27f72b72630e5a7b8e3dd04b2957eed2da8794b8e9fca13ea6391738d674eee	pe	0x014C	IMAGE_FILE_MACHINE_I386	yes
dlls/t2embed/i386-windows/t2embed.dll	40960	73f03cb47d6c049dfd8dc17cae0395f1724e22658082e0b9b85382de6fe1e0dd	pe	0x014C	IMAGE_FILE_MACHINE_I386	yes
dlls/t2embed/tests/i386-windows/t2embed_test-stripped.exe	40960	80bc6fe8892e909c3afec29e8a6f6702c2a17f2ab86c0ee12938302879d85570	pe	0x014C	IMAGE_FILE_MACHINE_I386	no
dlls/t2embed/tests/i386-windows/t2embed_test.exe	40960	80bc6fe8892e909c3afec29e8a6f6702c2a17f2ab86c0ee12938302879d85570	pe	0x014C	IMAGE_FILE_MACHINE_I386	no
dlls/tapi32/i386-windows/tapi32.dll	204800	45dd2f80f9facfa46c17efcd1fce80c78355dd0443c2a09e21a554d8a76afa7d	pe	0x014C	IMAGE_FILE_MACHINE_I386	yes
dlls/tapi32/tests/i386-windows/tapi32_test-stripped.exe	36864	e49b7ffba4c5bf66e31da6094834279bfd7c5f0a75d9b95b523f632625917ff0	pe	0x014C	IMAGE_FILE_MACHINE_I386	no
dlls/tapi32/tests/i386-windows/tapi32_test.exe	36864	e49b7ffba4c5bf66e31da6094834279bfd7c5f0a75d9b95b523f632625917ff0	pe	0x014C	IMAGE_FILE_MACHINE_I386	no
dlls/taskschd/i386-windows/taskschd.dll	266240	26fb9fe2d054ef7552597efbb9a588d5c5e718716f77ddf5301759c3debcf4ae	pe	0x014C	IMAGE_FILE_MACHINE_I386	yes
dlls/taskschd/tests/i386-windows/taskschd_test-stripped.exe	172032	549f8eb95c764dfcedbc123d66876b4ea001846f9b5e2e1f23d3c0a28fa39228	pe	0x014C	IMAGE_FILE_MACHINE_I386	no
dlls/taskschd/tests/i386-windows/taskschd_test.exe	172032	549f8eb95c764dfcedbc123d66876b4ea001846f9b5e2e1f23d3c0a28fa39228	pe	0x014C	IMAGE_FILE_MACHINE_I386	no
dlls/tbs/i386-windows/tbs.dll	36864	031de6881ec7792b63addcac034d42bdf9745ea763af739919748239f29756c7	pe	0x014C	IMAGE_FILE_MACHINE_I386	yes
dlls/tdh/i386-windows/tdh.dll	45056	9149642ca7ba7ecbf3afde147f62bbd846a28a70fc5d62d0d954ce6571e6452b	pe	0x014C	IMAGE_FILE_MACHINE_I386	yes
dlls/tdh/tests/i386-windows/tdh_test-stripped.exe	36864	80bf426c4d5cbf2fd53638d584c3d2ebd35423d6e80544f02382a7e07610fbaa	pe	0x014C	IMAGE_FILE_MACHINE_I386	no
dlls/tdh/tests/i386-windows/tdh_test.exe	36864	80bf426c4d5cbf2fd53638d584c3d2ebd35423d6e80544f02382a7e07610fbaa	pe	0x014C	IMAGE_FILE_MACHINE_I386	no
dlls/tdi.sys/i386-windows/tdi.sys	49152	53b53402cfad588a37e032ab1d4313fd6969c7928d6605a2a54071f43fd4455d	pe	0x014C	IMAGE_FILE_MACHINE_I386	yes
dlls/threadpoolwinrt/i386-windows/threadpoolwinrt.dll	229376	f8e41622aa7d046614b146f0ebcfc0f06ccd871310c06113559046e2c78e7396	pe	0x014C	IMAGE_FILE_MACHINE_I386	yes
dlls/threadpoolwinrt/tests/i386-windows/threadpoolwinrt_test-stripped.exe	225280	3bb4ae4d5c6e09655d41d7ae9c1c417fe3aad1375a4d60d4917dfe460b34853f	pe	0x014C	IMAGE_FILE_MACHINE_I386	no
dlls/threadpoolwinrt/tests/i386-windows/threadpoolwinrt_test.exe	225280	3bb4ae4d5c6e09655d41d7ae9c1c417fe3aad1375a4d60d4917dfe460b34853f	pe	0x014C	IMAGE_FILE_MACHINE_I386	no
dlls/thumbcache/i386-windows/thumbcache.dll	212992	5f35d393a9665fd0bf101b36d296fb2a1ac8c2d956471a09bdf2a77d5a328d18	pe	0x014C	IMAGE_FILE_MACHINE_I386	yes
dlls/thumbcache/tests/i386-windows/thumbcache_test-stripped.exe	204800	c1cc2ce6708e2525637b74f2ad20f4b6e705798c60b279c3b1c1f764f800af91	pe	0x014C	IMAGE_FILE_MACHINE_I386	no
dlls/thumbcache/tests/i386-windows/thumbcache_test.exe	204800	c1cc2ce6708e2525637b74f2ad20f4b6e705798c60b279c3b1c1f764f800af91	pe	0x014C	IMAGE_FILE_MACHINE_I386	no
dlls/tiptsf/i386-windows/tiptsf.dll	69632	4efc19f7a66ee03f128686a12f7110a6079d93e14f67baf3a28d72fef99e399f	pe	0x014C	IMAGE_FILE_MACHINE_I386	yes
dlls/toolhelp.dll16/i386-windows/toolhelp.dll16	45056	b5c6a49baa6dcaa5e4cb244e69ff9801b3a35521bb4914f90db2e288c3208163	pe	0x014C	IMAGE_FILE_MACHINE_I386	yes
dlls/traffic/i386-windows/traffic.dll	36864	8aea0e99f23cbbafe4584eb75c17e402191d580dc79a8592dbe25ef3f319eba9	pe	0x014C	IMAGE_FILE_MACHINE_I386	yes
dlls/twain.dll16/i386-windows/twain.dll16	32768	e4e00a6aec8fb5bde981a84ff0812cbfb118354da90171b8bf10c4012428054d	pe	0x014C	IMAGE_FILE_MACHINE_I386	yes
dlls/twain_32/i386-windows/twain_32.dll	28672	47a2ad4416b40844769e35184da0525cc343b15cd390baf0033f091de8cc40c5	pe	0x014C	IMAGE_FILE_MACHINE_I386	yes
dlls/twain_32/tests/i386-windows/twain_32_test-stripped.exe	65536	276f6ce43f5f091f9b4f4af213aebd64990442f982486ac002a85e75220abf42	pe	0x014C	IMAGE_FILE_MACHINE_I386	no
dlls/twain_32/tests/i386-windows/twain_32_test.exe	65536	276f6ce43f5f091f9b4f4af213aebd64990442f982486ac002a85e75220abf42	pe	0x014C	IMAGE_FILE_MACHINE_I386	no
dlls/twaindsm/i386-windows/twaindsm.dll	61440	b4fea7cb104bf149769e2e92fb49bdd69feeb7710964f398b1904df3eb51295e	pe	0x014C	IMAGE_FILE_MACHINE_I386	yes
dlls/twinapi.appcore/i386-windows/twinapi.appcore.dll	245760	4b99fe00f67c004251ed5520aa89e882d0c79606f74173b760cbc0af9f0c9f23	pe	0x014C	IMAGE_FILE_MACHINE_I386	yes
dlls/twinapi.appcore/tests/i386-windows/twinapi.appcore_test-stripped.exe	155648	36e7a8ea73f3e489d7e78bea53bb79424d0403ff505e16ad2ae07cdc672b5de3	pe	0x014C	IMAGE_FILE_MACHINE_I386	no
dlls/twinapi.appcore/tests/i386-windows/twinapi.appcore_test.exe	155648	36e7a8ea73f3e489d7e78bea53bb79424d0403ff505e16ad2ae07cdc672b5de3	pe	0x014C	IMAGE_FILE_MACHINE_I386	no
dlls/typelib.dll16/i386-windows/typelib.dll16	36864	facdb9420bb59461e0aaf8691d76d95218673c2cfe14b5b407d6fafb47a326e1	pe	0x014C	IMAGE_FILE_MACHINE_I386	yes
dlls/tzres/i386-windows/tzres.dll	532480	41cd3ec7bcae6e8a89991f37834fced4c2ade490089480583ad2d8e489e6d032	pe-data	0x014C	IMAGE_FILE_MACHINE_I386	yes
dlls/ucrtbase/i386-windows/ucrtbase.dll	1200128	2be07294324142f2aa8d50a40843349d1afe2c94e8389253e957852f619316fa	pe	0x014C	IMAGE_FILE_MACHINE_I386	yes
dlls/ucrtbase/tests/i386-windows/threaddll.dll	28672	82a2058c394655b80fadcfb4dd74bf7563c7836700dc1c15a6eb429ad259a1cd	pe	0x014C	IMAGE_FILE_MACHINE_I386	no
dlls/ucrtbase/tests/i386-windows/ucrtbase_test-stripped.exe	450560	66b058d5a3dccb8ee6bbb52dca9e8dfce9efdd6feae219ebb68b6da0d1fc8247	pe	0x014C	IMAGE_FILE_MACHINE_I386	no
dlls/ucrtbase/tests/i386-windows/ucrtbase_test.exe	450560	66b058d5a3dccb8ee6bbb52dca9e8dfce9efdd6feae219ebb68b6da0d1fc8247	pe	0x014C	IMAGE_FILE_MACHINE_I386	no
dlls/uianimation/i386-windows/uianimation.dll	258048	69bdcf24f0a8a0452a15fe348355b6cceda3d0ce17acfb0705cf872c1a4b2d21	pe	0x014C	IMAGE_FILE_MACHINE_I386	yes
dlls/uianimation/tests/i386-windows/uianimation_test-stripped.exe	49152	8907962c5449ef718c2c65b26492d1e43cedb55814d44151a0bbda9273cd4258	pe	0x014C	IMAGE_FILE_MACHINE_I386	no
dlls/uianimation/tests/i386-windows/uianimation_test.exe	49152	8907962c5449ef718c2c65b26492d1e43cedb55814d44151a0bbda9273cd4258	pe	0x014C	IMAGE_FILE_MACHINE_I386	no
dlls/uiautomationcore/i386-windows/uiautomationcore.dll	655360	52c3bbe8bd788f6411eaf3222b562f834fad14eddc02fe734fcb159658b451bb	pe	0x014C	IMAGE_FILE_MACHINE_I386	yes
dlls/uiautomationcore/tests/i386-windows/uiautomationcore_test-stripped.exe	823296	05412f73dfedd53740c66093587052b4430920efdc4b3682df2fc8f75a7cdef6	pe	0x014C	IMAGE_FILE_MACHINE_I386	no
dlls/uiautomationcore/tests/i386-windows/uiautomationcore_test.exe	823296	05412f73dfedd53740c66093587052b4430920efdc4b3682df2fc8f75a7cdef6	pe	0x014C	IMAGE_FILE_MACHINE_I386	no
dlls/uiribbon/i386-windows/uiribbon.dll	212992	3556f95e064df0cddbc6b8f0d60fc1da41b71ff1a5db81b02ca34d82eb2873b4	pe	0x014C	IMAGE_FILE_MACHINE_I386	yes
dlls/unicows/i386-windows/unicows.dll	147456	300fe2f353ef26277896dccc2946fcd4fcf13e459a1915e44ed77d94fd6a5fe6	pe	0x014C	IMAGE_FILE_MACHINE_I386	yes
dlls/updspapi/i386-windows/updspapi.dll	36864	7eedc8fbcb1063c8c9c41168d434f0218986deb7c931a88ca95f67bccdc1336d	pe	0x014C	IMAGE_FILE_MACHINE_I386	yes
dlls/url/i386-windows/url.dll	36864	1acd1a3c6b4ea5cd0cf05ee156d588797f6b5120bd0aeaefc1f7b316f75461e9	pe	0x014C	IMAGE_FILE_MACHINE_I386	yes
dlls/urlmon/i386-windows/urlmon.dll	630784	418ce1f7eadda31bea17146db132599ee2aee5f8f6c5ab84666b5f22c6da3aeb	pe	0x014C	IMAGE_FILE_MACHINE_I386	yes
dlls/urlmon/tests/i386-windows/urlmon_test-stripped.exe	1175552	57eaa0fcf722cebc15b9800a191cb23e456aec6bfb4124f2eca148f68056cf0a	pe	0x014C	IMAGE_FILE_MACHINE_I386	no
dlls/urlmon/tests/i386-windows/urlmon_test.exe	1175552	57eaa0fcf722cebc15b9800a191cb23e456aec6bfb4124f2eca148f68056cf0a	pe	0x014C	IMAGE_FILE_MACHINE_I386	no
dlls/usbd.sys/i386-windows/usbd.sys	40960	c5c0914903c62987114d3f8cb286d54bd399d6cffbb31cbba279abc6abb2f025	pe	0x014C	IMAGE_FILE_MACHINE_I386	yes
dlls/user.exe16/i386-windows/user.exe16	335872	4cf41675caf04ce54972d02b6daa233337d086f60c28496c8ec582bbaabc400b	pe	0x014C	IMAGE_FILE_MACHINE_I386	yes
dlls/user32/i386-windows/user32.dll	2195456	a4b16f508529f5d927ede63e3225e22a415ea27134c218ffc2b77e992a3d76b0	pe	0x014C	IMAGE_FILE_MACHINE_I386	yes
dlls/user32/tests/i386-windows/testdll.dll	28672	7d45244485bff2a41b85fe8874eb0c45725acff4f741578c5dff8f5e4cc8d5bf	pe	0x014C	IMAGE_FILE_MACHINE_I386	no
dlls/user32/tests/i386-windows/user32_test-stripped.exe	4218880	2b3903cb19bff8883e4d22db6d9786a532e430c2e440c44c24b7c6d49591ee70	pe	0x014C	IMAGE_FILE_MACHINE_I386	no
dlls/user32/tests/i386-windows/user32_test.exe	4218880	2b3903cb19bff8883e4d22db6d9786a532e430c2e440c44c24b7c6d49591ee70	pe	0x014C	IMAGE_FILE_MACHINE_I386	no
dlls/userenv/i386-windows/userenv.dll	53248	6476395dab44d8deeb3f99fb7cfd23d67dbf56e7ede7126535111a3861ae0ba4	pe	0x014C	IMAGE_FILE_MACHINE_I386	yes
dlls/userenv/tests/i386-windows/userenv_test-stripped.exe	57344	ae5d68048a1696f84c80d9107274ab4aeb56471b463412e2ec45e5fabdfedb3b	pe	0x014C	IMAGE_FILE_MACHINE_I386	no
dlls/userenv/tests/i386-windows/userenv_test.exe	57344	ae5d68048a1696f84c80d9107274ab4aeb56471b463412e2ec45e5fabdfedb3b	pe	0x014C	IMAGE_FILE_MACHINE_I386	no
dlls/usp10/i386-windows/usp10.dll	8192	adcdf598b3cb44d3d277dd9b46834f293c53a315f7bd5cabbd3269511f7c1ff5	pe-data	0x014C	IMAGE_FILE_MACHINE_I386	yes
dlls/usp10/tests/i386-windows/usp10_test-stripped.exe	262144	429d8f92874a82ba530cdc0108b9982dc7336d7b6017f9727150b5215c3c28b5	pe	0x014C	IMAGE_FILE_MACHINE_I386	no
dlls/usp10/tests/i386-windows/usp10_test.exe	262144	429d8f92874a82ba530cdc0108b9982dc7336d7b6017f9727150b5215c3c28b5	pe	0x014C	IMAGE_FILE_MACHINE_I386	no
dlls/utildll/i386-windows/utildll.dll	32768	cc08d0351ed2ebc89127e045de7f8ccf3818a5b645bb905087cbcd06a31dc961	pe	0x014C	IMAGE_FILE_MACHINE_I386	yes
dlls/uxtheme/i386-windows/uxtheme.dll	241664	d379841e8d4cbc752003973f711c7913c837a345b9e232ad6468513aea03191e	pe	0x014C	IMAGE_FILE_MACHINE_I386	yes
dlls/uxtheme/tests/i386-windows/uxtheme_test-stripped.exe	184320	87d086b1bd1d078ff7b56e126c469812e5fca3a8051e3c77a12740afd7210448	pe	0x014C	IMAGE_FILE_MACHINE_I386	no
dlls/uxtheme/tests/i386-windows/uxtheme_test.exe	184320	87d086b1bd1d078ff7b56e126c469812e5fca3a8051e3c77a12740afd7210448	pe	0x014C	IMAGE_FILE_MACHINE_I386	no
dlls/vbscript/i386-windows/vbscript.dll	626688	e7d27747344ba1fb6d7eddd509736a4d3b0ff0804dcb216f12a23cab56cdf730	pe	0x014C	IMAGE_FILE_MACHINE_I386	yes
dlls/vbscript/tests/i386-windows/vbscript_test-stripped.exe	929792	3f20bba4192ac01759ddb98a536ab5741a677ec06bd81a35d0749e0f60ee494d	pe	0x014C	IMAGE_FILE_MACHINE_I386	no
dlls/vbscript/tests/i386-windows/vbscript_test.exe	929792	3f20bba4192ac01759ddb98a536ab5741a677ec06bd81a35d0749e0f60ee494d	pe	0x014C	IMAGE_FILE_MACHINE_I386	no
dlls/vccorlib140/i386-windows/vccorlib140.dll	221184	68a66df3e715afc46f1d4e37338a7924747deeb49d2f830ac972b5aece2955c9	pe	0x014C	IMAGE_FILE_MACHINE_I386	yes
dlls/vccorlib140/tests/i386-windows/vccorlib140_test-stripped.exe	196608	a38611d9284e8cf935fcdb0de97a155a227b68c5e6abca463d608c570242a8cc	pe	0x014C	IMAGE_FILE_MACHINE_I386	no
dlls/vccorlib140/tests/i386-windows/vccorlib140_test.exe	196608	a38611d9284e8cf935fcdb0de97a155a227b68c5e6abca463d608c570242a8cc	pe	0x014C	IMAGE_FILE_MACHINE_I386	no
dlls/vcomp/i386-windows/vcomp.dll	73728	0a3bfb079eac4e098e9ca187a218b8ad8477cff30766375f40d85158a2d889d7	pe	0x014C	IMAGE_FILE_MACHINE_I386	yes
dlls/vcomp/tests/i386-windows/vcomp_test-stripped.exe	151552	0a7a902c7dde22f5b5c69463d417358d84c810085a026d14c558dc297c609d54	pe	0x014C	IMAGE_FILE_MACHINE_I386	no
dlls/vcomp/tests/i386-windows/vcomp_test.exe	151552	0a7a902c7dde22f5b5c69463d417358d84c810085a026d14c558dc297c609d54	pe	0x014C	IMAGE_FILE_MACHINE_I386	no
dlls/vcomp100/i386-windows/vcomp100.dll	73728	2dfc57d17a22722f3aa70ad0768f2c00a04d77ddf065115e04deb9864299e937	pe	0x014C	IMAGE_FILE_MACHINE_I386	yes
dlls/vcomp110/i386-windows/vcomp110.dll	73728	61f133fc8cab4c1fb1ea856b641e94da7bc44c44aa68600ff1aad9998b6c57b1	pe	0x014C	IMAGE_FILE_MACHINE_I386	yes
dlls/vcomp110/tests/i386-windows/vcomp110_test-stripped.exe	45056	1ea6db619f68dff70c74b73a9e7c2ebb60ef9a4e86b1ee2f3289128b741fff81	pe	0x014C	IMAGE_FILE_MACHINE_I386	no
dlls/vcomp110/tests/i386-windows/vcomp110_test.exe	45056	1ea6db619f68dff70c74b73a9e7c2ebb60ef9a4e86b1ee2f3289128b741fff81	pe	0x014C	IMAGE_FILE_MACHINE_I386	no
dlls/vcomp120/i386-windows/vcomp120.dll	73728	1ae09d3aa7aacfdd849ac79453617c6dd04609df6cb850f6281b1e185f5368d9	pe	0x014C	IMAGE_FILE_MACHINE_I386	yes
dlls/vcomp140/i386-windows/vcomp140.dll	73728	7f76c2735653f2d6d5885e01c9b60c238926dd9ed1502fe221c934a4ccdaf51b	pe	0x014C	IMAGE_FILE_MACHINE_I386	yes
dlls/vcomp90/i386-windows/vcomp90.dll	32768	c5dbc225fb35bf73f2e1bd8684d51ae96d9802fea19b7a242d9333adbd621e02	pe	0x014C	IMAGE_FILE_MACHINE_I386	yes
dlls/vcruntime140/i386-windows/vcruntime140.dll	40960	321bdb66c018993993067eae60dabac0d3655071bba0e326ce3fb8ac48ae258f	pe	0x014C	IMAGE_FILE_MACHINE_I386	yes
dlls/vdhcp.vxd/i386-windows/vdhcp.vxd	28672	d0d4e5a2587ce607508f21928b943771f9d99830f9b98d29f06fecb77f4c6165	pe	0x014C	IMAGE_FILE_MACHINE_I386	yes
dlls/vdmdbg/i386-windows/vdmdbg.dll	36864	ba6906217a44c386869e9c448857cf3a27d33782d2c3bdfab9784f81515792a7	pe	0x014C	IMAGE_FILE_MACHINE_I386	yes
dlls/ver.dll16/i386-windows/ver.dll16	36864	c9a9f5b03c0c6b9bc89794a7383da2f70a1eab5c6f6b9a893fd4814c7ae0ffc6	pe	0x014C	IMAGE_FILE_MACHINE_I386	yes
dlls/version/i386-windows/version.dll	40960	516a1f72c10d969c1fea06015b1a0ca2d57f84667c2907318c39ab61b727ac87	pe	0x014C	IMAGE_FILE_MACHINE_I386	yes
dlls/version/tests/i386-windows/version_test-stripped.exe	106496	cc917ec3897a4e41f3dfe077567f982ab462368240e2ed056bdd3f4bce3130a7	pe	0x014C	IMAGE_FILE_MACHINE_I386	no
dlls/version/tests/i386-windows/version_test.exe	106496	cc917ec3897a4e41f3dfe077567f982ab462368240e2ed056bdd3f4bce3130a7	pe	0x014C	IMAGE_FILE_MACHINE_I386	no
dlls/vga/i386-windows/vga.dll	24576	d419cc571eeda025d7bca5947e27a7243e626c9cf9271aa07fed66cf764b0d2f	pe	0x014C	IMAGE_FILE_MACHINE_I386	yes
dlls/vidreszr/i386-windows/vidreszr.dll	1867776	36bd5c8dc6bef52e6040c8d282658e46072b2eb997e4457ee0a332012781e916	pe	0x014C	IMAGE_FILE_MACHINE_I386	yes
dlls/virtdisk/i386-windows/virtdisk.dll	36864	84319bea3994b1f3100d718e7e5f7a1a86cd09161547a80bca039f394af946b7	pe	0x014C	IMAGE_FILE_MACHINE_I386	yes
dlls/virtdisk/tests/i386-windows/virtdisk_test-stripped.exe	40960	6f31cc619ae23206f8fd93ab37e31c1dd729695259a785483243ec73e2208da4	pe	0x014C	IMAGE_FILE_MACHINE_I386	no
dlls/virtdisk/tests/i386-windows/virtdisk_test.exe	40960	6f31cc619ae23206f8fd93ab37e31c1dd729695259a785483243ec73e2208da4	pe	0x014C	IMAGE_FILE_MACHINE_I386	no
dlls/vmm.vxd/i386-windows/vmm.vxd	36864	3c8236e6ac32e98d4a0554eb41ddb5f06e7408ec553d4bb64b138a78b9fdacac	pe	0x014C	IMAGE_FILE_MACHINE_I386	yes
dlls/vnbt.vxd/i386-windows/vnbt.vxd	28672	e25b4c68f4000dd7a81a3104fdd5bfbbf9da980d4b000ba79445907addcbe2b2	pe	0x014C	IMAGE_FILE_MACHINE_I386	yes
dlls/vnetbios.vxd/i386-windows/vnetbios.vxd	28672	d54f7d28f2b7ab418c9192289b6910d45bcffb20a917f512a064cd9a5d3989fb	pe	0x014C	IMAGE_FILE_MACHINE_I386	yes
dlls/vssapi/i386-windows/vssapi.dll	57344	6946558bf2dd9336468791ad612f3a53c0626909846d0b1d35a0533c388ff743	pe	0x014C	IMAGE_FILE_MACHINE_I386	yes
dlls/vtdapi.vxd/i386-windows/vtdapi.vxd	28672	dda1869af08bfc832e28bce87ade31eaecb34021c62939ba142b7ffe6bc6da2c	pe	0x014C	IMAGE_FILE_MACHINE_I386	yes
dlls/vulkan-1/i386-windows/vulkan-1.dll	49152	71631ba922347d3b5d895cec4402aef75b06e7a874043c83ba4492b68d28eca5	pe	0x014C	IMAGE_FILE_MACHINE_I386	yes
dlls/vulkan-1/tests/i386-windows/vulkan-1_test-stripped.exe	114688	0871f4e5257834512a4a5d3ba20067d2fe4ce4c1243d0a176d7af66e1990350a	pe	0x014C	IMAGE_FILE_MACHINE_I386	no
dlls/vulkan-1/tests/i386-windows/vulkan-1_test.exe	114688	0871f4e5257834512a4a5d3ba20067d2fe4ce4c1243d0a176d7af66e1990350a	pe	0x014C	IMAGE_FILE_MACHINE_I386	no
dlls/vwin32.vxd/i386-windows/vwin32.vxd	32768	6c885960715b7c5170250c2201edd50120c176de01924647a462d010d50fcf72	pe	0x014C	IMAGE_FILE_MACHINE_I386	yes
dlls/w32skrnl/i386-windows/w32skrnl.dll	57344	6999bf79177040462667e92010e6cc76c7536441c58d59aebab9a297dacf7516	pe	0x014C	IMAGE_FILE_MACHINE_I386	yes
dlls/w32sys.dll16/i386-windows/w32sys.dll16	32768	41a4deffbb6c6020c2976abf60c2898edf4b5f6c81f9bf9d408cd9e9f9e853b9	pe	0x014C	IMAGE_FILE_MACHINE_I386	yes
dlls/wbemdisp/i386-windows/wbemdisp.dll	196608	d8d56deb17bfa150129f88b621feb4e849c385132e27881baf13651b678eb9c2	pe	0x014C	IMAGE_FILE_MACHINE_I386	yes
dlls/wbemdisp/tests/i386-windows/wbemdisp_test-stripped.exe	90112	2451e691ba96c185f428182a391aca5080702dbd3a498eb5550f550c95c149fc	pe	0x014C	IMAGE_FILE_MACHINE_I386	no
dlls/wbemdisp/tests/i386-windows/wbemdisp_test.exe	90112	2451e691ba96c185f428182a391aca5080702dbd3a498eb5550f550c95c149fc	pe	0x014C	IMAGE_FILE_MACHINE_I386	no
dlls/wbemprox/i386-windows/wbemprox.dll	339968	27d4129382060872eeedeab50e0ad4d7995bcd619872314de009e527c16a74c0	pe	0x014C	IMAGE_FILE_MACHINE_I386	yes
dlls/wbemprox/tests/i386-windows/wbemprox_test-stripped.exe	364544	c8366575436ad2709d0a8d7d8bd7f71391bcc09a11faef411d019ad28378c253	pe	0x014C	IMAGE_FILE_MACHINE_I386	no
dlls/wbemprox/tests/i386-windows/wbemprox_test.exe	364544	c8366575436ad2709d0a8d7d8bd7f71391bcc09a11faef411d019ad28378c253	pe	0x014C	IMAGE_FILE_MACHINE_I386	no
dlls/wdscore/i386-windows/wdscore.dll	53248	3fb68ac51d271735f3e6fc1b8aebf42e1d7a6eab762306acf9ce2a331db2a427	pe	0x014C	IMAGE_FILE_MACHINE_I386	yes
dlls/webservices/i386-windows/webservices.dll	389120	ce187275365bee7a15b7fc7f2c928338d4aba6f8c20a051dc8549782e01e43f2	pe	0x014C	IMAGE_FILE_MACHINE_I386	yes
dlls/webservices/tests/i386-windows/webservices_test-stripped.exe	835584	cc9a3b6377b2d23bca4cfdb4e40be969347ce692f2eaf64fd24e2fdf7ecc424d	pe	0x014C	IMAGE_FILE_MACHINE_I386	no
dlls/webservices/tests/i386-windows/webservices_test.exe	835584	cc9a3b6377b2d23bca4cfdb4e40be969347ce692f2eaf64fd24e2fdf7ecc424d	pe	0x014C	IMAGE_FILE_MACHINE_I386	no
dlls/websocket/i386-windows/websocket.dll	32768	0a2a9cf26eeb9c9c95bd6523b804880d8ce62f752ae3a4415fe8d322d4993209	pe	0x014C	IMAGE_FILE_MACHINE_I386	yes
dlls/wer/i386-windows/wer.dll	57344	80c6ed81f4fc893a147db7b032442666e72646d1232bbd3313906f638badf844	pe	0x014C	IMAGE_FILE_MACHINE_I386	yes
dlls/wer/tests/i386-windows/wer_test-stripped.exe	45056	d3997dcd0616688bbaa88bd26b18b0874936f54128de6e25a527bec96beae762	pe	0x014C	IMAGE_FILE_MACHINE_I386	no
dlls/wer/tests/i386-windows/wer_test.exe	45056	d3997dcd0616688bbaa88bd26b18b0874936f54128de6e25a527bec96beae762	pe	0x014C	IMAGE_FILE_MACHINE_I386	no
dlls/wevtapi/i386-windows/wevtapi.dll	49152	3cc92e35673d57b4bcddbf14398b67d033adac28d18799acb7f87c2eedeba8cb	pe	0x014C	IMAGE_FILE_MACHINE_I386	yes
dlls/wevtapi/tests/i386-windows/wevtapi_test-stripped.exe	40960	1e27ff4670fb99d285bbe4ec7917969a431a81d093f1cc98dbc1b7cd5be94349	pe	0x014C	IMAGE_FILE_MACHINE_I386	no
dlls/wevtapi/tests/i386-windows/wevtapi_test.exe	40960	1e27ff4670fb99d285bbe4ec7917969a431a81d093f1cc98dbc1b7cd5be94349	pe	0x014C	IMAGE_FILE_MACHINE_I386	no
dlls/wevtsvc/i386-windows/wevtsvc.dll	32768	7e772b56a20658194d9661147156c5737837f928b5cc33609c41f7b23d02449e	pe	0x014C	IMAGE_FILE_MACHINE_I386	yes
dlls/wiaservc/i386-windows/wiaservc.dll	237568	0cac33ad152bffe11ca0d61109e116bcf32e03423a2215086f636e5a30b316cf	pe	0x014C	IMAGE_FILE_MACHINE_I386	yes
dlls/wiaservc/tests/i386-windows/wiaservc_test-stripped.exe	36864	a11425d4f3bc80eaf5f2c062d945c62e6e1571ab8ea09608ca9131c9c4489e30	pe	0x014C	IMAGE_FILE_MACHINE_I386	no
dlls/wiaservc/tests/i386-windows/wiaservc_test.exe	36864	a11425d4f3bc80eaf5f2c062d945c62e6e1571ab8ea09608ca9131c9c4489e30	pe	0x014C	IMAGE_FILE_MACHINE_I386	no
dlls/wimgapi/i386-windows/wimgapi.dll	40960	c14b0808bcbe90becaca1843463fa23d957f773bb885c750da0c71bc97d3326f	pe	0x014C	IMAGE_FILE_MACHINE_I386	yes
dlls/win32s16.dll16/i386-windows/win32s16.dll16	40960	0124505e71c594e6fbed53940494d8094560f37024576de7e17cd1df68324955	pe	0x014C	IMAGE_FILE_MACHINE_I386	yes
dlls/win32u/i386-windows/win32u.dll	368640	ce745f84630a3ef2721366629a2746782035c70709c8dd893593cdee2aac398a	pe	0x014C	IMAGE_FILE_MACHINE_I386	yes
dlls/win32u/tests/i386-windows/win32u_test-stripped.exe	598016	440f55b6667a0c43f173dace24705ca23b551c1dd98fbcbdceaea14935870809	pe	0x014C	IMAGE_FILE_MACHINE_I386	no
dlls/win32u/tests/i386-windows/win32u_test.exe	598016	440f55b6667a0c43f173dace24705ca23b551c1dd98fbcbdceaea14935870809	pe	0x014C	IMAGE_FILE_MACHINE_I386	no
dlls/win87em.dll16/i386-windows/win87em.dll16	32768	1e2077ce41a809158c75fe7536d12b6ec9673a3ecf3d09a02d54c1bf46f2e2c7	pe	0x014C	IMAGE_FILE_MACHINE_I386	yes
dlls/winaspi.dll16/i386-windows/winaspi.dll16	32768	d7fa0ff2ee65eb5113c9c98e709f37dca05742e1d5031db742decb55158ec3c8	pe	0x014C	IMAGE_FILE_MACHINE_I386	yes
dlls/winbio/i386-windows/winbio.dll	49152	c5b5f30841bc7d74d8fa79c59676f5bf6eeffb608224419de44111b747074349	pe	0x014C	IMAGE_FILE_MACHINE_I386	yes
dlls/winbrand/i386-windows/winbrand.dll	36864	61d2b61680a426c8bcbae097bb6d818b05f75847a50b7669e1aeea812ec3daf7	pe	0x014C	IMAGE_FILE_MACHINE_I386	yes
dlls/windebug.dll16/i386-windows/windebug.dll16	32768	644021e19153287741811736dbc87fd7312d15ac566d165fdeacfe92e2800120	pe	0x014C	IMAGE_FILE_MACHINE_I386	yes
dlls/windows.applicationmodel/i386-windows/windows.applicationmodel.dll	114688	0d4ebf0f9e96f8fb4dad257ae6e23380f057e26b6f66aaa0b3d327ab0466f4ac	pe	0x014C	IMAGE_FILE_MACHINE_I386	yes
dlls/windows.applicationmodel/tests/i386-windows/application.exe	106496	482608d9e8c4ec1128eb24e9e25aeba43c15654b6de2969236950c810cd80e03	pe	0x014C	IMAGE_FILE_MACHINE_I386	no
dlls/windows.applicationmodel/tests/i386-windows/windows.applicationmodel_test-stripped.exe	389120	619101d71e4cb4382fcc106747344fa1e3d760a042528bb279c32007b0a79802	pe	0x014C	IMAGE_FILE_MACHINE_I386	no
dlls/windows.applicationmodel/tests/i386-windows/windows.applicationmodel_test.exe	389120	619101d71e4cb4382fcc106747344fa1e3d760a042528bb279c32007b0a79802	pe	0x014C	IMAGE_FILE_MACHINE_I386	no
dlls/windows.devices.bluetooth/i386-windows/windows.devices.bluetooth.dll	176128	11c627832d6c7f87f211c6b8aa7b4aa8fbf8e90fd5b41e360d3bcd8f381b2ca1	pe	0x014C	IMAGE_FILE_MACHINE_I386	yes
dlls/windows.devices.bluetooth/tests/i386-windows/windows.devices.bluetooth_test-stripped.exe	159744	f8e729251bb016becc505dfc63b02caf840f439d0a5828f24ee8bf56368b250d	pe	0x014C	IMAGE_FILE_MACHINE_I386	no
dlls/windows.devices.bluetooth/tests/i386-windows/windows.devices.bluetooth_test.exe	159744	f8e729251bb016becc505dfc63b02caf840f439d0a5828f24ee8bf56368b250d	pe	0x014C	IMAGE_FILE_MACHINE_I386	no
dlls/windows.devices.enumeration/i386-windows/windows.devices.enumeration.dll	188416	b22001e8e1945daa28fd83b13e125528e4bda804637ffab80e96235a554e8276	pe	0x014C	IMAGE_FILE_MACHINE_I386	yes
dlls/windows.devices.enumeration/tests/i386-windows/windows.devices.enumeration_test-stripped.exe	299008	d9e5440037e121c60d5368f7ded841a03477ff898cf4713f3b023be2c64350b0	pe	0x014C	IMAGE_FILE_MACHINE_I386	no
dlls/windows.devices.enumeration/tests/i386-windows/windows.devices.enumeration_test.exe	299008	d9e5440037e121c60d5368f7ded841a03477ff898cf4713f3b023be2c64350b0	pe	0x014C	IMAGE_FILE_MACHINE_I386	no
dlls/windows.devices.radios/i386-windows/windows.devices.radios.dll	90112	c1b087795225c4ed90be52799c9e749bdb15b472f50e647f95812e7d8e4f420b	pe	0x014C	IMAGE_FILE_MACHINE_I386	yes
dlls/windows.devices.radios/tests/i386-windows/windows.devices.radios_test-stripped.exe	73728	ebd73c687667ee4114a44d4705cfec45dcfcef8ae760ccde3d554ef1d177e506	pe	0x014C	IMAGE_FILE_MACHINE_I386	no
dlls/windows.devices.radios/tests/i386-windows/windows.devices.radios_test.exe	73728	ebd73c687667ee4114a44d4705cfec45dcfcef8ae760ccde3d554ef1d177e506	pe	0x014C	IMAGE_FILE_MACHINE_I386	no
dlls/windows.devices.usb/i386-windows/windows.devices.usb.dll	69632	fe90604fa8f0c54f48730a649a5a5da62b2286fea9766503f829ce8efc7dc9db	pe	0x014C	IMAGE_FILE_MACHINE_I386	yes
dlls/windows.devices.usb/tests/i386-windows/windows.devices.usb_test-stripped.exe	73728	cbe4a4161c5827242df45e2c459edb1e8dec6472e013bf574bda4f4e4610b0f6	pe	0x014C	IMAGE_FILE_MACHINE_I386	no
dlls/windows.devices.usb/tests/i386-windows/windows.devices.usb_test.exe	73728	cbe4a4161c5827242df45e2c459edb1e8dec6472e013bf574bda4f4e4610b0f6	pe	0x014C	IMAGE_FILE_MACHINE_I386	no
dlls/windows.gaming.input/i386-windows/windows.gaming.input.dll	225280	d6ee07bdc1f79901c19c8e187d13582b4a6dd0a20150c7992faef5ecc315ef61	pe	0x014C	IMAGE_FILE_MACHINE_I386	yes
dlls/windows.gaming.input/tests/i386-windows/windows.gaming.input_test-stripped.exe	262144	4201a701bf863dc8493b9a93e5cd652359dbd06cdfaa88d54502dfd115ada3e5	pe	0x014C	IMAGE_FILE_MACHINE_I386	no
dlls/windows.gaming.input/tests/i386-windows/windows.gaming.input_test.exe	262144	4201a701bf863dc8493b9a93e5cd652359dbd06cdfaa88d54502dfd115ada3e5	pe	0x014C	IMAGE_FILE_MACHINE_I386	no
dlls/windows.gaming.ui.gamebar/i386-windows/windows.gaming.ui.gamebar.dll	57344	93a1eb4f55a701926aad875724ef0c8aa8118668b8a4eb7b1ba1d42fcc19d592	pe	0x014C	IMAGE_FILE_MACHINE_I386	yes
dlls/windows.gaming.ui.gamebar/tests/i386-windows/windows.gaming.ui.gamebar_test-stripped.exe	57344	95cc3c56c51aec4318c9c666d26b9f9333fdb248490cad188ab0d9dd972016a6	pe	0x014C	IMAGE_FILE_MACHINE_I386	no
dlls/windows.gaming.ui.gamebar/tests/i386-windows/windows.gaming.ui.gamebar_test.exe	57344	95cc3c56c51aec4318c9c666d26b9f9333fdb248490cad188ab0d9dd972016a6	pe	0x014C	IMAGE_FILE_MACHINE_I386	no
dlls/windows.globalization/i386-windows/windows.globalization.dll	106496	89a4c2d0b6b8ce6264e137c4afc0681455c6a529b1641446228c3358cc17eee7	pe	0x014C	IMAGE_FILE_MACHINE_I386	yes
dlls/windows.globalization/tests/i386-windows/windows.globalization_test-stripped.exe	266240	beff2b5c4b4eb9fe57d0e2835fcf6b845c38f31f1844641b1ec9d2ff1f5547e4	pe	0x014C	IMAGE_FILE_MACHINE_I386	no
dlls/windows.globalization/tests/i386-windows/windows.globalization_test.exe	266240	beff2b5c4b4eb9fe57d0e2835fcf6b845c38f31f1844641b1ec9d2ff1f5547e4	pe	0x014C	IMAGE_FILE_MACHINE_I386	no
dlls/windows.graphics/i386-windows/windows.graphics.dll	61440	b172d07e4b38cfd10c972bab16288bd3aa5f1f203fafb9df8e974700f6517174	pe	0x014C	IMAGE_FILE_MACHINE_I386	yes
dlls/windows.graphics/tests/i386-windows/windows.graphics_test-stripped.exe	65536	e9c50bbe100a48ab38c314bb5791adf8b9794dca62e7648bca6b8308a724c084	pe	0x014C	IMAGE_FILE_MACHINE_I386	no
dlls/windows.graphics/tests/i386-windows/windows.graphics_test.exe	65536	e9c50bbe100a48ab38c314bb5791adf8b9794dca62e7648bca6b8308a724c084	pe	0x014C	IMAGE_FILE_MACHINE_I386	no
dlls/windows.media.devices/i386-windows/windows.media.devices.dll	69632	8e79fedab3bed00cce268f8ab091729f9066c8514d1afe80290aac2c8fc220df	pe	0x014C	IMAGE_FILE_MACHINE_I386	yes
dlls/windows.media.devices/tests/i386-windows/windows.media.devices_test-stripped.exe	81920	1c0344261149125d102468de668aa0b40e34df51a53cf633f0130d6d87275e7d	pe	0x014C	IMAGE_FILE_MACHINE_I386	no
dlls/windows.media.devices/tests/i386-windows/windows.media.devices_test.exe	81920	1c0344261149125d102468de668aa0b40e34df51a53cf633f0130d6d87275e7d	pe	0x014C	IMAGE_FILE_MACHINE_I386	no
dlls/windows.media.mediacontrol/i386-windows/windows.media.mediacontrol.dll	106496	4e838b1396dc5ae0bd133b1e9d83924ae47955180ecead7384f005b25fe17aef	pe	0x014C	IMAGE_FILE_MACHINE_I386	yes
dlls/windows.media.mediacontrol/tests/i386-windows/windows.media.mediacontrol_test-stripped.exe	90112	9bd4cc2d212c27f538ee75525c32e355d4251abdeae259794e6e6acb941220fe	pe	0x014C	IMAGE_FILE_MACHINE_I386	no
dlls/windows.media.mediacontrol/tests/i386-windows/windows.media.mediacontrol_test.exe	90112	9bd4cc2d212c27f538ee75525c32e355d4251abdeae259794e6e6acb941220fe	pe	0x014C	IMAGE_FILE_MACHINE_I386	no
dlls/windows.media.playback.backgroundmediaplayer/i386-windows/windows.media.playback.backgroundmediaplayer.dll	122880	7e532d0d50a1d6c6b10878233c657180a30f158467e7d4a28fefc8e5b7f82978	pe	0x014C	IMAGE_FILE_MACHINE_I386	yes
dlls/windows.media.playback.backgroundmediaplayer/tests/i386-windows/windows.media.playback.backgroundmediaplayer_test-stripped.exe	118784	44ee6ed3d649d24c7fcde06f857638444d4d94c2ad4f40fca5c8295b365ab59b	pe	0x014C	IMAGE_FILE_MACHINE_I386	no
dlls/windows.media.playback.backgroundmediaplayer/tests/i386-windows/windows.media.playback.backgroundmediaplayer_test.exe	118784	44ee6ed3d649d24c7fcde06f857638444d4d94c2ad4f40fca5c8295b365ab59b	pe	0x014C	IMAGE_FILE_MACHINE_I386	no
dlls/windows.media.playback.mediaplayer/i386-windows/windows.media.playback.mediaplayer.dll	131072	925559b195d18b0a3ee49d72da2fcded1ee05e98713245f8850dc60181f8d4b8	pe	0x014C	IMAGE_FILE_MACHINE_I386	yes
dlls/windows.media.playback.mediaplayer/tests/i386-windows/windows.media.playback.mediaplayer_test-stripped.exe	122880	6345c5346993ef9f43b50c3dce2110d921576ba46c2b6b3aebcdee228f0074c4	pe	0x014C	IMAGE_FILE_MACHINE_I386	no
dlls/windows.media.playback.mediaplayer/tests/i386-windows/windows.media.playback.mediaplayer_test.exe	122880	6345c5346993ef9f43b50c3dce2110d921576ba46c2b6b3aebcdee228f0074c4	pe	0x014C	IMAGE_FILE_MACHINE_I386	no
dlls/windows.media.speech/i386-windows/windows.media.speech.dll	229376	14dbf53379e4af700bf92bb22aa6cbfe7acd3b0ab94b9fcae26be9fe6367170c	pe	0x014C	IMAGE_FILE_MACHINE_I386	yes
dlls/windows.media.speech/tests/i386-windows/windows.media.speech_test-stripped.exe	339968	5358d9c934f6570da9f55076338757b2d74cf90e67de9447d0d65cb68d9b278b	pe	0x014C	IMAGE_FILE_MACHINE_I386	no
dlls/windows.media.speech/tests/i386-windows/windows.media.speech_test.exe	339968	5358d9c934f6570da9f55076338757b2d74cf90e67de9447d0d65cb68d9b278b	pe	0x014C	IMAGE_FILE_MACHINE_I386	no
dlls/windows.media/i386-windows/windows.media.dll	102400	a1e0b6838c9210f49bc3b7a3a4cbdc2861ce6e64f93d53417fab6f14a35a3e91	pe	0x014C	IMAGE_FILE_MACHINE_I386	yes
dlls/windows.media/tests/i386-windows/windows.media_test-stripped.exe	106496	3d6517265d9cf08904e61c102227733cf77217c2a8a2aa79ecbccde96398a4a4	pe	0x014C	IMAGE_FILE_MACHINE_I386	no
dlls/windows.media/tests/i386-windows/windows.media_test.exe	106496	3d6517265d9cf08904e61c102227733cf77217c2a8a2aa79ecbccde96398a4a4	pe	0x014C	IMAGE_FILE_MACHINE_I386	no
dlls/windows.networking.connectivity/i386-windows/windows.networking.connectivity.dll	86016	d12a5cb9a8bda0b2365b2e934b3c750e5f42a8815201defd3af1ac62ab9477fc	pe	0x014C	IMAGE_FILE_MACHINE_I386	yes
dlls/windows.networking.connectivity/tests/i386-windows/windows.networking.connectivity_test-stripped.exe	73728	dadbb604a4e94ada6599d6cac7b951a0359c81cd9ce2503f7de884cc6a7b5356	pe	0x014C	IMAGE_FILE_MACHINE_I386	no
dlls/windows.networking.connectivity/tests/i386-windows/windows.networking.connectivity_test.exe	73728	dadbb604a4e94ada6599d6cac7b951a0359c81cd9ce2503f7de884cc6a7b5356	pe	0x014C	IMAGE_FILE_MACHINE_I386	no
dlls/windows.networking.hostname/i386-windows/windows.networking.hostname.dll	77824	74ac1d4b83d46dafe73f83936db56dc3c36f0924e6953002652fbbe7b8300e61	pe	0x014C	IMAGE_FILE_MACHINE_I386	yes
dlls/windows.networking.hostname/tests/i386-windows/windows.networking.hostname_test-stripped.exe	73728	54a4160ab05b3859e62d4820817140c97c26919d4e004d2b77eeaecedb66419a	pe	0x014C	IMAGE_FILE_MACHINE_I386	no
dlls/windows.networking.hostname/tests/i386-windows/windows.networking.hostname_test.exe	73728	54a4160ab05b3859e62d4820817140c97c26919d4e004d2b77eeaecedb66419a	pe	0x014C	IMAGE_FILE_MACHINE_I386	no
dlls/windows.networking/i386-windows/windows.networking.dll	36864	a0542ab8357865afa3206391681863d69b5605ab4eb015e4e076a72cda8c0c58	pe	0x014C	IMAGE_FILE_MACHINE_I386	yes
dlls/windows.perception.stub/i386-windows/windows.perception.stub.dll	122880	dcb2c28df5c4135dcc9f90c04fb76ce58e98c8b24568264616a039a5d1730627	pe	0x014C	IMAGE_FILE_MACHINE_I386	yes
dlls/windows.perception.stub/tests/i386-windows/windows.perception.stub_test-stripped.exe	114688	a7ff4b80f45f507ef4f4937ea489da3cc2bb66ab4c858d459fb9be88c0a13652	pe	0x014C	IMAGE_FILE_MACHINE_I386	no
dlls/windows.perception.stub/tests/i386-windows/windows.perception.stub_test.exe	114688	a7ff4b80f45f507ef4f4937ea489da3cc2bb66ab4c858d459fb9be88c0a13652	pe	0x014C	IMAGE_FILE_MACHINE_I386	no
dlls/windows.security.authentication.onlineid/i386-windows/windows.security.authentication.onlineid.dll	86016	8700ab9de73f23421cc49e1c81ead96cd43ce85ae30d9b034f208f228a19b9b2	pe	0x014C	IMAGE_FILE_MACHINE_I386	yes
dlls/windows.security.authentication.onlineid/tests/i386-windows/windows.security.authentication.onlineid_test-stripped.exe	86016	fa2704c2fdc06090ea55340b239c2ca12ec9e0175d62f4d3352cd8e7929facca	pe	0x014C	IMAGE_FILE_MACHINE_I386	no
dlls/windows.security.authentication.onlineid/tests/i386-windows/windows.security.authentication.onlineid_test.exe	86016	fa2704c2fdc06090ea55340b239c2ca12ec9e0175d62f4d3352cd8e7929facca	pe	0x014C	IMAGE_FILE_MACHINE_I386	no
dlls/windows.security.credentials.ui.userconsentverifier/i386-windows/windows.security.credentials.ui.userconsentverifier.dll	73728	03ebbe6315303fb0c1522dbefac0c5c9e33c5280e29b4e3b48e796e187db7f75	pe	0x014C	IMAGE_FILE_MACHINE_I386	yes
dlls/windows.security.credentials.ui.userconsentverifier/tests/i386-windows/windows.security.credentials.ui.userconsentverifier_test-stripped.exe	77824	e0ce39aecbda4059aa552c0a02835f1154e4d8f35230df17f7a2b83b4710cc8c	pe	0x014C	IMAGE_FILE_MACHINE_I386	no
dlls/windows.security.credentials.ui.userconsentverifier/tests/i386-windows/windows.security.credentials.ui.userconsentverifier_test.exe	77824	e0ce39aecbda4059aa552c0a02835f1154e4d8f35230df17f7a2b83b4710cc8c	pe	0x014C	IMAGE_FILE_MACHINE_I386	no
dlls/windows.storage.applicationdata/i386-windows/windows.storage.applicationdata.dll	77824	1b8e17c2f9baa06023084538090ca993ee315713a752be9fdaa9aaa534d2391d	pe	0x014C	IMAGE_FILE_MACHINE_I386	yes
dlls/windows.storage.applicationdata/tests/i386-windows/windows.storage.applicationdata_test-stripped.exe	73728	e253e49ed9d2374bdec8d82b8c70ada5f0b1a9795c6c2644c085a78b0a4e7c91	pe	0x014C	IMAGE_FILE_MACHINE_I386	no
dlls/windows.storage.applicationdata/tests/i386-windows/windows.storage.applicationdata_test.exe	73728	e253e49ed9d2374bdec8d82b8c70ada5f0b1a9795c6c2644c085a78b0a4e7c91	pe	0x014C	IMAGE_FILE_MACHINE_I386	no
dlls/windows.storage/i386-windows/windows.storage.dll	229376	ea726f16b72892828c48554fbdb72fcdc0201deffe9ea98a47cafab692aa556c	pe	0x014C	IMAGE_FILE_MACHINE_I386	yes
dlls/windows.storage/tests/i386-windows/windows.storage_test-stripped.exe	86016	8bfd1830d3883aca7bb023c1183b49b0cabb5f5bfbb1fdc3e351a26c8bbd3189	pe	0x014C	IMAGE_FILE_MACHINE_I386	no
dlls/windows.storage/tests/i386-windows/windows.storage_test.exe	86016	8bfd1830d3883aca7bb023c1183b49b0cabb5f5bfbb1fdc3e351a26c8bbd3189	pe	0x014C	IMAGE_FILE_MACHINE_I386	no
dlls/windows.system.profile.systemid/i386-windows/windows.system.profile.systemid.dll	77824	913f74ebff925ec161bdd437e6215c5049f5da3e8992b8c43153b52cee99b016	pe	0x014C	IMAGE_FILE_MACHINE_I386	yes
dlls/windows.system.profile.systemid/tests/i386-windows/windows.system.profile.systemid_test-stripped.exe	81920	1b50849392446f8e52659e768f4018631465b6e39ce56169f5ff5020416a78c2	pe	0x014C	IMAGE_FILE_MACHINE_I386	no
dlls/windows.system.profile.systemid/tests/i386-windows/windows.system.profile.systemid_test.exe	81920	1b50849392446f8e52659e768f4018631465b6e39ce56169f5ff5020416a78c2	pe	0x014C	IMAGE_FILE_MACHINE_I386	no
dlls/windows.system.profile.systemmanufacturers/i386-windows/windows.system.profile.systemmanufacturers.dll	57344	9159f888a3cbac3f3af534e7a4c2eafc47d1478629e1cad1a65d869ee487ca0c	pe	0x014C	IMAGE_FILE_MACHINE_I386	yes
dlls/windows.system.profile.systemmanufacturers/tests/i386-windows/windows.system.profile.systemmanufacturers_test-stripped.exe	57344	8d8e6b4df67c0f6d2409fb4fe0d362b8cf83a2aafdfd97d40a9967bb8a3a8c2c	pe	0x014C	IMAGE_FILE_MACHINE_I386	no
dlls/windows.system.profile.systemmanufacturers/tests/i386-windows/windows.system.profile.systemmanufacturers_test.exe	57344	8d8e6b4df67c0f6d2409fb4fe0d362b8cf83a2aafdfd97d40a9967bb8a3a8c2c	pe	0x014C	IMAGE_FILE_MACHINE_I386	no
dlls/windows.ui.core.textinput/i386-windows/windows.ui.core.textinput.dll	155648	a0c236f3fda2bebcbb4018d121534fdbcb566f00abec9c6f3352aec08d1f7b09	pe	0x014C	IMAGE_FILE_MACHINE_I386	yes
dlls/windows.ui.core.textinput/tests/i386-windows/windows.ui.core.textinput_test-stripped.exe	126976	994c41ce95d82b5a1b28c2b1802a11019154bfae87af0e6d159f1e1d9a7f49b7	pe	0x014C	IMAGE_FILE_MACHINE_I386	no
dlls/windows.ui.core.textinput/tests/i386-windows/windows.ui.core.textinput_test.exe	126976	994c41ce95d82b5a1b28c2b1802a11019154bfae87af0e6d159f1e1d9a7f49b7	pe	0x014C	IMAGE_FILE_MACHINE_I386	no
dlls/windows.ui.xaml/i386-windows/windows.ui.xaml.dll	57344	ed446782717a0a7d92264d059c61d0b080bc8be2e9ff83f6ae2f6ae27c0e764e	pe	0x014C	IMAGE_FILE_MACHINE_I386	yes
dlls/windows.ui.xaml/tests/i386-windows/windows.ui.xaml_test-stripped.exe	57344	f8528ccfd8243b97496374316536a68d2d5e94e0606d2013085c33567a5c11de	pe	0x014C	IMAGE_FILE_MACHINE_I386	no
dlls/windows.ui.xaml/tests/i386-windows/windows.ui.xaml_test.exe	57344	f8528ccfd8243b97496374316536a68d2d5e94e0606d2013085c33567a5c11de	pe	0x014C	IMAGE_FILE_MACHINE_I386	no
dlls/windows.ui/i386-windows/windows.ui.dll	155648	ead56fae6d89c7c5586215db7111d90128ab6606cd97e40f076a5537a61300b3	pe	0x014C	IMAGE_FILE_MACHINE_I386	yes
dlls/windows.ui/tests/i386-windows/windows.ui_test-stripped.exe	131072	69f1be8795422b8e244e1ef9a3f08a19f07b54fa577b9f1ed19970d3c7af852c	pe	0x014C	IMAGE_FILE_MACHINE_I386	no
dlls/windows.ui/tests/i386-windows/windows.ui_test.exe	131072	69f1be8795422b8e244e1ef9a3f08a19f07b54fa577b9f1ed19970d3c7af852c	pe	0x014C	IMAGE_FILE_MACHINE_I386	no
dlls/windows.web/i386-windows/windows.web.dll	86016	dbe4491823618b1671ff3e84ecf8a0fec7b5d80d90d042615604d71ba07d576d	pe	0x014C	IMAGE_FILE_MACHINE_I386	yes
dlls/windows.web/tests/i386-windows/windows.web_test-stripped.exe	102400	90e3d23f60e52ec185b922e80f2c4942ba31d6d71a5f81e3ecabe0d3bc23bb45	pe	0x014C	IMAGE_FILE_MACHINE_I386	no
dlls/windows.web/tests/i386-windows/windows.web_test.exe	102400	90e3d23f60e52ec185b922e80f2c4942ba31d6d71a5f81e3ecabe0d3bc23bb45	pe	0x014C	IMAGE_FILE_MACHINE_I386	no
dlls/windowscodecs/i386-windows/windowscodecs.dll	1835008	fd493fc8605964754f826cf8a2c76a906442a8c0505da482cb3e5b4a50dd0701	pe	0x014C	IMAGE_FILE_MACHINE_I386	yes
dlls/windowscodecs/tests/i386-windows/windowscodecs_test-stripped.exe	1191936	1a0f37121fea78c92b8eb3ec79783fa1e6ca7e23b396e0c6531d7ebbfd1a230b	pe	0x014C	IMAGE_FILE_MACHINE_I386	no
dlls/windowscodecs/tests/i386-windows/windowscodecs_test.exe	1191936	1a0f37121fea78c92b8eb3ec79783fa1e6ca7e23b396e0c6531d7ebbfd1a230b	pe	0x014C	IMAGE_FILE_MACHINE_I386	no
dlls/windowscodecsext/i386-windows/windowscodecsext.dll	57344	3f7ba1bd474834d250b1ef1c91acdc7186f30af15f824512e19523d527813317	pe	0x014C	IMAGE_FILE_MACHINE_I386	yes
dlls/windowscodecsext/tests/i386-windows/windowscodecsext_test-stripped.exe	32768	e1b894da963978de565dbf8e201038ca4cd2773ddbcb99d36218bd0c244ce648	pe	0x014C	IMAGE_FILE_MACHINE_I386	no
dlls/windowscodecsext/tests/i386-windows/windowscodecsext_test.exe	32768	e1b894da963978de565dbf8e201038ca4cd2773ddbcb99d36218bd0c244ce648	pe	0x014C	IMAGE_FILE_MACHINE_I386	no
dlls/winebth.sys/i386-windows/winebth.sys	159744	e252761a405130c48a98275f5e1cc25a3594b726df2cd915093814a9aff39cae	pe	0x014C	IMAGE_FILE_MACHINE_I386	yes
dlls/winebus.sys/i386-windows/winebus.sys	65536	fe4f9c45f4699e2364b589e95eed198263dc9a3147f6025b471bfc0aacd7f257	pe	0x014C	IMAGE_FILE_MACHINE_I386	yes
dlls/wined3d/i386-windows/wined3d.dll	4313088	5a927433c5e61af4df685ac489379d3e68340b99b90c7a8afc1f7928225f7404	pe	0x014C	IMAGE_FILE_MACHINE_I386	yes
dlls/winedmo/i386-windows/winedmo.dll	86016	0baa0aa12fa787dd3dee7f063a7eb31b501f773dfbcdeb9f20646ae1059506af	pe	0x014C	IMAGE_FILE_MACHINE_I386	yes
dlls/winegstreamer/i386-windows/winegstreamer.dll	602112	18604b8634a09ce6719b64be904d0f6a8fa6d94d1404893008f1bcddfe7770ad	pe	0x014C	IMAGE_FILE_MACHINE_I386	yes
dlls/winehid.sys/i386-windows/winehid.sys	28672	264c14c4049a0a175307cc5cf05776ba6212011c951a662fb8a3d40d4dfaa4ca	pe	0x014C	IMAGE_FILE_MACHINE_I386	yes
dlls/winemac.drv/i386-windows/winemac.drv	49152	ecf9145357b363d2e70da4b8ac0d6162fae1479185cc40e009b345e5909a090e	pe	0x014C	IMAGE_FILE_MACHINE_I386	yes
dlls/winemapi/i386-windows/winemapi.dll	45056	f915264efcbb53351fe577255ac5b837a27b0bffd6cc62ab369a402347f459be	pe	0x014C	IMAGE_FILE_MACHINE_I386	yes
dlls/wineps.drv/i386-windows/wineps.drv	679936	fcee6c8e69f2f48cda73ba0e22f516aa962b7db77ccde95a5d448db12f54839f	pe	0x014C	IMAGE_FILE_MACHINE_I386	yes
dlls/wineps16.drv16/i386-windows/wineps16.drv16	32768	aa2b093a9c5aaee196960f3c72f1e44251641ca962b9bff2572df27936cf6bd0	pe	0x014C	IMAGE_FILE_MACHINE_I386	yes
dlls/winevulkan/i386-windows/winevulkan.dll	360448	0748c9530d2fcf5166e251dfe497420eb1db81408a344b4c722f9b8bc7aa1d11	pe	0x014C	IMAGE_FILE_MACHINE_I386	yes
dlls/winexinput.sys/i386-windows/winexinput.sys	49152	1cfdad9bb9a4d9a5fce8d023ea431a7f9b18a342cad21391f2822bf8b5fcae5e	pe	0x014C	IMAGE_FILE_MACHINE_I386	yes
dlls/wing.dll16/i386-windows/wing.dll16	36864	becc0f32fc14337b2e6155c6871ba2398c9e78fb5f66fefe96f94d6cbf14d5e2	pe	0x014C	IMAGE_FILE_MACHINE_I386	yes
dlls/wing32/i386-windows/wing32.dll	28672	0d77db7677358dbe41872464c97dd46792f1e91023503992192a8482a7cd2ded	pe	0x014C	IMAGE_FILE_MACHINE_I386	yes
dlls/wing32/tests/i386-windows/wing32_test-stripped.exe	32768	b1febeb54666d2730d9e99eb0ba7709d60dd1d9589db52e9c4a615d0477befed	pe	0x014C	IMAGE_FILE_MACHINE_I386	no
dlls/wing32/tests/i386-windows/wing32_test.exe	32768	b1febeb54666d2730d9e99eb0ba7709d60dd1d9589db52e9c4a615d0477befed	pe	0x014C	IMAGE_FILE_MACHINE_I386	no
dlls/winhttp/i386-windows/winhttp.dll	450560	b6a24342f0cec2bd33d47f943ce3f78bed9ae8d953ec29cfafc7b3beab18e362	pe	0x014C	IMAGE_FILE_MACHINE_I386	yes
dlls/winhttp/tests/i386-windows/winhttp_test-stripped.exe	503808	d51aa1362470f141ed6995b98f5349977badbc294846e4f33c98021755dc2661	pe	0x014C	IMAGE_FILE_MACHINE_I386	no
dlls/winhttp/tests/i386-windows/winhttp_test.exe	503808	d51aa1362470f141ed6995b98f5349977badbc294846e4f33c98021755dc2661	pe	0x014C	IMAGE_FILE_MACHINE_I386	no
dlls/wininet/i386-windows/wininet.dll	598016	7c89486e1e91a84be4bd1946dfcbcdc6a8d9bf4b0d5867eea5b44437985fcfc4	pe	0x014C	IMAGE_FILE_MACHINE_I386	yes
dlls/wininet/tests/i386-windows/wininet_test-stripped.exe	786432	7b5e4d2dc7fcf0efd2c10111cd821bf4dbc073c4015cc6bfad08cb2a6d3e23da	pe	0x014C	IMAGE_FILE_MACHINE_I386	no
dlls/wininet/tests/i386-windows/wininet_test.exe	786432	7b5e4d2dc7fcf0efd2c10111cd821bf4dbc073c4015cc6bfad08cb2a6d3e23da	pe	0x014C	IMAGE_FILE_MACHINE_I386	no
dlls/winmm/i386-windows/winmm.dll	843776	39d1608b1b8c804c6422ffc0ed65bbff24e969c4610e41c7b208817041344097	pe	0x014C	IMAGE_FILE_MACHINE_I386	yes
dlls/winmm/tests/i386-windows/winmm_test-stripped.exe	638976	07c56813b7ff3ec4ed5e43c0f06a9182bbfe5e8a2e246927072df78aa9c36b7d	pe	0x014C	IMAGE_FILE_MACHINE_I386	no
dlls/winmm/tests/i386-windows/winmm_test.exe	638976	07c56813b7ff3ec4ed5e43c0f06a9182bbfe5e8a2e246927072df78aa9c36b7d	pe	0x014C	IMAGE_FILE_MACHINE_I386	no
dlls/winnls.dll16/i386-windows/winnls.dll16	32768	f89fb25787cf874d3583e5a3c698672000ca348ae6f3add8ceb33b0b0e070240	pe	0x014C	IMAGE_FILE_MACHINE_I386	yes
dlls/winnls32/i386-windows/winnls32.dll	28672	651a7c50cdce5151dcaca7102a9eb974b40f8a767e3299629f6dda2d50d3bd41	pe	0x014C	IMAGE_FILE_MACHINE_I386	yes
dlls/winprint/i386-windows/winprint.dll	36864	ba8ae50ac807b1304e0366809b09f06d2815b0e9832e968a3c281f7ee5a13f29	pe	0x014C	IMAGE_FILE_MACHINE_I386	yes
dlls/winscard/i386-windows/winscard.dll	69632	55c32ac6dd639632a30e978c7866fed48471fd2e919209ee7557a5a5845d5eee	pe	0x014C	IMAGE_FILE_MACHINE_I386	yes
dlls/winscard/tests/i386-windows/winscard_test-stripped.exe	53248	09f3c032d161db34a8f692a742983a14186cae80ea4a0fd10e928ea02ed1d94e	pe	0x014C	IMAGE_FILE_MACHINE_I386	no
dlls/winscard/tests/i386-windows/winscard_test.exe	53248	09f3c032d161db34a8f692a742983a14186cae80ea4a0fd10e928ea02ed1d94e	pe	0x014C	IMAGE_FILE_MACHINE_I386	no
dlls/winsock.dll16/i386-windows/winsock.dll16	53248	45fc38b1362a6033a25a97b2973b67b3c8c89f3f313cd8f0aa5f78cfea6d35df	pe	0x014C	IMAGE_FILE_MACHINE_I386	yes
dlls/winspool.drv/i386-windows/winspool.drv	221184	76120d59360298884f79307cd32d0658139cdcfd3c6cfc344ef373734372174c	pe	0x014C	IMAGE_FILE_MACHINE_I386	yes
dlls/winspool.drv/tests/i386-windows/winspool.drv_test-stripped.exe	143360	2e34b0445dbb1426772652a5a393ff707c7bf0b0d9d18186c1fc525df69ccd1d	pe	0x014C	IMAGE_FILE_MACHINE_I386	no
dlls/winspool.drv/tests/i386-windows/winspool.drv_test.exe	143360	2e34b0445dbb1426772652a5a393ff707c7bf0b0d9d18186c1fc525df69ccd1d	pe	0x014C	IMAGE_FILE_MACHINE_I386	no
dlls/winsqlite3/i386-windows/winsqlite3.dll	1462272	e01b3b5f453bd48ae7e540d53ebc676103c97c352b317c41e534f7455e549dc5	pe	0x014C	IMAGE_FILE_MACHINE_I386	yes
dlls/winsqlite3/tests/i386-windows/winsqlite3_test-stripped.exe	45056	9dc3d687545cc6cdb0d0718d5f094b3c0dc1204753fb2f6f587438ed68e079f5	pe	0x014C	IMAGE_FILE_MACHINE_I386	no
dlls/winsqlite3/tests/i386-windows/winsqlite3_test.exe	45056	9dc3d687545cc6cdb0d0718d5f094b3c0dc1204753fb2f6f587438ed68e079f5	pe	0x014C	IMAGE_FILE_MACHINE_I386	no
dlls/winsta/i386-windows/winsta.dll	61440	f32cb7d28e6962e2aa3bc7b4256402c648d7d4808452b008e1ea20a8fd72904d	pe	0x014C	IMAGE_FILE_MACHINE_I386	yes
dlls/wintab.dll16/i386-windows/wintab.dll16	45056	2f9a520bcaf7fbcdd07598539345ab3f0c4291e2029752e3fd0ccdf2f4093e6e	pe	0x014C	IMAGE_FILE_MACHINE_I386	yes
dlls/wintab32/i386-windows/wintab32.dll	73728	2b425d7bb831dd179c9eaf6e210f8e70e168f30526307074049a34da360eacfc	pe	0x014C	IMAGE_FILE_MACHINE_I386	yes
dlls/wintab32/tests/i386-windows/wintab32_test-stripped.exe	40960	4a62cd162c80f6edf31884dfea4887c5924032dcbbb7771facd97dd7eea4fa4a	pe	0x014C	IMAGE_FILE_MACHINE_I386	no
dlls/wintab32/tests/i386-windows/wintab32_test.exe	40960	4a62cd162c80f6edf31884dfea4887c5924032dcbbb7771facd97dd7eea4fa4a	pe	0x014C	IMAGE_FILE_MACHINE_I386	no
dlls/wintrust/i386-windows/wintrust.dll	200704	eab4844075ec68de33d98bacbca6cb95a5fa630eb32d0a9c7d2a387eabc4ce1c	pe	0x014C	IMAGE_FILE_MACHINE_I386	yes
dlls/wintrust/tests/i386-windows/wintrust_test-stripped.exe	233472	d7e446297ebcd9bbe1d06e512e3a6960e5e3463671ccd1b1d08463fe0477df24	pe	0x014C	IMAGE_FILE_MACHINE_I386	no
dlls/wintrust/tests/i386-windows/wintrust_test.exe	233472	d7e446297ebcd9bbe1d06e512e3a6960e5e3463671ccd1b1d08463fe0477df24	pe	0x014C	IMAGE_FILE_MACHINE_I386	no
dlls/wintypes/i386-windows/wintypes.dll	200704	f3fb07fec746753971ac5a28b28d2763d8e67c11e14ad6451a18777faada9930	pe	0x014C	IMAGE_FILE_MACHINE_I386	yes
dlls/wintypes/tests/i386-windows/wintypes_test-stripped.exe	393216	99641ee6db4c14e4bcbd492deda2a020c02f539298505cc411244c6ace195b18	pe	0x014C	IMAGE_FILE_MACHINE_I386	no
dlls/wintypes/tests/i386-windows/wintypes_test.exe	393216	99641ee6db4c14e4bcbd492deda2a020c02f539298505cc411244c6ace195b18	pe	0x014C	IMAGE_FILE_MACHINE_I386	no
dlls/winusb/i386-windows/winusb.dll	36864	832cdb39df25997cfb88b9a282c054feb6e318e8c4fb54337b9663f25d2110ac	pe	0x014C	IMAGE_FILE_MACHINE_I386	yes
dlls/wkscli/i386-windows/wkscli.dll	36864	a8f4e1cefbcb6f02aba363edbb8d94a505130b94b3b3ccfbdf227c941499387f	pe	0x014C	IMAGE_FILE_MACHINE_I386	yes
dlls/wlanapi/i386-windows/wlanapi.dll	40960	7bc17017b016acba1a3d515466f86301e32133779656400a57e7f37c21663dd3	pe	0x014C	IMAGE_FILE_MACHINE_I386	yes
dlls/wlanapi/tests/i386-windows/wlanapi_test-stripped.exe	49152	6766310e1352bce6bba1328518090780fc27a03373862f847555f6c41e4750b2	pe	0x014C	IMAGE_FILE_MACHINE_I386	no
dlls/wlanapi/tests/i386-windows/wlanapi_test.exe	49152	6766310e1352bce6bba1328518090780fc27a03373862f847555f6c41e4750b2	pe	0x014C	IMAGE_FILE_MACHINE_I386	no
dlls/wlanui/i386-windows/wlanui.dll	28672	568a32f41fa5a7f1aeb13d34801d1739afc4f3c1420364954c3c61d8ad03e1b3	pe	0x014C	IMAGE_FILE_MACHINE_I386	yes
dlls/wldap32/i386-windows/wldap32.dll	589824	a5d9c57fbcf643760e344ccffda60f834afb716a9cd5abb8a42ca7e5c4d3feef	pe	0x014C	IMAGE_FILE_MACHINE_I386	yes
dlls/wldap32/tests/i386-windows/wldap32_test-stripped.exe	90112	c4629e72cea755bbcc5cb828de76d6b4b191e3f679be8b0fe59d9a96011c776c	pe	0x014C	IMAGE_FILE_MACHINE_I386	no
dlls/wldap32/tests/i386-windows/wldap32_test.exe	90112	c4629e72cea755bbcc5cb828de76d6b4b191e3f679be8b0fe59d9a96011c776c	pe	0x014C	IMAGE_FILE_MACHINE_I386	no
dlls/wldp/i386-windows/wldp.dll	40960	f6d9603d2087d83fa4d5d5905db998973658b9e80f871c80ab75ca8bea5359e0	pe	0x014C	IMAGE_FILE_MACHINE_I386	yes
dlls/wldp/tests/i386-windows/wldp_test-stripped.exe	36864	ef07696f964ad9ecc6312fe17025827ca012c507a74333b31976438cf8e5f9a7	pe	0x014C	IMAGE_FILE_MACHINE_I386	no
dlls/wldp/tests/i386-windows/wldp_test.exe	36864	ef07696f964ad9ecc6312fe17025827ca012c507a74333b31976438cf8e5f9a7	pe	0x014C	IMAGE_FILE_MACHINE_I386	no
dlls/wmadmod/i386-windows/wmadmod.dll	290816	abc721effe5aca3ff71ad73b073012291d7c046095817b981bad9dba84d30bf5	pe	0x014C	IMAGE_FILE_MACHINE_I386	yes
dlls/wmasf/i386-windows/wmasf.dll	32768	73aadbdee41d52c90501f3324f7597257e7e67d2139b6fba26a124c3029d1aba	pe	0x014C	IMAGE_FILE_MACHINE_I386	yes
dlls/wmi/i386-windows/wmi.dll	8192	a8da6c28c1b0846a2ed273fc055668b3ce9c6c657654585eeab63ac04c2fdd26	pe-data	0x014C	IMAGE_FILE_MACHINE_I386	yes
dlls/wmilib.sys/i386-windows/wmilib.sys	28672	d7b6d070d2ae28da123a5539bd1abd2742d410fda2002d2a85e2dba7381fadb2	pe	0x014C	IMAGE_FILE_MACHINE_I386	yes
dlls/wminet_utils/i386-windows/wminet_utils.dll	57344	15f941c629e127ae1654de6a29aae902fa72c0689c0511901c3a7d48a207fb53	pe	0x014C	IMAGE_FILE_MACHINE_I386	yes
dlls/wmiutils/i386-windows/wmiutils.dll	69632	ea8de8a47efb6afb8a4568395b7809429492cfa4af002343da18aec62876cddc	pe	0x014C	IMAGE_FILE_MACHINE_I386	yes
dlls/wmiutils/tests/i386-windows/wmiutils_test-stripped.exe	86016	4f1e10ade0430b618715cec57105c0a2cd888ed84cde01f33f3370e03f53eaf0	pe	0x014C	IMAGE_FILE_MACHINE_I386	no
dlls/wmiutils/tests/i386-windows/wmiutils_test.exe	86016	4f1e10ade0430b618715cec57105c0a2cd888ed84cde01f33f3370e03f53eaf0	pe	0x014C	IMAGE_FILE_MACHINE_I386	no
dlls/wmp/i386-windows/wmp.dll	237568	67ef7df0e11aef4043166215e4e1d7aeb9611fa8268de1b8a7c58f42efb2ead0	pe	0x014C	IMAGE_FILE_MACHINE_I386	yes
dlls/wmp/tests/i386-windows/wmp_test-stripped.exe	184320	6e74cad48652964c158192f96a9aaa301327c86f1cd7d3df8f65d66014df6492	pe	0x014C	IMAGE_FILE_MACHINE_I386	no
dlls/wmp/tests/i386-windows/wmp_test.exe	184320	6e74cad48652964c158192f96a9aaa301327c86f1cd7d3df8f65d66014df6492	pe	0x014C	IMAGE_FILE_MACHINE_I386	no
dlls/wmphoto/i386-windows/wmphoto.dll	585728	d4bdb93315bc40876d96395ff7e79f56250232402a590c6f3428a37cf56ed1f6	pe	0x014C	IMAGE_FILE_MACHINE_I386	yes
dlls/wmvcore/i386-windows/wmvcore.dll	163840	09faaaf9d13139449995d89398e709a94155d2804ef68f7662cd788ebed698f5	pe	0x014C	IMAGE_FILE_MACHINE_I386	yes
dlls/wmvcore/tests/i386-windows/wmvcore_test-stripped.exe	581632	4609e88735fc24f9c96650cafbe4d55075621a77ddda176b3d29b73ee76d4317	pe	0x014C	IMAGE_FILE_MACHINE_I386	no
dlls/wmvcore/tests/i386-windows/wmvcore_test.exe	581632	4609e88735fc24f9c96650cafbe4d55075621a77ddda176b3d29b73ee76d4317	pe	0x014C	IMAGE_FILE_MACHINE_I386	no
dlls/wmvdecod/i386-windows/wmvdecod.dll	290816	54a90abb0cdbcb1a8233072728445a2ed7cc2ff7c54dd543e45b3d6e110d05e3	pe	0x014C	IMAGE_FILE_MACHINE_I386	yes
dlls/wnaspi32/i386-windows/wnaspi32.dll	36864	6725c79a2af3ef54535446d9983bd667d8abe134a886ef0de2fc350c5e49dc9f	pe	0x014C	IMAGE_FILE_MACHINE_I386	yes
dlls/wofutil/i386-windows/wofutil.dll	36864	b26ccd4eb82f97522b708ecefa6655f89aeb66ed911da1472e52d34f172dd760	pe	0x014C	IMAGE_FILE_MACHINE_I386	yes
dlls/wow32/i386-windows/wow32.dll	28672	3c41f56614cca02892f22555f9f8d4353ad02829acb27bc4b02710cb2656ef7e	pe	0x014C	IMAGE_FILE_MACHINE_I386	yes
dlls/wpc/i386-windows/wpc.dll	57344	a08147cd7579a9a574799f3c089ed12e765b4ebbe4233285b646227d87abc321	pe	0x014C	IMAGE_FILE_MACHINE_I386	yes
dlls/wpc/tests/i386-windows/wpc_test-stripped.exe	49152	580e8f8037f50a13deeb5abdac56f307c510f725490fa0618063f0f9dae19ef6	pe	0x014C	IMAGE_FILE_MACHINE_I386	no
dlls/wpc/tests/i386-windows/wpc_test.exe	49152	580e8f8037f50a13deeb5abdac56f307c510f725490fa0618063f0f9dae19ef6	pe	0x014C	IMAGE_FILE_MACHINE_I386	no
dlls/wpcap/i386-windows/wpcap.dll	90112	f9b81e9f81584a46ae9d6249c5fd1a2171355eb5ef5dc83caf0ab8453558055a	pe	0x014C	IMAGE_FILE_MACHINE_I386	yes
dlls/wpcap/tests/i386-windows/wpcap_test-stripped.exe	53248	9fc83d933c582ace3c12b980ef2b3427829e11ad0baef4d279f619ed6eed00a4	pe	0x014C	IMAGE_FILE_MACHINE_I386	no
dlls/wpcap/tests/i386-windows/wpcap_test.exe	53248	9fc83d933c582ace3c12b980ef2b3427829e11ad0baef4d279f619ed6eed00a4	pe	0x014C	IMAGE_FILE_MACHINE_I386	no
dlls/ws2_32/i386-windows/ws2_32.dll	188416	17b060af688a8cf07892e41f817fc0487fc79aebfba407260a4726368d8dd7e1	pe	0x014C	IMAGE_FILE_MACHINE_I386	yes
dlls/ws2_32/tests/i386-windows/ws2_32_test-stripped.exe	1032192	3deef84dad5bbaae1ac94f1f0baa4e4b7300feedb10971d5eef760c682c05e6c	pe	0x014C	IMAGE_FILE_MACHINE_I386	no
dlls/ws2_32/tests/i386-windows/ws2_32_test.exe	1032192	3deef84dad5bbaae1ac94f1f0baa4e4b7300feedb10971d5eef760c682c05e6c	pe	0x014C	IMAGE_FILE_MACHINE_I386	no
dlls/wsdapi/i386-windows/wsdapi.dll	122880	677529b4093b1cc4af2f3e655d96c4fefaf089d36667f7658131404be447a6be	pe	0x014C	IMAGE_FILE_MACHINE_I386	yes
dlls/wsdapi/tests/i386-windows/wsdapi_test-stripped.exe	192512	b5a4d932a5536ad1004bb69d9c6fd41e4c28cce717bef174df3f0f3f225c9855	pe	0x014C	IMAGE_FILE_MACHINE_I386	no
dlls/wsdapi/tests/i386-windows/wsdapi_test.exe	192512	b5a4d932a5536ad1004bb69d9c6fd41e4c28cce717bef174df3f0f3f225c9855	pe	0x014C	IMAGE_FILE_MACHINE_I386	no
dlls/wshom.ocx/i386-windows/wshom.ocx	303104	9d9293cb572bd3c6b364203aa9e68da566bc04e035a3263dfd7ef8fd1cc95336	pe	0x014C	IMAGE_FILE_MACHINE_I386	yes
dlls/wshom.ocx/tests/i386-windows/wshom.ocx_test-stripped.exe	102400	a2fc257da66b0be97b38b9b12d8c635ee9237a871964b45ed8ca7edbe08ab1f1	pe	0x014C	IMAGE_FILE_MACHINE_I386	no
dlls/wshom.ocx/tests/i386-windows/wshom.ocx_test.exe	102400	a2fc257da66b0be97b38b9b12d8c635ee9237a871964b45ed8ca7edbe08ab1f1	pe	0x014C	IMAGE_FILE_MACHINE_I386	no
dlls/wsnmp32/i386-windows/wsnmp32.dll	49152	58269930322ac41700c15ac711897ed476447ad6bb7ae8cb58f3865df936ade9	pe	0x014C	IMAGE_FILE_MACHINE_I386	yes
dlls/wsnmp32/tests/i386-windows/wsnmp32_test-stripped.exe	32768	ecc90cd4712b0d8736c8bc29ca6e45550e9830043c621328afe0b5320ccc319d	pe	0x014C	IMAGE_FILE_MACHINE_I386	no
dlls/wsnmp32/tests/i386-windows/wsnmp32_test.exe	32768	ecc90cd4712b0d8736c8bc29ca6e45550e9830043c621328afe0b5320ccc319d	pe	0x014C	IMAGE_FILE_MACHINE_I386	no
dlls/wsock32/i386-windows/wsock32.dll	61440	e63bf5bb0b2c8aaa62a70a124de4d13811c7ddb2034144d3dcf17a9983eebd7c	pe	0x014C	IMAGE_FILE_MACHINE_I386	yes
dlls/wtsapi32/i386-windows/wtsapi32.dll	57344	7885943bdfcb913fa162cf23abf17ce732b21901ffdc6c7baeaea2d30e470df2	pe	0x014C	IMAGE_FILE_MACHINE_I386	yes
dlls/wtsapi32/tests/i386-windows/wtsapi32_test-stripped.exe	65536	646fb79ad318c223bde15237c6302ebc098d0182b367b7c237a9a676c9e5d743	pe	0x014C	IMAGE_FILE_MACHINE_I386	no
dlls/wtsapi32/tests/i386-windows/wtsapi32_test.exe	65536	646fb79ad318c223bde15237c6302ebc098d0182b367b7c237a9a676c9e5d743	pe	0x014C	IMAGE_FILE_MACHINE_I386	no
dlls/wuapi/i386-windows/wuapi.dll	286720	a976b06935c962d64db4ea9b415925479bce12da7ed1d8f12dd47fa9442de3ea	pe	0x014C	IMAGE_FILE_MACHINE_I386	yes
dlls/wuaueng/i386-windows/wuaueng.dll	36864	75554421fbd5a7421d29f697668598582f7661c7e1f344c98827f679d320902a	pe	0x014C	IMAGE_FILE_MACHINE_I386	yes
dlls/x3daudio1_0/i386-windows/x3daudio1_0.dll	40960	bd353f0223994e025f321cc543576afb6acde89e955ce4838fbcf2d0c67e32cc	pe	0x014C	IMAGE_FILE_MACHINE_I386	yes
dlls/x3daudio1_1/i386-windows/x3daudio1_1.dll	40960	bd96fdf48ee4d92b94944fc3f6ede71d8f4b44448aa5cae50cb3f12a09669464	pe	0x014C	IMAGE_FILE_MACHINE_I386	yes
dlls/x3daudio1_2/i386-windows/x3daudio1_2.dll	40960	c8da9a4cc36d506268648681d0b38c4be9f1b03ab2a552dad73a977fe1fa1097	pe	0x014C	IMAGE_FILE_MACHINE_I386	yes
dlls/x3daudio1_3/i386-windows/x3daudio1_3.dll	40960	1381b28c6a4ae40086d6d92eed5121427bfffd4484be7db292b46c09f8f13030	pe	0x014C	IMAGE_FILE_MACHINE_I386	yes
dlls/x3daudio1_4/i386-windows/x3daudio1_4.dll	40960	d5b26198c212151cfafe98c0ea8e63f74bee631e0bba4330f727bb43a588cafb	pe	0x014C	IMAGE_FILE_MACHINE_I386	yes
dlls/x3daudio1_5/i386-windows/x3daudio1_5.dll	40960	860c8f3ff6e4b3565c2b7c902446441d2cbf2e7cd5409d21757ab69f725b8925	pe	0x014C	IMAGE_FILE_MACHINE_I386	yes
dlls/x3daudio1_6/i386-windows/x3daudio1_6.dll	40960	108ebc6e567afc92261d9ac6e3936131f37ab0944397d0c12bf3cb7d7cf0178c	pe	0x014C	IMAGE_FILE_MACHINE_I386	yes
dlls/x3daudio1_7/i386-windows/x3daudio1_7.dll	40960	5824b53837f9226ea007fe751b36e214ca55e57f754bfa9eff3cc72321e09785	pe	0x014C	IMAGE_FILE_MACHINE_I386	yes
dlls/xactengine2_0/i386-windows/xactengine2_0.dll	495616	f0b9e4704452f5a4d1e09ff78f6b7f2f816e575736f8f9c3705399a63c427489	pe	0x014C	IMAGE_FILE_MACHINE_I386	yes
dlls/xactengine2_4/i386-windows/xactengine2_4.dll	495616	e63be9ddcf007c21424f2b68a70b79f661a9bf9ef03bc30bb1eba7167c32af1b	pe	0x014C	IMAGE_FILE_MACHINE_I386	yes
dlls/xactengine2_7/i386-windows/xactengine2_7.dll	503808	17155dbe7750a77416004b25f93dbfa700b22c7fa129eabb28851de49567c2df	pe	0x014C	IMAGE_FILE_MACHINE_I386	yes
dlls/xactengine2_9/i386-windows/xactengine2_9.dll	503808	d4d6fe425a06f5b6dcd441b44d73af0d24145a21b345f2a8d4bbf8f0fb3998d6	pe	0x014C	IMAGE_FILE_MACHINE_I386	yes
dlls/xactengine3_0/i386-windows/xactengine3_0.dll	503808	3689840644791e334b95d3179e6149708600984b11984a04c8ac8475dbb6f5f2	pe	0x014C	IMAGE_FILE_MACHINE_I386	yes
dlls/xactengine3_1/i386-windows/xactengine3_1.dll	503808	ae3e03500aab33040d317a527e25665b1151edf7c9ccfe8bdb5bc4b37b061edb	pe	0x014C	IMAGE_FILE_MACHINE_I386	yes
dlls/xactengine3_2/i386-windows/xactengine3_2.dll	503808	0674d734cf20f426ef6fea248bf920d625365d4bc8c85c63f4d85855055b7953	pe	0x014C	IMAGE_FILE_MACHINE_I386	yes
dlls/xactengine3_3/i386-windows/xactengine3_3.dll	503808	466f899ca30e9e44b6cca999ba996ea0385d31807fc631d78db8d2bdb52637a1	pe	0x014C	IMAGE_FILE_MACHINE_I386	yes
dlls/xactengine3_4/i386-windows/xactengine3_4.dll	503808	464335e216a9f48fb7cc19ac279818d35950ec502aa265a463823c3778170845	pe	0x014C	IMAGE_FILE_MACHINE_I386	yes
dlls/xactengine3_5/i386-windows/xactengine3_5.dll	503808	99671239e77af4283556eef43926a4315de4184ab89266a101c73544cb65105f	pe	0x014C	IMAGE_FILE_MACHINE_I386	yes
dlls/xactengine3_6/i386-windows/xactengine3_6.dll	503808	fe18dca70b0b84ffd6f43d4f9acf645e515acfb0b3aff991130a2cc463ca2bba	pe	0x014C	IMAGE_FILE_MACHINE_I386	yes
dlls/xactengine3_7/i386-windows/xactengine3_7.dll	503808	7de5013054dfa8f7fbc0baa018e94bc946048a4b9992d17004d29face6b6ec33	pe	0x014C	IMAGE_FILE_MACHINE_I386	yes
dlls/xactengine3_7/tests/i386-windows/xactengine3_7_test-stripped.exe	180224	000789b932f8cdf4fefb7604d92aeccdfabac8a71d48fd161ba4fe584a9020b4	pe	0x014C	IMAGE_FILE_MACHINE_I386	no
dlls/xactengine3_7/tests/i386-windows/xactengine3_7_test.exe	180224	000789b932f8cdf4fefb7604d92aeccdfabac8a71d48fd161ba4fe584a9020b4	pe	0x014C	IMAGE_FILE_MACHINE_I386	no
dlls/xapofx1_1/i386-windows/xapofx1_1.dll	73728	8a320ec448646d7c96c2e6702553bed99681d323afd4957efa341f37b1a951d8	pe	0x014C	IMAGE_FILE_MACHINE_I386	yes
dlls/xapofx1_2/i386-windows/xapofx1_2.dll	69632	91fcaedb8524daec78e4cfb5719fac1ade9bdbb11d006320c04be759ef77a7d4	pe	0x014C	IMAGE_FILE_MACHINE_I386	yes
dlls/xapofx1_3/i386-windows/xapofx1_3.dll	73728	29169abc9c13bbc5e1fb356377b91292dd1d1de864258ce084d8de6b7d90c8c2	pe	0x014C	IMAGE_FILE_MACHINE_I386	yes
dlls/xapofx1_4/i386-windows/xapofx1_4.dll	69632	7950529cef46a4a1171354801289db469fd7be0f575346c96f818e2d169b3d58	pe	0x014C	IMAGE_FILE_MACHINE_I386	yes
dlls/xapofx1_5/i386-windows/xapofx1_5.dll	69632	1726c2925aacd0e5c46d36b590650be9f4a627837e22eb86ef0a3819c864592e	pe	0x014C	IMAGE_FILE_MACHINE_I386	yes
dlls/xaudio2_0/i386-windows/xaudio2_0.dll	462848	6870e46d12fcfa96e36266d2a3f8b6694a76bac6b5ea4e6157ec15cdb1e7d051	pe	0x014C	IMAGE_FILE_MACHINE_I386	yes
dlls/xaudio2_1/i386-windows/xaudio2_1.dll	462848	95ade5795dbc096d64108784d24cdf7483e1c6211f69ed42d07921a0bf882650	pe	0x014C	IMAGE_FILE_MACHINE_I386	yes
dlls/xaudio2_2/i386-windows/xaudio2_2.dll	462848	c158ebba1a619c40b8b530db155004058fd43dc279848cc812cbd75d74f7fbe6	pe	0x014C	IMAGE_FILE_MACHINE_I386	yes
dlls/xaudio2_3/i386-windows/xaudio2_3.dll	462848	6b8fa5505133672b14e2e44f53b93572fd2e79b3b23402c51f104fa77aced911	pe	0x014C	IMAGE_FILE_MACHINE_I386	yes
dlls/xaudio2_4/i386-windows/xaudio2_4.dll	462848	ae35be9ae4746fb9f0b3ac3bba51fe275e6808f6fe2c187f2fb43145aa85f9e9	pe	0x014C	IMAGE_FILE_MACHINE_I386	yes
dlls/xaudio2_5/i386-windows/xaudio2_5.dll	462848	a2e39066802e96fdc1db9364c4115103f91438424a3f404ee695e46c11eada87	pe	0x014C	IMAGE_FILE_MACHINE_I386	yes
dlls/xaudio2_6/i386-windows/xaudio2_6.dll	462848	9e49d46cf80a35e51d42ce5f02a2d8b1d9278c6b7d4a851d203b2cdaed0c9339	pe	0x014C	IMAGE_FILE_MACHINE_I386	yes
dlls/xaudio2_7/i386-windows/xaudio2_7.dll	462848	32276154e9a042e76aa92a4feac3070612036339e9cc4660a56fb2d389c63bce	pe	0x014C	IMAGE_FILE_MACHINE_I386	yes
dlls/xaudio2_7/tests/i386-windows/xaudio2_7_test-stripped.exe	98304	cd844e7aac56b8da7ad07b0150eb9f9c415c4e18edcd7a7eb4d15a6c4bfbb616	pe	0x014C	IMAGE_FILE_MACHINE_I386	no
dlls/xaudio2_7/tests/i386-windows/xaudio2_7_test.exe	98304	cd844e7aac56b8da7ad07b0150eb9f9c415c4e18edcd7a7eb4d15a6c4bfbb616	pe	0x014C	IMAGE_FILE_MACHINE_I386	no
dlls/xaudio2_8/i386-windows/xaudio2_8.dll	483328	c4ab2f476446ad973e11e5f79281c9a7362c27af219bc2b69d122473dc2f29d4	pe	0x014C	IMAGE_FILE_MACHINE_I386	yes
dlls/xaudio2_8/tests/i386-windows/xaudio2_8_test-stripped.exe	98304	7cd0d2266d710d8b391c812f98bb5ee4fa6dafeb737b23cb3d7d41a34449a8c9	pe	0x014C	IMAGE_FILE_MACHINE_I386	no
dlls/xaudio2_8/tests/i386-windows/xaudio2_8_test.exe	98304	7cd0d2266d710d8b391c812f98bb5ee4fa6dafeb737b23cb3d7d41a34449a8c9	pe	0x014C	IMAGE_FILE_MACHINE_I386	no
dlls/xaudio2_9/i386-windows/xaudio2_9.dll	487424	9baad4b680b18bad565eb9dee164d663b9570a51f6ab2a86186c5ddb654ae763	pe	0x014C	IMAGE_FILE_MACHINE_I386	yes
dlls/xinput1_1/i386-windows/xinput1_1.dll	73728	c160c23b85a694a5bc5166c5e15989ba1774b927c9d7a9298722e0a9fd672fc1	pe	0x014C	IMAGE_FILE_MACHINE_I386	yes
dlls/xinput1_2/i386-windows/xinput1_2.dll	73728	133fa39fa0a0741da0a96b22aeb756271e9b9eddb69ceeb90e2d4c2794137280	pe	0x014C	IMAGE_FILE_MACHINE_I386	yes
dlls/xinput1_3/i386-windows/xinput1_3.dll	73728	3efbe1943720c3f895dde3d430d780a4d9665759ab5fcfaaf12bee37142e3e55	pe	0x014C	IMAGE_FILE_MACHINE_I386	yes
dlls/xinput1_3/tests/i386-windows/xinput1_3_test-stripped.exe	90112	709c4991b02e006b16179c06214c0e0f3d8def7df069f1e305fc0c41bce5e826	pe	0x014C	IMAGE_FILE_MACHINE_I386	no
dlls/xinput1_3/tests/i386-windows/xinput1_3_test.exe	90112	709c4991b02e006b16179c06214c0e0f3d8def7df069f1e305fc0c41bce5e826	pe	0x014C	IMAGE_FILE_MACHINE_I386	no
dlls/xinput1_4/i386-windows/xinput1_4.dll	73728	fa3bc73f990054f6b9e696e6b00b23d3074547d1a09afaa63b6cd2807c578bbe	pe	0x014C	IMAGE_FILE_MACHINE_I386	yes
dlls/xinput9_1_0/i386-windows/xinput9_1_0.dll	40960	1e33fe23abd7465d2814738bbc61770874e379f421ff90fce7a2b0e22b9ba320	pe	0x014C	IMAGE_FILE_MACHINE_I386	yes
dlls/xinputuap/i386-windows/xinputuap.dll	73728	ecdb454eb4b7427bdca733c2e894fd0c55d86d7b4aeddf98878625bbc391464d	pe	0x014C	IMAGE_FILE_MACHINE_I386	yes
dlls/xmllite/i386-windows/xmllite.dll	131072	12083af780121084c88d0dc0fe4efd459f3aa70b5920f0d7a3b68425f7eeb497	pe	0x014C	IMAGE_FILE_MACHINE_I386	yes
dlls/xmllite/tests/i386-windows/xmllite_test-stripped.exe	303104	d43ebbecb45f4f30af9da8e9f43f268fefa8f8985803563e1f08c5bc309f6ef7	pe	0x014C	IMAGE_FILE_MACHINE_I386	no
dlls/xmllite/tests/i386-windows/xmllite_test.exe	303104	d43ebbecb45f4f30af9da8e9f43f268fefa8f8985803563e1f08c5bc309f6ef7	pe	0x014C	IMAGE_FILE_MACHINE_I386	no
dlls/xolehlp/i386-windows/xolehlp.dll	217088	f038cb7b7774551bc67a0eb40926497549efac74fe85cd36fae6a15fb773d914	pe	0x014C	IMAGE_FILE_MACHINE_I386	yes
dlls/xpsprint/i386-windows/xpsprint.dll	32768	aecf25abdea7058db7df7b2fc9842f8b0bd8085b5c8c8ba28c274c2e4cc93b8b	pe	0x014C	IMAGE_FILE_MACHINE_I386	yes
dlls/xpssvcs/i386-windows/xpssvcs.dll	28672	8c9325062a7ec3e86ede2d039f8b5cecbac28c95d95f291c37d87b39cf81fa36	pe	0x014C	IMAGE_FILE_MACHINE_I386	yes
programs/arp/i386-windows/arp.exe	24576	96dcb1f4619dfe7cf416d3dd6a84d3017dc80ab16dfc924d66f3f2bc9baa0d5c	pe	0x014C	IMAGE_FILE_MACHINE_I386	yes
programs/aspnet_regiis/i386-windows/aspnet_regiis.exe	24576	6cfd2b2a1a722201feeba716d81fba2875f83bac3cc396c105333635efbc0547	pe	0x014C	IMAGE_FILE_MACHINE_I386	yes
programs/attrib/i386-windows/attrib.exe	73728	df22b81e519bfc236d05971edb1fa71174e801bef753942a3095442ab73d8f13	pe	0x014C	IMAGE_FILE_MACHINE_I386	yes
programs/cabarc/i386-windows/cabarc.exe	45056	a91d6295af83d558485a6315e975c13bb1dd3f61314b8bc9fcfab14bf785005c	pe	0x014C	IMAGE_FILE_MACHINE_I386	yes
programs/cacls/i386-windows/cacls.exe	24576	c72ab387a52c4dba2d0632e6363696c30b01d1bf49d25148e280c8aa6f53e57a	pe	0x014C	IMAGE_FILE_MACHINE_I386	yes
programs/certutil/i386-windows/certutil.exe	32768	1ade882a3fdf7467e5164baf5db2d192bfebc8d846d92aa1251f3b5a2f639257	pe	0x014C	IMAGE_FILE_MACHINE_I386	yes
programs/chcp.com/i386-windows/chcp.com	45056	4eb4b85d9af9e37fb83af2aed205f36c520c00fcb4392b13bfeba771888c4e2b	pe	0x014C	IMAGE_FILE_MACHINE_I386	yes
programs/clock/i386-windows/clock.exe	53248	e39dd8f76ccc65269701230b47c401ad675186b4aee47abff6d4b22bda5b479e	pe	0x014C	IMAGE_FILE_MACHINE_I386	yes
programs/cmd/i386-windows/cmd.exe	1044480	4ee11e194654a60e0a932bb5b1de2d54ac610e7df97f9e0070c984fcaf8cf84e	pe	0x014C	IMAGE_FILE_MACHINE_I386	yes
programs/cmd/tests/i386-windows/cmd.exe_test-stripped.exe	303104	00b5671f516e975e28b90948dd2bc6c88673afe43c35fac48e0194d9d9454c06	pe	0x014C	IMAGE_FILE_MACHINE_I386	no
programs/cmd/tests/i386-windows/cmd.exe_test.exe	303104	00b5671f516e975e28b90948dd2bc6c88673afe43c35fac48e0194d9d9454c06	pe	0x014C	IMAGE_FILE_MACHINE_I386	no
programs/control/i386-windows/control.exe	24576	853b48424e7af294a86179cf1c2216009f14b153c6cd50c451028d00b1c13ef5	pe	0x014C	IMAGE_FILE_MACHINE_I386	yes
programs/cscript/i386-windows/cscript.exe	258048	24d0bf4bcb67dbbac135f9efced4208204ebdcc4eed0d017d694fc20fa387bee	pe	0x014C	IMAGE_FILE_MACHINE_I386	yes
programs/dism/i386-windows/dism.exe	28672	a248881c5df4e0730ba79efde8d9a0ebaaa0aa25647166c2314acd52625a4bfc	pe	0x014C	IMAGE_FILE_MACHINE_I386	yes
programs/dllhost/i386-windows/dllhost.exe	204800	b0d36cc42c66a24d0dd752aa54c3335dd91cdc7b75ced166c7e606a1e5562c29	pe	0x014C	IMAGE_FILE_MACHINE_I386	yes
programs/dplaysvr/i386-windows/dplaysvr.exe	28672	a8ad114ade90a539ea88248a2b1cedc21bb1e537c2599442148de6a31e32c7b6	pe	0x014C	IMAGE_FILE_MACHINE_I386	yes
programs/dpnsvr/i386-windows/dpnsvr.exe	28672	6c27f2931a43676bf1fd45721edb4c59e43cb6dda80969e38cf5040608b3ae83	pe	0x014C	IMAGE_FILE_MACHINE_I386	yes
programs/dpvsetup/i386-windows/dpvsetup.exe	28672	509bee7c9ace99343211c00046481f18d1e3f39eaa747f49481b61eca34f8528	pe	0x014C	IMAGE_FILE_MACHINE_I386	yes
programs/dxdiag/i386-windows/dxdiag.exe	94208	0e8543740e9358d3012536cc541a4b67c76db57967ceee9be505af6ac856c6b0	pe	0x014C	IMAGE_FILE_MACHINE_I386	yes
programs/eject/i386-windows/eject.exe	32768	372345cc16e034707d91db6973221e7b0d58abd65c318a456de8dd2e67f4c7b5	pe	0x014C	IMAGE_FILE_MACHINE_I386	yes
programs/expand/i386-windows/expand.exe	20480	99ba3bfa8ec68a6c2c438cfef63e581343c95a003d1b40351d7d5c3377f9f2b3	pe	0x014C	IMAGE_FILE_MACHINE_I386	yes
programs/explorer/i386-windows/explorer.exe	212992	13a9c44556476f19d5c9a674d7184304f498ac6e58b9a70d6b829e2fed30ac65	pe	0x014C	IMAGE_FILE_MACHINE_I386	yes
programs/explorer/tests/i386-windows/explorer.exe_test-stripped.exe	40960	ab77c77d78b5b94c71dddb9ab9292255204a73a9d42b2900679a751a72e66b8a	pe	0x014C	IMAGE_FILE_MACHINE_I386	no
programs/explorer/tests/i386-windows/explorer.exe_test.exe	40960	ab77c77d78b5b94c71dddb9ab9292255204a73a9d42b2900679a751a72e66b8a	pe	0x014C	IMAGE_FILE_MACHINE_I386	no
programs/extrac32/i386-windows/extrac32.exe	36864	1814a8c755e2959c7d341b120cb70f39f23c44cb286732a80d9449a4511db8de	pe	0x014C	IMAGE_FILE_MACHINE_I386	yes
programs/fc/i386-windows/fc.exe	32768	1df5d1d1c9b6fc82d4b552185412cb15fba966db42c0310fe67bfadbaccb8776	pe	0x014C	IMAGE_FILE_MACHINE_I386	yes
programs/fc/tests/i386-windows/fc.exe_test-stripped.exe	40960	9c62cc4debf88fbb671988cf8f56446be2b7e92512d16dcb0fe59729b825687e	pe	0x014C	IMAGE_FILE_MACHINE_I386	no
programs/fc/tests/i386-windows/fc.exe_test.exe	40960	9c62cc4debf88fbb671988cf8f56446be2b7e92512d16dcb0fe59729b825687e	pe	0x014C	IMAGE_FILE_MACHINE_I386	no
programs/find/i386-windows/find.exe	36864	42f8fdc7de51992b04dfa27f04c79359ffcbc80acd66b1ef8bb23d71f16f2147	pe	0x014C	IMAGE_FILE_MACHINE_I386	yes
programs/find/tests/i386-windows/find.exe_test-stripped.exe	53248	6196b94c9226f634bd223d34b6046b7862d8e27c05a4a4e6a07ca30e5c0e2f4b	pe	0x014C	IMAGE_FILE_MACHINE_I386	no
programs/find/tests/i386-windows/find.exe_test.exe	53248	6196b94c9226f634bd223d34b6046b7862d8e27c05a4a4e6a07ca30e5c0e2f4b	pe	0x014C	IMAGE_FILE_MACHINE_I386	no
programs/findstr/i386-windows/findstr.exe	36864	ee7ec33e5ded9c9f757b27a61c1fac5538d10f647be37d4b734189f09ecc3cf1	pe	0x014C	IMAGE_FILE_MACHINE_I386	yes
programs/findstr/tests/i386-windows/findstr.exe_test-stripped.exe	53248	b6d03fc9dff21671eab7a7b1dc3b63c17c78aae1131e070bb1f1ff51e35e1c2c	pe	0x014C	IMAGE_FILE_MACHINE_I386	no
programs/findstr/tests/i386-windows/findstr.exe_test.exe	53248	b6d03fc9dff21671eab7a7b1dc3b63c17c78aae1131e070bb1f1ff51e35e1c2c	pe	0x014C	IMAGE_FILE_MACHINE_I386	no
programs/fsutil/i386-windows/fsutil.exe	40960	1ff75ef4d7705fca75a4ae8c52b7da8c24d0e0c93dfedf3be4efd07d20390115	pe	0x014C	IMAGE_FILE_MACHINE_I386	yes
programs/fsutil/tests/i386-windows/fsutil.exe_test-stripped.exe	40960	08f8ce10093b2c56352bc0c968cb957544dd72693872880f28aef01b4d7504e9	pe	0x014C	IMAGE_FILE_MACHINE_I386	no
programs/fsutil/tests/i386-windows/fsutil.exe_test.exe	40960	08f8ce10093b2c56352bc0c968cb957544dd72693872880f28aef01b4d7504e9	pe	0x014C	IMAGE_FILE_MACHINE_I386	no
programs/hh/i386-windows/hh.exe	94208	1e8e016742145e9e7b5645a9756e6b8d44c2f798e18c94e1ba9ba5d1af6f83e6	pe	0x014C	IMAGE_FILE_MACHINE_I386	yes
programs/hostname/i386-windows/hostname.exe	36864	1ae6a129e4418b062cf149d4a6ff44887e76d16191832bde19265f3bcb8bcaa2	pe	0x014C	IMAGE_FILE_MACHINE_I386	yes
programs/icacls/i386-windows/icacls.exe	24576	b5ecf7fd457feca2eef59e0c132aaf9f1203745e56126bc158ac6d295701bd79	pe	0x014C	IMAGE_FILE_MACHINE_I386	yes
programs/icinfo/i386-windows/icinfo.exe	20480	646958f1c366012a9a183fcaf8aa7ad2ec0d0a93491716f5d12c91a211e20881	pe	0x014C	IMAGE_FILE_MACHINE_I386	yes
programs/iexplore/i386-windows/iexplore.exe	118784	cef45a6bd28b970c6eef44a00a1eb8eca5bb7b68f408c3db77a01d4e41ed10b6	pe	0x014C	IMAGE_FILE_MACHINE_I386	yes
programs/ipconfig/i386-windows/ipconfig.exe	57344	efc551a1af62e0b44145b64c315e991de105e36d4f50ead5131644911f2dc501	pe	0x014C	IMAGE_FILE_MACHINE_I386	yes
programs/klist/i386-windows/klist.exe	61440	d0505b74f8d06983d26f30e2cb57a4dc715af0a514e4dba96c2429f7cd7e795a	pe	0x014C	IMAGE_FILE_MACHINE_I386	yes
programs/lodctr/i386-windows/lodctr.exe	20480	13051fd22e0f9d5095d242cbf116772aae869f1955642b6c8a48509a22db884b	pe	0x014C	IMAGE_FILE_MACHINE_I386	yes
programs/makecab/i386-windows/makecab.exe	24576	e11457f7e65c83af5c4b3fdac0c0927ff3cec125eafe6d61176027b552dea80f	pe	0x014C	IMAGE_FILE_MACHINE_I386	yes
programs/mofcomp/i386-windows/mofcomp.exe	24576	1beafc73aced74072cd535f9697e223385ad7335670f1881821d243f64bb3abe	pe	0x014C	IMAGE_FILE_MACHINE_I386	yes
programs/mshta/i386-windows/mshta.exe	24576	f2271e354507a05d2ffcf1cc965f8e313d5b007f7f196f895d54ddb5c5fe694b	pe	0x014C	IMAGE_FILE_MACHINE_I386	yes
programs/msidb/i386-windows/msidb.exe	45056	4d46aaad4cb7411dca6d38151b9081cee523ab33cb4dbcd15bbe14da405cdbe6	pe	0x014C	IMAGE_FILE_MACHINE_I386	yes
programs/msiexec/i386-windows/msiexec.exe	106496	a6f0f0c50e065980a4992a2f0ccfeadbaa1cd2b840f4d03c23664e56ea48faf4	pe	0x014C	IMAGE_FILE_MACHINE_I386	yes
programs/msinfo32/i386-windows/msinfo32.exe	32768	168010314ec74c54e2d24099e7514e0d37b33e190613e2a00196c6086189d22e	pe	0x014C	IMAGE_FILE_MACHINE_I386	yes
programs/net/i386-windows/net.exe	118784	f6ae22b7ef1704059ed55e75ac7040404dd3c0f155906a1cdc3e2ff4055d2e80	pe	0x014C	IMAGE_FILE_MACHINE_I386	yes
programs/net/tests/i386-windows/net.exe_test-stripped.exe	32768	30e45b1c0eb7831f79c2a175194eeeab82538c7a049ecc8f3e7ac925369b7967	pe	0x014C	IMAGE_FILE_MACHINE_I386	no
programs/net/tests/i386-windows/net.exe_test.exe	32768	30e45b1c0eb7831f79c2a175194eeeab82538c7a049ecc8f3e7ac925369b7967	pe	0x014C	IMAGE_FILE_MACHINE_I386	no
programs/netsh/i386-windows/netsh.exe	24576	b8146f722f71c5b421754e1eea465e10a4fc9aa200772c1e38fd9d754d6ed97f	pe	0x014C	IMAGE_FILE_MACHINE_I386	yes
programs/netstat/i386-windows/netstat.exe	69632	4079c3ea47a64aaedd49579d2cd44774c0f73b80a90db4de6564a6e084468281	pe	0x014C	IMAGE_FILE_MACHINE_I386	yes
programs/ngen/i386-windows/ngen.exe	28672	c67c9f14da6d38563c1a0eca6e3ebcd1f9609ac748f8357977bb86e6acce2bb1	pe	0x014C	IMAGE_FILE_MACHINE_I386	yes
programs/notepad/i386-windows/notepad.exe	278528	ee5bc27a8dc2a7303eb8878ca2d329df44f63b6409d9ffbc333ae73a49b7a760	pe	0x014C	IMAGE_FILE_MACHINE_I386	yes
programs/odbcad32/i386-windows/odbcad32.exe	24576	0baefcfea5969ce1cb33d1112907bfc42e924b7e1d51792cfe351cf5b292c835	pe	0x014C	IMAGE_FILE_MACHINE_I386	yes
programs/oleview/i386-windows/oleview.exe	573440	9c386d9ee0f35f509ed5866329f1d73a87523a286aefb04723a7caf54415d55e	pe	0x014C	IMAGE_FILE_MACHINE_I386	yes
programs/ping/i386-windows/ping.exe	32768	5cac459e96557594b9571fefe0d6d6a6835931c892f3d230eab1874416a4e416	pe	0x014C	IMAGE_FILE_MACHINE_I386	yes
programs/pnputil/i386-windows/pnputil.exe	24576	388d7f0b1309b139dbf88cb0b05b2adf29cdfdd014fcddeeae2c66802711efa2	pe	0x014C	IMAGE_FILE_MACHINE_I386	yes
programs/powershell/i386-windows/powershell.exe	32768	fba6e2705a745e4fa8eeb6b44b3c83de366bafa8959a8a5666d73cf7b9e5a25d	pe	0x014C	IMAGE_FILE_MACHINE_I386	yes
programs/presentationfontcache/i386-windows/presentationfontcache.exe	28672	027bfe8c6967f79d7fa52a14606b63bc0bc50b0317b4f225514ee356b72ca454	pe	0x014C	IMAGE_FILE_MACHINE_I386	yes
programs/progman/i386-windows/progman.exe	286720	d0a893a4acfc7a7e945d421a5288b5ec27245452433458a3ed70a161603d971c	pe	0x014C	IMAGE_FILE_MACHINE_I386	yes
programs/reg/i386-windows/reg.exe	421888	3330a0ffd241a6c410f944ff7539b91b52aabc55faf735e9353e5b1f410f4ff6	pe	0x014C	IMAGE_FILE_MACHINE_I386	yes
programs/reg/tests/i386-windows/reg.exe_test-stripped.exe	434176	810c80d914c425d3d53088d37fac8987f5453e9aef743b91a2cc3ee453b763a9	pe	0x014C	IMAGE_FILE_MACHINE_I386	no
programs/reg/tests/i386-windows/reg.exe_test.exe	434176	810c80d914c425d3d53088d37fac8987f5453e9aef743b91a2cc3ee453b763a9	pe	0x014C	IMAGE_FILE_MACHINE_I386	no
programs/regasm/i386-windows/regasm.exe	24576	8e9677dfba148e6769e682d71ddda6242ec4ac3b0b0856286d2f26dadfaaf2b7	pe	0x014C	IMAGE_FILE_MACHINE_I386	yes
programs/regedit/i386-windows/regedit.exe	753664	7822873b300b4ef83425d007e0bbe45314ce92d38177ff36f47ba5215d07e56b	pe	0x014C	IMAGE_FILE_MACHINE_I386	yes
programs/regedit/tests/i386-windows/regedit.exe_test-stripped.exe	200704	6db196796defb483336da07ea0d9c37f8c906ab3266073c66f4aba59b7904a65	pe	0x014C	IMAGE_FILE_MACHINE_I386	no
programs/regedit/tests/i386-windows/regedit.exe_test.exe	200704	6db196796defb483336da07ea0d9c37f8c906ab3266073c66f4aba59b7904a65	pe	0x014C	IMAGE_FILE_MACHINE_I386	no
programs/regini/i386-windows/regini.exe	24576	7a3cbe6a849da71036ddc9d94f5fa0078a5b03de7279dc9e88b9933e1a288628	pe	0x014C	IMAGE_FILE_MACHINE_I386	yes
programs/regsvcs/i386-windows/regsvcs.exe	24576	a3cb883b58176a504840ade9692cc27a5df46a0ab77114bf69251d16d8e4f9a6	pe	0x014C	IMAGE_FILE_MACHINE_I386	yes
programs/regsvr32/i386-windows/regsvr32.exe	86016	33171d1b47826ecd52d52ab2b7c94c674df0c3833f396dfe26ef3911d41736d4	pe	0x014C	IMAGE_FILE_MACHINE_I386	yes
programs/robocopy/i386-windows/robocopy.exe	28672	b3b6d89d77dec20235d729c863914551a582a285efc9aeb60189ff5ca46ad135	pe	0x014C	IMAGE_FILE_MACHINE_I386	yes
programs/runas/i386-windows/runas.exe	28672	297a9f22b2df515a4a98a018623463a4af96884f82154696186e194338e4a1d1	pe	0x014C	IMAGE_FILE_MACHINE_I386	yes
programs/rundll.exe16/i386-windows/rundll.exe16	32768	5473983a05ef5de27ad8c62d9fa62c6bb8e5803b9bf16a5ba576727760908786	pe	0x014C	IMAGE_FILE_MACHINE_I386	yes
programs/rundll32/i386-windows/rundll32.exe	32768	d5366bda036f95699f3528f630a07aed19c5442c0aa96ff4572c60564d9658cd	pe	0x014C	IMAGE_FILE_MACHINE_I386	yes
programs/sc/i386-windows/sc.exe	36864	19dd4650272ac5acfb84cc3919df96e8753818c1a76a711a4d9c49d5b673210a	pe	0x014C	IMAGE_FILE_MACHINE_I386	yes
programs/sc/tests/i386-windows/sc.exe_test-stripped.exe	57344	d33b1387153b8d06166cb40764c620d00aabfb7008fedb7df055a92abac416b8	pe	0x014C	IMAGE_FILE_MACHINE_I386	no
programs/sc/tests/i386-windows/sc.exe_test.exe	57344	d33b1387153b8d06166cb40764c620d00aabfb7008fedb7df055a92abac416b8	pe	0x014C	IMAGE_FILE_MACHINE_I386	no
programs/schtasks/i386-windows/schtasks.exe	49152	960407c05f4403fb7967454881eae4caa07e6597879196f45eb21b333bf5a04c	pe	0x014C	IMAGE_FILE_MACHINE_I386	yes
programs/schtasks/tests/i386-windows/schtasks.exe_test-stripped.exe	61440	a394c1f4e9fa42213cf48a9b2182d88dae1b7922f3f70548028fe7b3bbbb7499	pe	0x014C	IMAGE_FILE_MACHINE_I386	no
programs/schtasks/tests/i386-windows/schtasks.exe_test.exe	61440	a394c1f4e9fa42213cf48a9b2182d88dae1b7922f3f70548028fe7b3bbbb7499	pe	0x014C	IMAGE_FILE_MACHINE_I386	no
programs/sdbinst/i386-windows/sdbinst.exe	24576	7a787995848b18462713bf7003be4a2a5c63c4925b704b4d5c79b1306fc0c8b9	pe	0x014C	IMAGE_FILE_MACHINE_I386	yes
programs/secedit/i386-windows/secedit.exe	20480	b5dca42bda99b8f3efda06e775bf9907253bf2fefc2a1b87491a542e7411746c	pe	0x014C	IMAGE_FILE_MACHINE_I386	yes
programs/servicemodelreg/i386-windows/servicemodelreg.exe	24576	57b891dd9cb52f9034fb066e3b11adb49b6d782591a4845985c3c1522cf49367	pe	0x014C	IMAGE_FILE_MACHINE_I386	yes
programs/setx/i386-windows/setx.exe	28672	f35bdbf3b71661842cc6a9e1b115683e3c7e3e26a87829f10aea455091f875e7	pe	0x014C	IMAGE_FILE_MACHINE_I386	yes
programs/shutdown/i386-windows/shutdown.exe	24576	1f09b86a4bac91c3b0979056eb30ff6d8612de748ea39d9c2f13d734eb21b407	pe	0x014C	IMAGE_FILE_MACHINE_I386	yes
programs/sort/i386-windows/sort.exe	32768	31d37aa2f7e9807b49b8b0899048123ae2f591edff90323c38f7047abdf3b596	pe	0x014C	IMAGE_FILE_MACHINE_I386	yes
programs/start/i386-windows/start.exe	147456	f775984cf75c5e1ed564a470c7ed06f71153488b479257fd10abcca098e5d67f	pe	0x014C	IMAGE_FILE_MACHINE_I386	yes
programs/subst/i386-windows/subst.exe	28672	4fd66dedbe668dd4d9ae408c2656a59ae3f10da8e673402de2d96d19405fae58	pe	0x014C	IMAGE_FILE_MACHINE_I386	yes
programs/svchost/i386-windows/svchost.exe	32768	2dfd026d829c8a297d74d654f2b31e6a2c3c30d13d7de04ac4385ea4bf6cdf7b	pe	0x014C	IMAGE_FILE_MACHINE_I386	yes
programs/systeminfo/i386-windows/systeminfo.exe	53248	87cd75b97d3c6bfe28d00682bab416f15931241b903f92a9d04844d7db9416ca	pe	0x014C	IMAGE_FILE_MACHINE_I386	yes
programs/taskkill/i386-windows/taskkill.exe	98304	baa60451b254e839fae6353a48e090c1d5f751207a80e54c9f646822d28739f9	pe	0x014C	IMAGE_FILE_MACHINE_I386	yes
programs/tasklist/i386-windows/tasklist.exe	49152	568b20857d268952290c4910a3ee981d3e9c743c5629274049efc333208097a3	pe	0x014C	IMAGE_FILE_MACHINE_I386	yes
programs/tasklist/tests/i386-windows/tasklist.exe_test-stripped.exe	49152	ab0e9abd2c798702acd14bcad389d61f4e359e40133a407dd6d6135008d18350	pe	0x014C	IMAGE_FILE_MACHINE_I386	no
programs/tasklist/tests/i386-windows/tasklist.exe_test.exe	49152	ab0e9abd2c798702acd14bcad389d61f4e359e40133a407dd6d6135008d18350	pe	0x014C	IMAGE_FILE_MACHINE_I386	no
programs/taskmgr/i386-windows/taskmgr.exe	782336	49d81897babda45d65f36a0b8766c2eaa438a80ef40ac2f3ead1263e2abef185	pe	0x014C	IMAGE_FILE_MACHINE_I386	yes
programs/timeout/i386-windows/timeout.exe	28672	7967b8b1fc9a0da44137700729a31f35feb2985e44b29487b047a22475b8cb56	pe	0x014C	IMAGE_FILE_MACHINE_I386	yes
programs/timeout/tests/i386-windows/timeout.exe_test-stripped.exe	40960	a1a467d7ec8567b7f884f4ddfb9bcb3a8d12119fcf6a1afd313f25be68b65a61	pe	0x014C	IMAGE_FILE_MACHINE_I386	no
programs/timeout/tests/i386-windows/timeout.exe_test.exe	40960	a1a467d7ec8567b7f884f4ddfb9bcb3a8d12119fcf6a1afd313f25be68b65a61	pe	0x014C	IMAGE_FILE_MACHINE_I386	no
programs/uninstaller/i386-windows/uninstaller.exe	81920	8dbab67a7e83f825fd5fe252255105e3a9ae4866e454c700e6aaf10794d90377	pe	0x014C	IMAGE_FILE_MACHINE_I386	yes
programs/unlodctr/i386-windows/unlodctr.exe	20480	eac1361641f0d8409f12c7fb204078f17e80498f9e9f0b3821864c6922b5c5cc	pe	0x014C	IMAGE_FILE_MACHINE_I386	yes
programs/view/i386-windows/view.exe	45056	02904b21d23b9e0378123000ab72ba91003cdcbe0fc64cb3a4b48ab4b0ede7d1	pe	0x014C	IMAGE_FILE_MACHINE_I386	yes
programs/wevtutil/i386-windows/wevtutil.exe	24576	13290a8ca3ad125ff9e761f18071e8ad2d3ed2fcc7063041b0704280154a01ba	pe	0x014C	IMAGE_FILE_MACHINE_I386	yes
programs/where/i386-windows/where.exe	32768	2fe42f256b464fa9774996001c4db4ed8b3a67971f2cfe26c1c89203c9cea983	pe	0x014C	IMAGE_FILE_MACHINE_I386	yes
programs/whoami/i386-windows/whoami.exe	32768	35caa6a839c59deebaebcb59a77596f9b5edadbe5ff3407331bd9518edaca89a	pe	0x014C	IMAGE_FILE_MACHINE_I386	yes
programs/winebrowser/i386-windows/winebrowser.exe	36864	4a1f9606f45270b5b4b10ee9699d0a7bd78070288413cfbfdc4fcbc37a37ae6b	pe	0x014C	IMAGE_FILE_MACHINE_I386	yes
programs/winecfg/i386-windows/winecfg.exe	1040384	3e7a4538e16c8590eafe3d486d6231d6bbbf36057d561ee4e773af913346b556	pe	0x014C	IMAGE_FILE_MACHINE_I386	yes
programs/wineconsole/i386-windows/wineconsole.exe	40960	54bdec0d34021b403db1376f5a07248843f9366496e7af2d23943f897d718567	pe	0x014C	IMAGE_FILE_MACHINE_I386	yes
programs/winedbg/i386-windows/winedbg.exe	4833280	f58de18f1778d22196d1d9f3120c84acb7cb7e12bc43f9c540ac222dac5679d1	pe	0x014C	IMAGE_FILE_MACHINE_I386	yes
programs/winedevice/i386-windows/winedevice.exe	32768	18f89ee4c432e3dff1f5ca31164310a9c4ce0e1f51384a79863d002d2bedf04d	pe	0x014C	IMAGE_FILE_MACHINE_I386	yes
programs/winefile/i386-windows/winefile.exe	483328	3f9e46c35fea735413e26759265d734eb033d5b670b380fe07593f49451f2516	pe	0x014C	IMAGE_FILE_MACHINE_I386	yes
programs/winemine/i386-windows/winemine.exe	204800	9c15c96a1a5d375bae1dae351539c716c254c68ce23432a2421f0d2a18d29d84	pe	0x014C	IMAGE_FILE_MACHINE_I386	yes
programs/winemsibuilder/i386-windows/winemsibuilder.exe	32768	a479985efb4639d084b3e98f0360c371ed2ce24b3f18c984bbeb950e6fa5efc0	pe	0x014C	IMAGE_FILE_MACHINE_I386	yes
programs/winepath/i386-windows/winepath.exe	32768	2695ad08afc1e87d04f1e194cb1148156a772518678115121e3427807389113d	pe	0x014C	IMAGE_FILE_MACHINE_I386	yes
programs/winetest/i386-windows/winetest.exe	302546944	b3365ec36493cd13045049c5d1d748a7ea72f54de761f1adcaf510e8510bc575	pe	0x014C	IMAGE_FILE_MACHINE_I386	yes
programs/winevdm/i386-windows/winevdm.exe	45056	b6593193db87c924d5daad3eb6fa46b8b1ae64fa4409a1f39038fc199f55a57e	pe	0x014C	IMAGE_FILE_MACHINE_I386	yes
programs/winhelp.exe16/i386-windows/winhelp.exe16	32768	51abcfd7a34ffb68757d086e295f550c8c38e8cc10d2be2f55fcb75e02ef11e9	pe	0x014C	IMAGE_FILE_MACHINE_I386	yes
programs/winhlp32/i386-windows/winhlp32.exe	315392	4adee9e8f665a176ebff34fff8ed0e9d2622eab85b77e36a23b87e3c7dee7828	pe	0x014C	IMAGE_FILE_MACHINE_I386	yes
programs/winmgmt/i386-windows/winmgmt.exe	28672	bee333f0e06a78807f24b24df266966cdf86aac031bf9af2bf15acc4298065d0	pe	0x014C	IMAGE_FILE_MACHINE_I386	yes
programs/winoldap.mod16/i386-windows/winoldap.mod16	36864	0dc15f0fbde5061a190f40b41b7399fe7ba52ed65683e7412d425049abcdd730	pe	0x014C	IMAGE_FILE_MACHINE_I386	yes
programs/winver/i386-windows/winver.exe	24576	2db5b52c9f2b92a3a1d9a2b2ea40a822ef49b1ba6321d16758579b64643b48eb	pe	0x014C	IMAGE_FILE_MACHINE_I386	yes
programs/wmic/i386-windows/wmic.exe	57344	cee741f73a7a088c57fbd19114806328501dc7f5779a88d9f87fda12100b777a	pe	0x014C	IMAGE_FILE_MACHINE_I386	yes
programs/wmplayer/i386-windows/wmplayer.exe	28672	ffdf37d46c1ceeb11d19b4256f008649b72d5001a75270a45f5640f95b0c4f67	pe	0x014C	IMAGE_FILE_MACHINE_I386	yes
programs/wordpad/i386-windows/wordpad.exe	704512	24775f03529f493f32c2fef42dd28f1bb1cb6616bade4b01a47699ec98dde2cd	pe	0x014C	IMAGE_FILE_MACHINE_I386	yes
programs/write/i386-windows/write.exe	24576	338795b29ec69f662c7e9aa0a6c372654c249b7710f6d80f2cb8138baf84730a	pe	0x014C	IMAGE_FILE_MACHINE_I386	yes
programs/wscript/i386-windows/wscript.exe	258048	94757bb18d710e416de534ef7dbecfe4db298bb932c4456167f722d3789f96b5	pe	0x014C	IMAGE_FILE_MACHINE_I386	yes
programs/wscript/tests/i386-windows/wscript.exe_test-stripped.exe	86016	27bb7ea51ff0cafcd3f02384cf51c6f35f83610c653634c8f26a7f1bbbd508a0	pe	0x014C	IMAGE_FILE_MACHINE_I386	no
programs/wscript/tests/i386-windows/wscript.exe_test.exe	86016	27bb7ea51ff0cafcd3f02384cf51c6f35f83610c653634c8f26a7f1bbbd508a0	pe	0x014C	IMAGE_FILE_MACHINE_I386	no
programs/wusa/i386-windows/wusa.exe	81920	3f70738242dd1fd3227b97c999d0631891a8744d4b402b7f969e07f7ccb31057	pe	0x014C	IMAGE_FILE_MACHINE_I386	yes
programs/xcopy/i386-windows/xcopy.exe	192512	ffe6f85a919b01be6531af0c029fbaf4cfbe45a8642921acc3a3c9b2ab03b542	pe	0x014C	IMAGE_FILE_MACHINE_I386	yes
programs/xcopy/tests/i386-windows/xcopy.exe_test-stripped.exe	45056	14260daf316098f08da748dfe43ae7689b0e8cd6b79439230813865a7a436563	pe	0x014C	IMAGE_FILE_MACHINE_I386	no
programs/xcopy/tests/i386-windows/xcopy.exe_test.exe	45056	14260daf316098f08da748dfe43ae7689b0e8cd6b79439230813865a7a436563	pe	0x014C	IMAGE_FILE_MACHINE_I386	no
