dlls/acledit/arm64ec-windows/acledit.dll	655360	8e1096c3df963e90289b695fd99000a02275997f2e23a5bfb09f55c9de537ea9	pe	0x8664	IMAGE_FILE_MACHINE_ARM64EC	yes
dlls/aclui/arm64ec-windows/aclui.dll	655360	06a45a059d6e45dfabeb36980f3fe28d67b418b6d3deefd1ec1335636830f159	pe	0x8664	IMAGE_FILE_MACHINE_ARM64EC	yes
dlls/activeds.tlb/arm64ec-windows/activeds.tlb	131072	0a0267a9183cee79ecf0f69937b7675877c3c39a744aece5fbbaee22a7c24db3	pe-data	0x8664	IMAGE_FILE_MACHINE_AMD64	yes
dlls/activeds/arm64ec-windows/activeds.dll	917504	7ddc36adfeb5c01db27214412ce988959f8be7c64c334d2c20a088ea338a7716	pe	0x8664	IMAGE_FILE_MACHINE_ARM64EC	yes
dlls/activeds/tests/arm64ec-windows/activeds_test.exe	589824	e0ea701482b2cdf42305b9880055cbb5b5045517cba5aefbd492707f39604874	pe	0x8664	IMAGE_FILE_MACHINE_ARM64EC	no
dlls/actxprxy/arm64ec-windows/actxprxy.dll	917504	9265306b12f52c193d685fcd6b3beb0840f57113d2f5ed1db7eef87be26cfe6d	pe	0x8664	IMAGE_FILE_MACHINE_ARM64EC	yes
dlls/adsldp/arm64ec-windows/adsldp.dll	655360	632d2243b2b2027a03cfa2998cb59d3c7a07b189a483b69c0c70a0882ed60bc7	pe	0x8664	IMAGE_FILE_MACHINE_ARM64EC	yes
dlls/adsldp/tests/arm64ec-windows/adsldp_test.exe	786432	04fcafcf2f9e4f2f9406addc9399d4d984671f78094ffa961876dab9f7a6d593	pe	0x8664	IMAGE_FILE_MACHINE_ARM64EC	no
dlls/adsldpc/arm64ec-windows/adsldpc.dll	655360	9bb2354f0ceb2a32b47dacdbcf856155786f3835bfda739857d52250ca48be45	pe	0x8664	IMAGE_FILE_MACHINE_ARM64EC	yes
dlls/advapi32/arm64ec-windows/advapi32.dll	983040	b0be35aedac4e39541266fc8845afd1cc1bbc3def6507387d95065d6c61fb4e5	pe	0x8664	IMAGE_FILE_MACHINE_ARM64EC	yes
dlls/advapi32/tests/arm64ec-windows/advapi32_test.exe	1835008	829d58f85a53ecef3ce045e31e0b3515dbc2f04b787c767f8d04ac494c5bd2cb	pe	0x8664	IMAGE_FILE_MACHINE_ARM64EC	no
dlls/advpack/arm64ec-windows/advpack.dll	589824	df8cc3c09c97228f9a88231a7ddcf34d978e404003f74c22ea00747f5eff280d	pe	0x8664	IMAGE_FILE_MACHINE_ARM64EC	yes
dlls/advpack/tests/arm64ec-windows/advpack_test.exe	1703936	bedb948653775043098bc05965bf1c4d43cb2b1792b490d38c3591e52721d83c	pe	0x8664	IMAGE_FILE_MACHINE_ARM64EC	no
dlls/advpack/tests/arm64ec-windows/selfreg.dll	589824	d98a1b43b4cab9bb5d46586780f1215f22b0466be82b8b17816e9d1a054ca992	pe	0x8664	IMAGE_FILE_MACHINE_ARM64EC	no
dlls/aero.msstyles/arm64ec-windows/aero.msstyles	7667712	089532990be64df943f893dc4605ed8276cd90b38e7aecc6ea32c0e8126f9cfa	pe-data	0x8664	IMAGE_FILE_MACHINE_AMD64	yes
dlls/amsi/arm64ec-windows/amsi.dll	655360	7144ad8f06ab3129cf8b426388ae3bd102da1a8f531cdc7fed34da28937f5eb9	pe	0x8664	IMAGE_FILE_MACHINE_ARM64EC	yes
dlls/amstream/arm64ec-windows/amstream.dll	983040	cc299791f9cf68a04bf1a9312ef1e5726816545e2ab99e8f2a33a567e0f76c20	pe	0x8664	IMAGE_FILE_MACHINE_ARM64EC	yes
dlls/amstream/tests/arm64ec-windows/amstream_test.exe	1507328	76ed1782778ec4d9ad58887629fad6433e1195f072ea8aeb11ee32841576971c	pe	0x8664	IMAGE_FILE_MACHINE_ARM64EC	no
dlls/apisetschema/arm64ec-windows/apisetschema.dll	196608	515f37514dd996b39deb86393ea5fd0c93bcf411e7d591351cc448d6221334b4	pe-data	0x8664	IMAGE_FILE_MACHINE_AMD64	yes
dlls/apphelp/arm64ec-windows/apphelp.dll	655360	94fd7be4d696a7cbf2313daddd561ac7c08687cd846af7f9b634d2199f388c32	pe	0x8664	IMAGE_FILE_MACHINE_ARM64EC	yes
dlls/apphelp/tests/arm64ec-windows/apphelp_test.exe	589824	ab6b406e71dc0f2e357dad343a4e6d3f600b1baa08c4ac43b856499ed8711aa5	pe	0x8664	IMAGE_FILE_MACHINE_ARM64EC	no
dlls/appwiz.cpl/arm64ec-windows/appwiz.cpl	1114112	9cd75679c6940cf3b459ab5dce69ae80c65227bc30f723ca2e94d702b17334f2	pe	0x8664	IMAGE_FILE_MACHINE_ARM64EC	yes
dlls/appxdeploymentclient/arm64ec-windows/appxdeploymentclient.dll	720896	a991bf2c92214e0f7e14b3a5a06c40545a5a1042ea4f16c8442e48cbafb0050a	pe	0x8664	IMAGE_FILE_MACHINE_ARM64EC	yes
dlls/atl/arm64ec-windows/atl.dll	917504	96cbbce39b5abdbede5b92d9d2b44731ae8892bda7e39fb193827154eb2d1c91	pe	0x8664	IMAGE_FILE_MACHINE_ARM64EC	yes
dlls/atl/tests/arm64ec-windows/atl_test.exe	786432	bf141ebeed612f45abfb39cacd2e3a58320c3982bf21ddeef52e6c0b51f966b3	pe	0x8664	IMAGE_FILE_MACHINE_ARM64EC	no
dlls/atl100/arm64ec-windows/atl100.dll	917504	30348919f6599931d61ba055048e128b0532125c5272f35d7735e09e1cd797f0	pe	0x8664	IMAGE_FILE_MACHINE_ARM64EC	yes
dlls/atl100/tests/arm64ec-windows/atl100_test.exe	786432	6a8837e1f0e6955466bcd6255f63c13d16483ab091acacb4a857b1a7e564cb68	pe	0x8664	IMAGE_FILE_MACHINE_ARM64EC	no
dlls/atl110/arm64ec-windows/atl110.dll	917504	ea75a72bbe07c913cb749da5b6c6ca9faf0b68d8cd7b749655fed7d661a16924	pe	0x8664	IMAGE_FILE_MACHINE_ARM64EC	yes
dlls/atl110/tests/arm64ec-windows/atl110_test.exe	655360	5b55411189a056e39b2252778bbf1f2760de4e2321beafdf8d60171cc5c1f91e	pe	0x8664	IMAGE_FILE_MACHINE_ARM64EC	no
dlls/atl80/arm64ec-windows/atl80.dll	917504	2da2964f95b5a112e2e7c92f072c58ad126b69859ec175caa823ecffd2cd8b06	pe	0x8664	IMAGE_FILE_MACHINE_ARM64EC	yes
dlls/atl80/tests/arm64ec-windows/atl80_test.exe	655360	7ed46f273c87a57ac29c98372d44ae291d0b009a8747740c595137e484315ad7	pe	0x8664	IMAGE_FILE_MACHINE_ARM64EC	no
dlls/atl90/arm64ec-windows/atl90.dll	917504	144e97562ab2c5432f4093a8fbd676dc500a10dcc5a1fced900ee1c114ed5cc7	pe	0x8664	IMAGE_FILE_MACHINE_ARM64EC	yes
dlls/atlthunk/arm64ec-windows/atlthunk.dll	589824	4474cd7f32441cb5a847d932622474d5f113eafebc5884008caec51b84171b2d	pe	0x8664	IMAGE_FILE_MACHINE_ARM64EC	yes
dlls/atlthunk/tests/arm64ec-windows/atlthunk_test.exe	589824	49148e568f474ed20c2d0ec36de4fae397e40a68738387294c075ec74345ed66	pe	0x8664	IMAGE_FILE_MACHINE_ARM64EC	no
dlls/atmlib/arm64ec-windows/atmlib.dll	655360	56033aff4edddf8517a11e4e29a62f3559426d1f98c0d0b7d5b99020128fa41b	pe	0x8664	IMAGE_FILE_MACHINE_ARM64EC	yes
dlls/authz/arm64ec-windows/authz.dll	655360	6d94761ef8c562a5096f357b2ef40fe56978ac5a9380e16d7af098728baa3b8c	pe	0x8664	IMAGE_FILE_MACHINE_ARM64EC	yes
dlls/avicap32/arm64ec-windows/avicap32.dll	589824	76abaf2f7b8cc04bb6211c5956e800961d77c4a5f77eff13016fd941f3789509	pe	0x8664	IMAGE_FILE_MACHINE_ARM64EC	yes
dlls/avifil32/arm64ec-windows/avifil32.dll	917504	d954c54892e3e6e4603bb3655756b22fb801670fb28a948c0716526bd4c5e4fc	pe	0x8664	IMAGE_FILE_MACHINE_ARM64EC	yes
dlls/avifil32/tests/arm64ec-windows/avifil32_test.exe	589824	25b84d75bbf64b41d5fabf519eb3123bb99d7fab8ff59d11837be089ce4e5d0b	pe	0x8664	IMAGE_FILE_MACHINE_ARM64EC	no
dlls/avrt/arm64ec-windows/avrt.dll	655360	9b4fa140d602ff74f75022b01d49a6f1793737f3245ba16daaaff430a6f152c4	pe	0x8664	IMAGE_FILE_MACHINE_ARM64EC	yes
dlls/bcp47langs/arm64ec-windows/bcp47langs.dll	655360	faef495b9af9532955900a11f7f894d84e506deec7387e60726c65d24c883632	pe	0x8664	IMAGE_FILE_MACHINE_ARM64EC	yes
dlls/bcp47langs/tests/arm64ec-windows/bcp47langs_test.exe	589824	e3c6d7ebb64b17d9e7fe7f81f0be4a09162cc6f34c10e74bf72345eb24b97097	pe	0x8664	IMAGE_FILE_MACHINE_ARM64EC	no
dlls/bcrypt/arm64ec-windows/bcrypt.dll	983040	a512d5e413fffa125113310af80146254fa22697d966b3c634eeec2c525f7e8f	pe	0x8664	IMAGE_FILE_MACHINE_ARM64EC	yes
dlls/bcrypt/tests/arm64ec-windows/bcrypt_test.exe	851968	2dd69c13fcedd19393360713ad60a73b345b46b44111d6df41685b640e65d63f	pe	0x8664	IMAGE_FILE_MACHINE_ARM64EC	no
dlls/bcryptprimitives/arm64ec-windows/bcryptprimitives.dll	589824	c7dbf700e430f7f2a281eed3639bb2cf08587806d121c3bad1ff7f373f3db317	pe	0x8664	IMAGE_FILE_MACHINE_ARM64EC	yes
dlls/bluetoothapis/arm64ec-windows/bluetoothapis.dll	720896	f397439e0caf205872d461f31f93183891b3ffe241d4e726d55f7c80e19c09bb	pe	0x8664	IMAGE_FILE_MACHINE_ARM64EC	yes
dlls/bluetoothapis/tests/arm64ec-windows/bluetoothapis_test.exe	720896	b684e7107975b2245cefed6d95ef03d73c28745e1e64976b156246c69d18b748	pe	0x8664	IMAGE_FILE_MACHINE_ARM64EC	no
dlls/browseui/arm64ec-windows/browseui.dll	851968	fab931480b023a5f2c8c9b797de7f25bf84ac790bdc0521858a3b250f4e82a30	pe	0x8664	IMAGE_FILE_MACHINE_ARM64EC	yes
dlls/browseui/tests/arm64ec-windows/browseui_test.exe	589824	dd71369d14f63d1654d10c53549d36567e94423a0a91740c371f404381460f45	pe	0x8664	IMAGE_FILE_MACHINE_ARM64EC	no
dlls/bthprops.cpl/arm64ec-windows/bthprops.cpl	655360	397f4b454b14103ec24608a7fe84d36751d8887003e8f8ca038c70589327b5a2	pe	0x8664	IMAGE_FILE_MACHINE_ARM64EC	yes
dlls/cabinet/arm64ec-windows/cabinet.dll	786432	7986e21c5af0a751ab54be09425e0e7a3b48ae15f9cbadeae3c4a9e5bb138bdd	pe	0x8664	IMAGE_FILE_MACHINE_ARM64EC	yes
dlls/cabinet/tests/arm64ec-windows/cabinet_test.exe	655360	a454d0fb089525bfdfdf907fa099a0a8cd39f7c90d4057d6989ab7449157d963	pe	0x8664	IMAGE_FILE_MACHINE_ARM64EC	no
dlls/cards/arm64ec-windows/cards.dll	851968	e24e4a2b8c5d82c1af8d11346040a566b7b4ec6e80290eb103e7ed48c6b0ea0a	pe	0x8664	IMAGE_FILE_MACHINE_ARM64EC	yes
dlls/cdosys/arm64ec-windows/cdosys.dll	589824	c2109e44c11d35096050e5296751d3f0c59b8951abc389a9caf76d73947dd335	pe	0x8664	IMAGE_FILE_MACHINE_ARM64EC	yes
dlls/cfgmgr32/arm64ec-windows/cfgmgr32.dll	655360	f44fa33695eba82aac72d73dc4a00cf3c338bb69366b225748bde181241d4760	pe	0x8664	IMAGE_FILE_MACHINE_ARM64EC	yes
dlls/cfgmgr32/tests/arm64ec-windows/cfgmgr32_test.exe	1048576	5d03045e1134537f39c68b6ba2b05de47d01daef1b41cb7aabf37c770cd4671c	pe	0x8664	IMAGE_FILE_MACHINE_ARM64EC	no
dlls/chakra/arm64ec-windows/chakra.dll	655360	ea637269ff10cdc1c1ecb1286e8a53bee7fec3437f4e869dc6f08a3a4711be26	pe	0x8664	IMAGE_FILE_MACHINE_ARM64EC	yes
dlls/cldapi/arm64ec-windows/cldapi.dll	655360	bf53255bb48c159c3dfff96210d825eae7621876b923223a004d905e6d651994	pe	0x8664	IMAGE_FILE_MACHINE_ARM64EC	yes
dlls/clusapi/arm64ec-windows/clusapi.dll	655360	a7f860ad94191e164ed1bc32f58725022a8b5ddc9d53bb2c05b85f1c1c08c34f	pe	0x8664	IMAGE_FILE_MACHINE_ARM64EC	yes
dlls/cng.sys/arm64ec-windows/cng.sys	655360	4cfa660891ca0d412425cf2d197fe97833d7dd74c42cb749e56e1ab77e2308cc	pe	0x8664	IMAGE_FILE_MACHINE_ARM64EC	yes
dlls/colorcnv/arm64ec-windows/colorcnv.dll	2359296	e2a4ecd8fad83597b51211545e9ff0048a79410c8d9770ef3e397f2fbf8471bf	pe	0x8664	IMAGE_FILE_MACHINE_ARM64EC	yes
dlls/combase/arm64ec-windows/combase.dll	1048576	8edeb29a72617bcaa4f4d7d4c9745b2f6f8e2104881a4d2b333aa7f34898f750	pe	0x8664	IMAGE_FILE_MACHINE_ARM64EC	yes
dlls/combase/tests/arm64ec-windows/combase_test.exe	1900544	3c06c2069e9ed443b13104c6e6f8afc40f0dea0c643a8ecdbdf16d9949c58722	pe	0x8664	IMAGE_FILE_MACHINE_ARM64EC	no
dlls/combase/tests/arm64ec-windows/wine.combase.test.dll	589824	ea023db33ebf383d2e391756ee7f04f3126e12cb8b6237b31a8975a882d3cbb5	pe	0x8664	IMAGE_FILE_MACHINE_ARM64EC	no
dlls/comcat/arm64ec-windows/comcat.dll	655360	e65513b1854a5f90e3cef0d2d79b43875c77439dfca6bc5211b340062e0b147d	pe	0x8664	IMAGE_FILE_MACHINE_ARM64EC	yes
dlls/comcat/tests/arm64ec-windows/comcat_test.exe	589824	1a440f079d9b3201b890be76c31cede458d8bb42eeca857c226e4ede334d57f9	pe	0x8664	IMAGE_FILE_MACHINE_ARM64EC	no
dlls/comctl32/arm64ec-windows/comctl32.dll	2031616	7519b520fdc9d25a8c4ae7c195f62657d68697f1026ec060110ad1689ed1cc3f	pe	0x8664	IMAGE_FILE_MACHINE_ARM64EC	yes
dlls/comctl32/tests/arm64ec-windows/comctl32_test.exe	3014656	3e85a951aabb440e8857f6bf02dc71acee7cdd858449408f82c333c3c63997d4	pe	0x8664	IMAGE_FILE_MACHINE_ARM64EC	no
dlls/comctl32_v6/arm64ec-windows/comctl32_v6.dll	2293760	464350de145f4c892a154f3880b2eb458bb3c878cdfcbd42e9bcca0593b16501	pe	0x8664	IMAGE_FILE_MACHINE_ARM64EC	yes
dlls/comdlg32/arm64ec-windows/comdlg32.dll	1769472	3fa5c965d587bc271eec6cdcc8966b2480a5601307625db8d55de7281e3e443c	pe	0x8664	IMAGE_FILE_MACHINE_ARM64EC	yes
dlls/comdlg32/tests/arm64ec-windows/comdlg32_test.exe	1048576	b3ddec334cf326841b11fffaf75774f72f23de0158ff735c32d60504cbb58cd4	pe	0x8664	IMAGE_FILE_MACHINE_ARM64EC	no
dlls/coml2/arm64ec-windows/coml2.dll	786432	40d2c03e884b318259970971bda4a19b66d317b7d2ba678a627989af39c30fb4	pe	0x8664	IMAGE_FILE_MACHINE_ARM64EC	yes
dlls/compstui/arm64ec-windows/compstui.dll	655360	68f6cba4c0f769e6292bb3f00ef3769149daae5d7f38353b1d210c1420c58ddf	pe	0x8664	IMAGE_FILE_MACHINE_ARM64EC	yes
dlls/compstui/tests/arm64ec-windows/compstui_test.exe	655360	9d4a3b2cd4b4e30a945102f9fcecfe3d45760c54416ff991fd01fa6426ef204f	pe	0x8664	IMAGE_FILE_MACHINE_ARM64EC	no
dlls/comsvcs/arm64ec-windows/comsvcs.dll	917504	4dfbd0f12214620fc6b6336e8d4267be33c424ab1216745509613f3de049c6bc	pe	0x8664	IMAGE_FILE_MACHINE_ARM64EC	yes
dlls/comsvcs/tests/arm64ec-windows/comsvcs_test.exe	786432	1effbbe64a352a49f98fd8a65e739053bbabee53ac28ec5715ca2055cc9b05b4	pe	0x8664	IMAGE_FILE_MACHINE_ARM64EC	no
dlls/concrt140/arm64ec-windows/concrt140.dll	720896	e9c5ac2e6fac77fc56556ccadbc8816d41ef864f6c56002ad7528a8ac2ed7ed6	pe	0x8664	IMAGE_FILE_MACHINE_ARM64EC	yes
dlls/concrt140/tests/arm64ec-windows/concrt140_test.exe	589824	bf3fa8c2e8352caf04e832d6ee29027f0d551bca334b0e16e550bf98eed2e22c	pe	0x8664	IMAGE_FILE_MACHINE_ARM64EC	no
dlls/connect/arm64ec-windows/connect.dll	655360	011c1493d2dbcf2554afc77ae2021e6e4bc8b3cbb02593a5a3c4a8958b796b60	pe	0x8664	IMAGE_FILE_MACHINE_ARM64EC	yes
dlls/coremessaging/arm64ec-windows/coremessaging.dll	720896	8b9c14a310da9fbc61f0e5e01196d836fb81950d445818b559c7ab8a806ddec3	pe	0x8664	IMAGE_FILE_MACHINE_ARM64EC	yes
dlls/coremessaging/tests/arm64ec-windows/coremessaging_test.exe	589824	732dc31fb7c50c82fcd812605572f4bb8ae2ee20c62aa8e524d839e0db07e3cb	pe	0x8664	IMAGE_FILE_MACHINE_ARM64EC	no
dlls/credui/arm64ec-windows/credui.dll	786432	b935427b85ffa6edfa5a979529fe165cba7552d921abf0c18a3e7a9d455655c5	pe	0x8664	IMAGE_FILE_MACHINE_ARM64EC	yes
dlls/credui/tests/arm64ec-windows/credui_test.exe	589824	41baba1e7550ba1bb5886bbad0ff71757ff93abcbd4ce0dda7973e0769a15577	pe	0x8664	IMAGE_FILE_MACHINE_ARM64EC	no
dlls/crypt32/arm64ec-windows/crypt32.dll	1507328	c0846b0d9c14bbea51db5270754d2596e6e00a676497e93557d91ea9f29b804b	pe	0x8664	IMAGE_FILE_MACHINE_ARM64EC	yes
dlls/crypt32/tests/arm64ec-windows/crypt32_test.exe	1703936	1de0fd5229d2c5ea43f29b9229377a3e2a1e83ceab2c9b182cbb824608a362c8	pe	0x8664	IMAGE_FILE_MACHINE_ARM64EC	no
dlls/cryptbase/arm64ec-windows/cryptbase.dll	655360	84c0a090c7a9a0f4a1f9dd7812a4f9cbbaba14362c16bf33967386bdae42c298	pe	0x8664	IMAGE_FILE_MACHINE_ARM64EC	yes
dlls/cryptdlg/arm64ec-windows/cryptdlg.dll	720896	24d6feb1bb5fff6b98d11aaac4311034df4b44d0865ac69537aae7104348577b	pe	0x8664	IMAGE_FILE_MACHINE_ARM64EC	yes
dlls/cryptdll/arm64ec-windows/cryptdll.dll	655360	e2c1fd2963ce9f298d6795ec1ae387c565aa763d6918e598e30f9a5f46a52935	pe	0x8664	IMAGE_FILE_MACHINE_ARM64EC	yes
dlls/cryptext/arm64ec-windows/cryptext.dll	655360	58bc7e212ae129133fb0162142a0095b1e90b649ca46658402415d2003be77ac	pe	0x8664	IMAGE_FILE_MACHINE_ARM64EC	yes
dlls/cryptext/tests/arm64ec-windows/cryptext_test.exe	589824	da2f62dc86a6d84e18548678a6229caf8f6c9e5e392b6132e7157082f3da5758	pe	0x8664	IMAGE_FILE_MACHINE_ARM64EC	no
dlls/cryptnet/arm64ec-windows/cryptnet.dll	655360	00a85b679af54fcc26328004c18cc9836c569be7daa7c6d6a58f678431c493ee	pe	0x8664	IMAGE_FILE_MACHINE_ARM64EC	yes
dlls/cryptnet/tests/arm64ec-windows/cryptnet_test.exe	589824	1a1308f89830a48df220069879fa81420f55c9384a2b9f34e918f525e7b879f1	pe	0x8664	IMAGE_FILE_MACHINE_ARM64EC	no
dlls/cryptowinrt/arm64ec-windows/cryptowinrt.dll	655360	610212898304d429b33b6e989ca851c3dd3d4bd508252de90d7ff38db6137f47	pe	0x8664	IMAGE_FILE_MACHINE_ARM64EC	yes
dlls/cryptowinrt/tests/arm64ec-windows/cryptowinrt_test.exe	589824	a751a273ab1433c88fe1f10a31209e3b8d9d6c0866df725d92c81a43350fa664	pe	0x8664	IMAGE_FILE_MACHINE_ARM64EC	no
dlls/cryptsp/arm64ec-windows/cryptsp.dll	655360	6f2d63fe26910fb0234575053c1d7fa628ec61668a95c5999d9039ef6312ac5e	pe	0x8664	IMAGE_FILE_MACHINE_ARM64EC	yes
dlls/cryptui/arm64ec-windows/cryptui.dll	1835008	20496db99351635079e8742141675f5504a4b312bd1c8daf5349c2ebb7c50748	pe	0x8664	IMAGE_FILE_MACHINE_ARM64EC	yes
dlls/cryptui/tests/arm64ec-windows/cryptui_test.exe	589824	c52102a2f5270e2a4f91acab93db0d69558aa7682d94a3fcfb2bcc07a3f1ff33	pe	0x8664	IMAGE_FILE_MACHINE_ARM64EC	no
dlls/cryptxml/arm64ec-windows/cryptxml.dll	655360	f87a537991e9e3e745d20beeb8e32e3a9223de86d358d24a9b4d641a4740eea2	pe	0x8664	IMAGE_FILE_MACHINE_ARM64EC	yes
dlls/cryptxml/tests/arm64ec-windows/cryptxml_test.exe	589824	813bc3e4d61897a1b35d2222e389802dbf473302af8cdac4c40e1e574355f713	pe	0x8664	IMAGE_FILE_MACHINE_ARM64EC	no
dlls/ctapi32/arm64ec-windows/ctapi32.dll	589824	272224be1a3de4d0d3f126c37f2df8f1909437ab9b6cb7eeae29ca94d224f5b1	pe	0x8664	IMAGE_FILE_MACHINE_ARM64EC	yes
dlls/d2d1/arm64ec-windows/d2d1.dll	1441792	5e770de5a3bd6c01f411f22a24924cb4676ad0c38dbd232bbf47dbb6f87c8d4e	pe	0x8664	IMAGE_FILE_MACHINE_ARM64EC	yes
dlls/d2d1/tests/arm64ec-windows/d2d1_test.exe	1507328	9f55d31bd133f29dec2ee60b39ce2ce9d1f3bb00e4f16b466aa2594f9becd16b	pe	0x8664	IMAGE_FILE_MACHINE_ARM64EC	no
dlls/d3d10/arm64ec-windows/d3d10.dll	917504	609eff227ab4983fd285ab13e815868ff0ea701331919f08444086ff71d7317f	pe	0x8664	IMAGE_FILE_MACHINE_ARM64EC	yes
dlls/d3d10/tests/arm64ec-windows/d3d10_test.exe	1245184	8759a84e3a43d9bafd3c0d7ac9151bf5359ab95304de9fdadaf8bd5b0c0f0060	pe	0x8664	IMAGE_FILE_MACHINE_ARM64EC	no
dlls/d3d10_1/arm64ec-windows/d3d10_1.dll	720896	b90ea76cb7f2667461b28e1acf7d0384d6112ec94e006645e3592534b2932890	pe	0x8664	IMAGE_FILE_MACHINE_ARM64EC	yes
dlls/d3d10_1/tests/arm64ec-windows/d3d10_1_test.exe	655360	f3c395727a8e84a7fce5cea8bf5fc85fc645376a3bb75c0819542e1eb243c4e8	pe	0x8664	IMAGE_FILE_MACHINE_ARM64EC	no
dlls/d3d10core/arm64ec-windows/d3d10core.dll	655360	924d06f03a238bc855dc67de88e017ff607d27cc5b6b948be63ba059bb5d0507	pe	0x8664	IMAGE_FILE_MACHINE_ARM64EC	yes
dlls/d3d10core/tests/arm64ec-windows/d3d10core_test.exe	1179648	51dd90eea9bbb3187d96b7fa67c686a60272118c5e260365dac8cf95c5a2d2ed	pe	0x8664	IMAGE_FILE_MACHINE_ARM64EC	no
dlls/d3d11/arm64ec-windows/d3d11.dll	1376256	2ce05bd004f7c021251898e92dc337d58d73577bb800eabbd1fd2966017436e5	pe	0x8664	IMAGE_FILE_MACHINE_ARM64EC	yes
dlls/d3d11/tests/arm64ec-windows/d3d11_test.exe	1769472	c3069518b82cedd5a217793468798822720be701aecaed280ffe085f697db35c	pe	0x8664	IMAGE_FILE_MACHINE_ARM64EC	no
dlls/d3d12/arm64ec-windows/d3d12.dll	851968	31f741b913a2e11d67bef3023cb21c5b540222724074bc56a36efd4abf4b68a7	pe	0x8664	IMAGE_FILE_MACHINE_ARM64EC	yes
dlls/d3d12/tests/arm64ec-windows/d3d12_test.exe	589824	0914d62f83485e9827d88faf181c2cfb75b6b0ad740e3c6f573b4ebcd243dc91	pe	0x8664	IMAGE_FILE_MACHINE_ARM64EC	no
dlls/d3d12core/arm64ec-windows/d3d12core.dll	655360	082b10c803a959b76897f8960045f30373043b8a6522114185c8fa69ddca6af4	pe	0x8664	IMAGE_FILE_MACHINE_ARM64EC	yes
dlls/d3d8thk/arm64ec-windows/d3d8thk.dll	720896	58e980988fe0a9a2a874ae31e563197099121783c34de7c5487f27c4dc1aa372	pe	0x8664	IMAGE_FILE_MACHINE_ARM64EC	yes
dlls/d3d9/arm64ec-windows/d3d9.dll	983040	d27782db97637c468ed38d80c3377caede94d252368df4f660fb9e9759fb068d	pe	0x8664	IMAGE_FILE_MACHINE_ARM64EC	yes
dlls/d3d9/tests/arm64ec-windows/d3d9_test.exe	2949120	56e342565b6bcd7716460e2174046b4eb3a1489470a9525da8c4f01c89c51698	pe	0x8664	IMAGE_FILE_MACHINE_ARM64EC	no
dlls/d3dcompiler_33/arm64ec-windows/d3dcompiler_33.dll	851968	9821425f8348bcb433d2bb5e0a916703139d44e1c05a4edb0cfe5a064c0d4856	pe	0x8664	IMAGE_FILE_MACHINE_ARM64EC	yes
dlls/d3dcompiler_34/arm64ec-windows/d3dcompiler_34.dll	851968	b38f265eb8c1f2494777ffec073ea3050d0b4c3d68495602c49eb7d388a6bddf	pe	0x8664	IMAGE_FILE_MACHINE_ARM64EC	yes
dlls/d3dcompiler_35/arm64ec-windows/d3dcompiler_35.dll	851968	390b7dddf07d9aaff292722e93b2a101d2bc6501b02796af277b22ef2e314928	pe	0x8664	IMAGE_FILE_MACHINE_ARM64EC	yes
dlls/d3dcompiler_36/arm64ec-windows/d3dcompiler_36.dll	851968	44bbddf76335dca00a58290019857e9be805445e8f3efd1fbc503595b88390ca	pe	0x8664	IMAGE_FILE_MACHINE_ARM64EC	yes
dlls/d3dcompiler_37/arm64ec-windows/d3dcompiler_37.dll	851968	7d375e8023b38142c5e41aaf4b1d74a2b5b6c7af26ab773dd88ab62893649933	pe	0x8664	IMAGE_FILE_MACHINE_ARM64EC	yes
dlls/d3dcompiler_38/arm64ec-windows/d3dcompiler_38.dll	851968	321fe952f19278dd71877fd20fec2f7415b6467ee7567181d5002a3c35868639	pe	0x8664	IMAGE_FILE_MACHINE_ARM64EC	yes
dlls/d3dcompiler_39/arm64ec-windows/d3dcompiler_39.dll	851968	42f5e86c0fba12bc70566e1fb672d55f943ed651b644be93ec45fbf80bd192ba	pe	0x8664	IMAGE_FILE_MACHINE_ARM64EC	yes
dlls/d3dcompiler_40/arm64ec-windows/d3dcompiler_40.dll	851968	d7bee97a8020ab2efc303e7ed498fb2ca301457446beaaa7d812c204c3c10398	pe	0x8664	IMAGE_FILE_MACHINE_ARM64EC	yes
dlls/d3dcompiler_41/arm64ec-windows/d3dcompiler_41.dll	851968	103d0c924cb258948fbc66d1be76cf920694f92f4c66b7f04fe628f54579ee5e	pe	0x8664	IMAGE_FILE_MACHINE_ARM64EC	yes
dlls/d3dcompiler_42/arm64ec-windows/d3dcompiler_42.dll	851968	ba8e6128bd404a489a1e3cc21a95a911a99b29044d5b5e7d4b950f7b6e9ab7f6	pe	0x8664	IMAGE_FILE_MACHINE_ARM64EC	yes
dlls/d3dcompiler_42/tests/arm64ec-windows/d3dcompiler_42_test.exe	917504	fcc2a2bd85842cc6177afff19286bdfd8967ef0cf5c319d1a9ae649307d07104	pe	0x8664	IMAGE_FILE_MACHINE_ARM64EC	no
dlls/d3dcompiler_43/arm64ec-windows/d3dcompiler_43.dll	851968	af8f8eb04801eb0e8bc4123368d100b77dcef53724bd855266288cc3fb376e15	pe	0x8664	IMAGE_FILE_MACHINE_ARM64EC	yes
dlls/d3dcompiler_43/tests/arm64ec-windows/d3dcompiler_43_test.exe	917504	d8c5e886ff225521394d7fc40317ac9da96f06fa2f230a4095e93324200f65ac	pe	0x8664	IMAGE_FILE_MACHINE_ARM64EC	no
dlls/d3dcompiler_46/arm64ec-windows/d3dcompiler_46.dll	851968	2634e31c392452b84866b262c05b77d0b67722da0ff79630eaf2eb61939104d8	pe	0x8664	IMAGE_FILE_MACHINE_ARM64EC	yes
dlls/d3dcompiler_46/tests/arm64ec-windows/d3dcompiler_46_test.exe	983040	0d2ea7efc69369e1280a951cbed4080b344476f8cd28feaf151412eae95f88d6	pe	0x8664	IMAGE_FILE_MACHINE_ARM64EC	no
dlls/d3dcompiler_47/arm64ec-windows/d3dcompiler_47.dll	851968	8d016225c396fde2e5120d78cbc0f6ed90cb5243e7678557d6f170623b1330c2	pe	0x8664	IMAGE_FILE_MACHINE_ARM64EC	yes
dlls/d3dcompiler_47/tests/arm64ec-windows/d3dcompiler_47_test.exe	983040	6069974d800e9c3058ba3638cbff7d5757aca3e0a6560c1baf9f49f9956660a7	pe	0x8664	IMAGE_FILE_MACHINE_ARM64EC	no
dlls/d3drm/arm64ec-windows/d3drm.dll	983040	a20eecd98789c8fc919616b3786bf3afce76c8268bba81f895ead91ce7af883c	pe	0x8664	IMAGE_FILE_MACHINE_ARM64EC	yes
dlls/d3drm/tests/arm64ec-windows/d3drm_test.exe	1245184	2f3baf3185ff09ccb7670db68551506cfd8e9f47ec3257150c4e4867984116e3	pe	0x8664	IMAGE_FILE_MACHINE_ARM64EC	no
dlls/d3dx10_33/arm64ec-windows/d3dx10_33.dll	655360	7d0597cfaecabe36855578b852f6d758b98272600fcc36c53f56d98a7ad22961	pe	0x8664	IMAGE_FILE_MACHINE_ARM64EC	yes
dlls/d3dx10_33/tests/arm64ec-windows/d3dx10_33_test.exe	720896	fd0a61e6d977f0a65f3de64c4b23bf40f43542e2a29208b5c030fec997acf73a	pe	0x8664	IMAGE_FILE_MACHINE_ARM64EC	no
dlls/d3dx10_34/arm64ec-windows/d3dx10_34.dll	655360	c46e6eb544c56075160cca0e04fb0b7405d5e6a482d638eb6297cc13bfc875cd	pe	0x8664	IMAGE_FILE_MACHINE_ARM64EC	yes
dlls/d3dx10_34/tests/arm64ec-windows/d3dx10_34_test.exe	851968	f1f93f5f9e38e78e407355bc3524e022e5a46dcd34402a559d73e190e011581e	pe	0x8664	IMAGE_FILE_MACHINE_ARM64EC	no
dlls/d3dx10_35/arm64ec-windows/d3dx10_35.dll	655360	4de0e506c72dd11e989c0a2f9f26b6a48013e760db948bacacc9fae69184a5cc	pe	0x8664	IMAGE_FILE_MACHINE_ARM64EC	yes
dlls/d3dx10_35/tests/arm64ec-windows/d3dx10_35_test.exe	851968	0bcebde80bdeccce52f69e03f2eba3ee96b1236ef70d6f09163dba5a04baa2fb	pe	0x8664	IMAGE_FILE_MACHINE_ARM64EC	no
dlls/d3dx10_36/arm64ec-windows/d3dx10_36.dll	655360	7de45a3857d5cc39cf5baee1ef2573e69c57061f7dad859ff71da6e725dbe718	pe	0x8664	IMAGE_FILE_MACHINE_ARM64EC	yes
dlls/d3dx10_36/tests/arm64ec-windows/d3dx10_36_test.exe	851968	5b71dd31458ef2dea99e0ad54d8088f7e2c72068c140d0c7f29218bb3f590ee5	pe	0x8664	IMAGE_FILE_MACHINE_ARM64EC	no
dlls/d3dx10_37/arm64ec-windows/d3dx10_37.dll	720896	02ab8e08e9ac2071ac6af68eaf784e6cc4a6bd16a0e2df3453f26ee1a1b16d47	pe	0x8664	IMAGE_FILE_MACHINE_ARM64EC	yes
dlls/d3dx10_37/tests/arm64ec-windows/d3dx10_37_test.exe	851968	e090b01888b1099fd8ed007071f7e68d506fbdf938ff4fddcab66a4d748124b7	pe	0x8664	IMAGE_FILE_MACHINE_ARM64EC	no
dlls/d3dx10_38/arm64ec-windows/d3dx10_38.dll	720896	72cb8a4a9d676cbf299b75ba8163e213956d97a0ea00f490d86debf08a5722a3	pe	0x8664	IMAGE_FILE_MACHINE_ARM64EC	yes
dlls/d3dx10_38/tests/arm64ec-windows/d3dx10_38_test.exe	851968	d7bfba3a4f00b29cb1788edf4510c0b27c25b2c93289cfb4e24bfbdca8d2f2a4	pe	0x8664	IMAGE_FILE_MACHINE_ARM64EC	no
dlls/d3dx10_39/arm64ec-windows/d3dx10_39.dll	720896	7e9fad2ef1f67f3f4f29a7a4b59b4b7eb876e8f9ba2c6c5d48e5773ed14ab290	pe	0x8664	IMAGE_FILE_MACHINE_ARM64EC	yes
dlls/d3dx10_39/tests/arm64ec-windows/d3dx10_39_test.exe	851968	d2f3805cba3ccee7620005ce28286b90eda5fe2c002bc5a71f90b7c4c874fdc3	pe	0x8664	IMAGE_FILE_MACHINE_ARM64EC	no
dlls/d3dx10_40/arm64ec-windows/d3dx10_40.dll	655360	c51e0d3d4cd2ac096889d12c4a62ec30213fd8ed7cfa3c1dc8e9de7645b35a41	pe	0x8664	IMAGE_FILE_MACHINE_ARM64EC	yes
dlls/d3dx10_40/tests/arm64ec-windows/d3dx10_40_test.exe	851968	77fc3213294dce3b360f0c489c6ea44e13624849c16dfdfc014431ae91d959af	pe	0x8664	IMAGE_FILE_MACHINE_ARM64EC	no
dlls/d3dx10_41/arm64ec-windows/d3dx10_41.dll	655360	a20870e4137d156dd9c99b317cc9bd727084a2d7743dc38733231b692d7a4aa2	pe	0x8664	IMAGE_FILE_MACHINE_ARM64EC	yes
dlls/d3dx10_41/tests/arm64ec-windows/d3dx10_41_test.exe	851968	9e3b37defa23eb4e050e213f1531338ca301c84f8b0bef3083813b221f321775	pe	0x8664	IMAGE_FILE_MACHINE_ARM64EC	no
dlls/d3dx10_42/arm64ec-windows/d3dx10_42.dll	655360	d46f6ffe3343f13d6f50e314eaa971d26db979de2d9de0cba40eaa4e0c486186	pe	0x8664	IMAGE_FILE_MACHINE_ARM64EC	yes
dlls/d3dx10_42/tests/arm64ec-windows/d3dx10_42_test.exe	851968	722c7a92e22cea922040e56158378fd0b11232c6860f6ff8a4f35b447ba9239f	pe	0x8664	IMAGE_FILE_MACHINE_ARM64EC	no
dlls/d3dx10_43/arm64ec-windows/d3dx10_43.dll	1114112	af56eb43da57f656af6c29bdc9aaba0f88873bc80a6abe3caf11579ca2e02c28	pe	0x8664	IMAGE_FILE_MACHINE_ARM64EC	yes
dlls/d3dx10_43/tests/arm64ec-windows/d3dx10_43_test.exe	851968	0e5a9172305a6cf77a9ceb387e1af5d523b3b8dfe3f845ab417eac4620d280c5	pe	0x8664	IMAGE_FILE_MACHINE_ARM64EC	no
dlls/d3dx11_42/arm64ec-windows/d3dx11_42.dll	720896	7ccb986c118939e19c6b65797194b7b7a1053decbd910da0b6b4c7715a776b82	pe	0x8664	IMAGE_FILE_MACHINE_ARM64EC	yes
dlls/d3dx11_42/tests/arm64ec-windows/d3dx11_42_test.exe	655360	d5b81d658b65d148080bb41ff0cbb1c995dc6e6d18c40fee073b1c9376ef7dbd	pe	0x8664	IMAGE_FILE_MACHINE_ARM64EC	no
dlls/d3dx11_43/arm64ec-windows/d3dx11_43.dll	720896	04ec5e00ee780652c574af631e4863f72be92277df6bef845353667f567be86f	pe	0x8664	IMAGE_FILE_MACHINE_ARM64EC	yes
dlls/d3dx11_43/tests/arm64ec-windows/d3dx11_43_test.exe	655360	640956f0eb2d9ef644e6706bac56648ce0f5ef91121c738de364c5d5ca7d6a99	pe	0x8664	IMAGE_FILE_MACHINE_ARM64EC	no
dlls/d3dx9_24/arm64ec-windows/d3dx9_24.dll	1507328	a89d3e5267f7ca6aa06d3e3c13dd02b5d627be0f58e702c14c5288371834ce8e	pe	0x8664	IMAGE_FILE_MACHINE_ARM64EC	yes
dlls/d3dx9_25/arm64ec-windows/d3dx9_25.dll	1507328	e5c614d15d63405cc6359cb4c355220759e5b9069a76b93cfca87fb6109c3227	pe	0x8664	IMAGE_FILE_MACHINE_ARM64EC	yes
dlls/d3dx9_26/arm64ec-windows/d3dx9_26.dll	1507328	f1b2846326051d23218470e2a583173906bc15aea955552a995c6286ad477164	pe	0x8664	IMAGE_FILE_MACHINE_ARM64EC	yes
dlls/d3dx9_27/arm64ec-windows/d3dx9_27.dll	1507328	1506e4868829466c6ec84ff428a63429bcdd12fb8de1302f2a80b8210b686a3c	pe	0x8664	IMAGE_FILE_MACHINE_ARM64EC	yes
dlls/d3dx9_28/arm64ec-windows/d3dx9_28.dll	1507328	04410435fff7b318fbd83c5b0ddec2a29caf2b4731550b24ffb067e22dcfaf3b	pe	0x8664	IMAGE_FILE_MACHINE_ARM64EC	yes
dlls/d3dx9_29/arm64ec-windows/d3dx9_29.dll	1507328	774d661094314712099ba274a525a0951761afcdeac4b74db57240444e082f7d	pe	0x8664	IMAGE_FILE_MACHINE_ARM64EC	yes
dlls/d3dx9_30/arm64ec-windows/d3dx9_30.dll	1507328	f2fce42bc9935600f51f36d92f698f7fd14a2e382ebfbd996b34f9156286014d	pe	0x8664	IMAGE_FILE_MACHINE_ARM64EC	yes
dlls/d3dx9_31/arm64ec-windows/d3dx9_31.dll	1507328	0b299a363993bbec6c89c0b8326f1967b845fcf22fc80a343a55e647e256766f	pe	0x8664	IMAGE_FILE_MACHINE_ARM64EC	yes
dlls/d3dx9_32/arm64ec-windows/d3dx9_32.dll	1507328	bf2736cb14df07741465d544dc9484cc3e6d9ce6fd35f30b1815da838d341026	pe	0x8664	IMAGE_FILE_MACHINE_ARM64EC	yes
dlls/d3dx9_33/arm64ec-windows/d3dx9_33.dll	1507328	af12544fdbb173078a1b3488fae9d6736052c3d59a289a1c7f98404c279a3d7f	pe	0x8664	IMAGE_FILE_MACHINE_ARM64EC	yes
dlls/d3dx9_34/arm64ec-windows/d3dx9_34.dll	1507328	646129b21b3ea87cb87597535a53fb208708c0048a64e1e256f51d7a4574b8ae	pe	0x8664	IMAGE_FILE_MACHINE_ARM64EC	yes
dlls/d3dx9_35/arm64ec-windows/d3dx9_35.dll	1507328	5bc03297e9eee23a0f66ae46a3715a89fc9c904a84f0a10288ce5dd4a1282dce	pe	0x8664	IMAGE_FILE_MACHINE_ARM64EC	yes
dlls/d3dx9_35/tests/arm64ec-windows/d3dx9_35_test.exe	2818048	14bdda78f91babe0bb74120687defb24983bde09edf5118019595fd5f124c491	pe	0x8664	IMAGE_FILE_MACHINE_ARM64EC	no
dlls/d3dx9_36/arm64ec-windows/d3dx9_36.dll	1507328	3ff9be7b9d5cda9cbdf72014e266166a486e86db06c939f270fae73569ab6192	pe	0x8664	IMAGE_FILE_MACHINE_ARM64EC	yes
dlls/d3dx9_36/tests/arm64ec-windows/d3dx9_36_test.exe	2818048	aec1d6f888f51360084003a30235aa285891fb5d83aa3ac3b76300fb19757cd1	pe	0x8664	IMAGE_FILE_MACHINE_ARM64EC	no
dlls/d3dx9_37/arm64ec-windows/d3dx9_37.dll	1507328	d3248e1837cc3d2bab0c2bf96e7396d1652612865124741372f5653c0461ce60	pe	0x8664	IMAGE_FILE_MACHINE_ARM64EC	yes
dlls/d3dx9_38/arm64ec-windows/d3dx9_38.dll	1507328	79212560cd2c6769b67be76d185200c68a1534ab0fd5820bfd002535854aeaf0	pe	0x8664	IMAGE_FILE_MACHINE_ARM64EC	yes
dlls/d3dx9_39/arm64ec-windows/d3dx9_39.dll	1507328	d19326c610b64fc85ed3ca1b9b515e010f8b805d65225baf846346b4fb50b623	pe	0x8664	IMAGE_FILE_MACHINE_ARM64EC	yes
dlls/d3dx9_40/arm64ec-windows/d3dx9_40.dll	1507328	9034d2114b32c3b2add0e43bc9eb107045f3d75d395409438f3baecbffa926d0	pe	0x8664	IMAGE_FILE_MACHINE_ARM64EC	yes
dlls/d3dx9_41/arm64ec-windows/d3dx9_41.dll	1507328	eb1e7c47c3b7271d43328bb35a0d92543a746bad309141c64a4c93f49e9a724b	pe	0x8664	IMAGE_FILE_MACHINE_ARM64EC	yes
dlls/d3dx9_42/arm64ec-windows/d3dx9_42.dll	1507328	1ab52be5a1f51e185943f808d942aa68002a08459ca691b4195b340d15ab24ec	pe	0x8664	IMAGE_FILE_MACHINE_ARM64EC	yes
dlls/d3dx9_42/tests/arm64ec-windows/d3dx9_42_test.exe	2818048	5a43b15ca1c95d78b944dec21f88484e3d65e8d431b96d593d75fb4b4705e21b	pe	0x8664	IMAGE_FILE_MACHINE_ARM64EC	no
dlls/d3dx9_43/arm64ec-windows/d3dx9_43.dll	1507328	aa2d649c8c138404571f91b6cce0342dd212cbf04ded8304944cb04a25b65448	pe	0x8664	IMAGE_FILE_MACHINE_ARM64EC	yes
dlls/d3dx9_43/tests/arm64ec-windows/d3dx9_43_test.exe	2818048	58a225b774b1b158c7a9f1eae0191c1cbc73ad6c4f93a9833ff650b8ccc66296	pe	0x8664	IMAGE_FILE_MACHINE_ARM64EC	no
dlls/d3dxof/arm64ec-windows/d3dxof.dll	851968	bab1555263c7303ea0fbfa66bc32d608ba2d760573d9f59922353177f3784787	pe	0x8664	IMAGE_FILE_MACHINE_ARM64EC	yes
dlls/d3dxof/tests/arm64ec-windows/d3dxof_test.exe	589824	5939745293a8ffd9e9d73997cbd818910ac71f1064b77799f4c9ab5aaf05ff52	pe	0x8664	IMAGE_FILE_MACHINE_ARM64EC	no
dlls/dataexchange/arm64ec-windows/dataexchange.dll	655360	265eaefda6b81ba6a13a7ce5f29235fd28efc5c2d011a2a375a40de9340f1c65	pe	0x8664	IMAGE_FILE_MACHINE_ARM64EC	yes
dlls/dataexchange/tests/arm64ec-windows/dataexchange_test.exe	786432	6acad74c6fc8ced5de5d20218d0155c46b77e2028ba6c519cd344de2a8539a86	pe	0x8664	IMAGE_FILE_MACHINE_ARM64EC	no
dlls/davclnt/arm64ec-windows/davclnt.dll	655360	d2288f7011f38b961557c0c6b5832390a074c7d2d88ff0f77019af3e6c1dd359	pe	0x8664	IMAGE_FILE_MACHINE_ARM64EC	yes
dlls/dbgeng/arm64ec-windows/dbgeng.dll	786432	1b1355f67e42ff50f5cfbf42bd7fe358cae3d738aaaafc67504e9ad7294f77bd	pe	0x8664	IMAGE_FILE_MACHINE_ARM64EC	yes
dlls/dbgeng/tests/arm64ec-windows/dbgeng_test.exe	589824	e87eb9902b14c1ec79563fec48c6ffa65609ed4f80d3d20f89b034b01b65ebfa	pe	0x8664	IMAGE_FILE_MACHINE_ARM64EC	no
dlls/dbghelp/arm64ec-windows/dbghelp.dll	1245184	e8278841a5481c3590ac8213ccb34218ccaeafdfad198ebdd247672cda0ac29c	pe	0x8664	IMAGE_FILE_MACHINE_ARM64EC	yes
dlls/dbghelp/tests/arm64ec-windows/dbghelp_test.exe	720896	c0a27c40658c6188ed1fad59ca94b2e186df6fbd31feb30b50a22666663b477c	pe	0x8664	IMAGE_FILE_MACHINE_ARM64EC	no
dlls/dciman32/arm64ec-windows/dciman32.dll	655360	278a14be7a35700dfeb0f5bd9e7fc592d16763bded36eb41cb83c8ad4c53fc63	pe	0x8664	IMAGE_FILE_MACHINE_ARM64EC	yes
dlls/dcomp/arm64ec-windows/dcomp.dll	720896	efae2afa7f010484f56fb9165f269c1e9d496c6ebf9f3600444a24da3f26acf2	pe	0x8664	IMAGE_FILE_MACHINE_ARM64EC	yes
dlls/ddraw/arm64ec-windows/ddraw.dll	1376256	f85f4539d0182d776a069089ab6a47effaec897f65324216b74f88a1803d554f	pe	0x8664	IMAGE_FILE_MACHINE_ARM64EC	yes
dlls/ddraw/tests/arm64ec-windows/ddraw_test.exe	4063232	7be691186ac25971569d01ce36161fadb46dd21f6ff06b73ae09b1c81d17d3c0	pe	0x8664	IMAGE_FILE_MACHINE_ARM64EC	no
dlls/ddrawex/arm64ec-windows/ddrawex.dll	851968	07a6a4fd24a5b6ab492906e792a213a1015f2a7efe318ef9e760ddd65343131c	pe	0x8664	IMAGE_FILE_MACHINE_ARM64EC	yes
dlls/ddrawex/tests/arm64ec-windows/ddrawex_test.exe	589824	6eddcafdd20c228126f7d38f07a8301a43ec29ae1167806b347debc87603cb34	pe	0x8664	IMAGE_FILE_MACHINE_ARM64EC	no
dlls/desk.cpl/arm64ec-windows/desk.cpl	720896	ecfa89f2a6a11b38d13dded17b7eaa06fb9e7497a73b736639fe02aa8f1a1c5b	pe	0x8664	IMAGE_FILE_MACHINE_ARM64EC	yes
dlls/devenum/arm64ec-windows/devenum.dll	851968	56b5b3380091993d83baae193b1df6c6cd3213d9e56f38561d9faf683778ed87	pe	0x8664	IMAGE_FILE_MACHINE_ARM64EC	yes
dlls/devenum/tests/arm64ec-windows/devenum_test.exe	655360	6b2fc6bc8d2fcf131fca3d5112342f1ad1f175f1ac4d5d2d30bae1309138297c	pe	0x8664	IMAGE_FILE_MACHINE_ARM64EC	no
dlls/dhcpcsvc/arm64ec-windows/dhcpcsvc.dll	655360	36b24bf7afb34a803a7143c142746bb2780ea7d3d21176d85f50f1c06f21b85b	pe	0x8664	IMAGE_FILE_MACHINE_ARM64EC	yes
dlls/dhcpcsvc/tests/arm64ec-windows/dhcpcsvc_test.exe	589824	4faa62074185e0591c0465d68cf3ceacb0dc18ed9b7c0f141ab7f6c49298bfb5	pe	0x8664	IMAGE_FILE_MACHINE_ARM64EC	no
dlls/dhcpcsvc6/arm64ec-windows/dhcpcsvc6.dll	655360	9885fe252a617d6ffc15de0f6acd89cd9daa9f24542812722ad7f6bdbef58da6	pe	0x8664	IMAGE_FILE_MACHINE_ARM64EC	yes
dlls/dhtmled.ocx/arm64ec-windows/dhtmled.ocx	917504	72dba663ca889ed8359ff88e22dc8c991e888a888aa4ee6655bc1c5d96926923	pe	0x8664	IMAGE_FILE_MACHINE_ARM64EC	yes
dlls/diasymreader/arm64ec-windows/diasymreader.dll	917504	af3a6f27a5f237b9b7ac29b11dbc4d7bb540c0f63d0692e8e18d9ad9dba00966	pe	0x8664	IMAGE_FILE_MACHINE_ARM64EC	yes
dlls/difxapi/arm64ec-windows/difxapi.dll	589824	b69af51463fb29516848fcc45338e5cb7e81fd4c23428880ada144f513744c2d	pe	0x8664	IMAGE_FILE_MACHINE_ARM64EC	yes
dlls/dinput/arm64ec-windows/dinput.dll	983040	bb1c021a0aaf50b9396c2f2c91b74de4826ed9e973b3459652a5281c2a9f922b	pe	0x8664	IMAGE_FILE_MACHINE_ARM64EC	yes
dlls/dinput/tests/arm64ec-windows/dinput_test.exe	5570560	e5b30fbc7999a8cc41eb6a339df769b0c773618f792c900bd0148d783390cbe0	pe	0x8664	IMAGE_FILE_MACHINE_ARM64EC	no
dlls/dinput/tests/arm64ec-windows/driver_bus.dll	589824	1a9fd362fb0e4480c881634f4f007df4cde3455a63d150f6bcd96cab07ee5754	pe	0x8664	IMAGE_FILE_MACHINE_ARM64EC	no
dlls/dinput/tests/arm64ec-windows/driver_hid.dll	589824	484ab3cfb92a8deccbaa3dba733985d98e9aabf55e0c0d541f952d271a51ede2	pe	0x8664	IMAGE_FILE_MACHINE_ARM64EC	no
dlls/dinput/tests/arm64ec-windows/driver_hid_poll.dll	589824	11c62ea5cac03e2d707ee1b0dd322c0819fecdf969c063a54cf54e113b11f732	pe	0x8664	IMAGE_FILE_MACHINE_ARM64EC	no
dlls/dinput8/arm64ec-windows/dinput8.dll	983040	3380515d232080accf8b880df4bfdf3695a2e2e0523c91911685186280a22e65	pe	0x8664	IMAGE_FILE_MACHINE_ARM64EC	yes
dlls/directmanipulation/arm64ec-windows/directmanipulation.dll	917504	3b34a395831c37d7dae41b33b9b76e70c5b44dfd473b451ec7bd67eb655226ed	pe	0x8664	IMAGE_FILE_MACHINE_ARM64EC	yes
dlls/directmanipulation/tests/arm64ec-windows/directmanipulation_test.exe	655360	8a5613486e412fd7b87b62306299b7ccf225aba79ad8a525836ed7806c96d1ce	pe	0x8664	IMAGE_FILE_MACHINE_ARM64EC	no
dlls/dispex/arm64ec-windows/dispex.dll	851968	497cf5032fc280ae8e743b26fc6a5b14a75e87cbf0634f0554fa7ce3ac37f4c1	pe	0x8664	IMAGE_FILE_MACHINE_ARM64EC	yes
dlls/dispex/tests/arm64ec-windows/dispex_test.exe	589824	f92415ab1b2e76cd33e34e9f0547b810789b0fc6ed9c8b2d9b93d6b86e76570c	pe	0x8664	IMAGE_FILE_MACHINE_ARM64EC	no
dlls/dmloader/arm64ec-windows/dmloader.dll	851968	77be34c80e86c6a982eb8d94fb7356155b13583cfdfff9590aad33d70a52c73b	pe	0x8664	IMAGE_FILE_MACHINE_ARM64EC	yes
dlls/dmloader/tests/arm64ec-windows/dmloader_test.exe	589824	06f663915b2994d8530fef417cba0add1c6deb994ab15256387c81f1bfccd2dc	pe	0x8664	IMAGE_FILE_MACHINE_ARM64EC	no
dlls/dmsynth/arm64ec-windows/dmsynth.dll	1310720	21d1376a4f7c6bf1bbd8c22396cbf0c34a6d13a813c7bc5a43c5b10ad121c43f	pe	0x8664	IMAGE_FILE_MACHINE_ARM64EC	yes
dlls/dmsynth/tests/arm64ec-windows/dmsynth_test.exe	851968	b0b6cbda5679c504a33ed350505bdcdb2d0e2b0f6876404c3643edd1efb30203	pe	0x8664	IMAGE_FILE_MACHINE_ARM64EC	no
dlls/dmusic/arm64ec-windows/dmusic.dll	983040	d6ab1191df1fbdd82fba5b7ca53990ca17c1b69c4220a23386d8a07203172aba	pe	0x8664	IMAGE_FILE_MACHINE_ARM64EC	yes
dlls/dmusic/tests/arm64ec-windows/dmusic_test.exe	851968	09db48ea29f1a2677af9a874e3e53b81acafb7ccf232dfcdf641bdc36ba237d9	pe	0x8664	IMAGE_FILE_MACHINE_ARM64EC	no
dlls/dmusic32/arm64ec-windows/dmusic32.dll	655360	d4f492fb5da94061fe8a4efd7e042c63fff6338628dd6f4c30226c6c7b3ac33e	pe	0x8664	IMAGE_FILE_MACHINE_ARM64EC	yes
dlls/dnsapi/arm64ec-windows/dnsapi.dll	720896	3bf38fc7e62142d80f0d16396ec5b84914b041a7f73f9bd4a824d17c9578ce60	pe	0x8664	IMAGE_FILE_MACHINE_ARM64EC	yes
dlls/dnsapi/tests/arm64ec-windows/dnsapi_test.exe	655360	f6a0c44b186830ac5be9c67188c1952639db2d3fd9f69ccd90b1d589585314c6	pe	0x8664	IMAGE_FILE_MACHINE_ARM64EC	no
dlls/dpnaddr/arm64ec-windows/dpnaddr.dll	655360	bfb25278452d242a7eb3167e1e4b7d18c5675a8036001f3d30cd6faefb90e41a	pe	0x8664	IMAGE_FILE_MACHINE_ARM64EC	yes
dlls/dpnet/arm64ec-windows/dpnet.dll	851968	cfae1c5a6223ac6c8319d49fc9eedfd361e922bfe71fb490f52d95db856b747f	pe	0x8664	IMAGE_FILE_MACHINE_ARM64EC	yes
dlls/dpnet/tests/arm64ec-windows/dpnet_test.exe	851968	9e9e5e0dba756a30686b2c7df8eb90d9df84a0d8f32b0405be6b4fa906e474f7	pe	0x8664	IMAGE_FILE_MACHINE_ARM64EC	no
dlls/dpnhpast/arm64ec-windows/dpnhpast.dll	655360	ef8edf88a1d0435a294c587875f673c2419eed1d5b037718635b10eb8d13e693	pe	0x8664	IMAGE_FILE_MACHINE_ARM64EC	yes
dlls/dpnhupnp/arm64ec-windows/dpnhupnp.dll	655360	f413f09ca55bcd14fdd107a57a663419b9cbbd92fdd3bbf7d54466ef5f5280ea	pe	0x8664	IMAGE_FILE_MACHINE_ARM64EC	yes
dlls/dpnlobby/arm64ec-windows/dpnlobby.dll	655360	f0cf21a83cb50b7bd1a5a7517b389d4f7c3a35bdbcf26cdbfa990b4aae39516a	pe	0x8664	IMAGE_FILE_MACHINE_ARM64EC	yes
dlls/dpvoice/arm64ec-windows/dpvoice.dll	851968	6fd9906e7932de2ba8f1c3ad47bb96a6592e02a048f0c74caeff295919aa2641	pe	0x8664	IMAGE_FILE_MACHINE_ARM64EC	yes
dlls/dpvoice/tests/arm64ec-windows/dpvoice_test.exe	589824	6dfa00202e6901a41db825af521133acfa49dca0fe7f045fc76082390d3e9bb7	pe	0x8664	IMAGE_FILE_MACHINE_ARM64EC	no
dlls/drmclien/arm64ec-windows/drmclien.dll	655360	10563f971600d73ff2f8bb4e96c894ee36fcaaf40823ad0061367aad2fc99269	pe	0x8664	IMAGE_FILE_MACHINE_ARM64EC	yes
dlls/dsdmo/arm64ec-windows/dsdmo.dll	851968	34b231a067cec1e46e05a08289dee7a19dfc0cdc7b7cdd57f0476b180bd019f5	pe	0x8664	IMAGE_FILE_MACHINE_ARM64EC	yes
dlls/dsdmo/tests/arm64ec-windows/dsdmo_test.exe	786432	553591faa6820047f07e8b03cf069494deacfa7bcedd4ccd1ba68e7b64a2ce3c	pe	0x8664	IMAGE_FILE_MACHINE_ARM64EC	no
dlls/dsound/arm64ec-windows/dsound.dll	1048576	b306ef7c72ecc12c521d871c00a4ffadc3d84800158b36a1fc83fb3ef8b648d2	pe	0x8664	IMAGE_FILE_MACHINE_ARM64EC	yes
dlls/dsound/tests/arm64ec-windows/dsound_test.exe	1048576	a76dcd56e9bc51aa43a427ba0a0917cfd8a17aba3807a64824faa7b2e430befd	pe	0x8664	IMAGE_FILE_MACHINE_ARM64EC	no
dlls/dsquery/arm64ec-windows/dsquery.dll	851968	edb78ce335b0792fcc2f3e86134412ad81530e9ea67c7cf40f3537d5e85d501f	pe	0x8664	IMAGE_FILE_MACHINE_ARM64EC	yes
dlls/dsrole/arm64ec-windows/dsrole.dll	589824	a5edfc27aca41ae4e449b4d9ad75b352a64b579c3109d8ee2fd1a23f2ce89a07	pe	0x8664	IMAGE_FILE_MACHINE_ARM64EC	yes
dlls/dssenh/arm64ec-windows/dssenh.dll	786432	2f0b307d46a9b2fa14e23d909065089c5e0062b02e739b4a8c342f505b647b8a	pe	0x8664	IMAGE_FILE_MACHINE_ARM64EC	yes
dlls/dssenh/tests/arm64ec-windows/dssenh_test.exe	589824	61272e7f794c9130171255862d2d04e5bdab4312c15b632b04691dbb1fa89bc6	pe	0x8664	IMAGE_FILE_MACHINE_ARM64EC	no
dlls/dsuiext/arm64ec-windows/dsuiext.dll	851968	82cbe6024176b4a041cd83c6cdb7bf6f8a272836e339c84c3114f78d9b170d29	pe	0x8664	IMAGE_FILE_MACHINE_ARM64EC	yes
dlls/dswave/arm64ec-windows/dswave.dll	851968	d6d482c9b77eb1a5163467af594578d4591cad11d4dd0f9806c8b0be7795ebc6	pe	0x8664	IMAGE_FILE_MACHINE_ARM64EC	yes
dlls/dswave/tests/arm64ec-windows/dswave_test.exe	589824	11898c77c8b18de2cab44e1ad37924e5bca35d8d35f94e9bb48ff4c7e965ebcb	pe	0x8664	IMAGE_FILE_MACHINE_ARM64EC	no
dlls/dwmapi/arm64ec-windows/dwmapi.dll	720896	ba928f5f551c15bb45c3d800287d688dea1a506228c487367f76e64464ae6787	pe	0x8664	IMAGE_FILE_MACHINE_ARM64EC	yes
dlls/dwmapi/tests/arm64ec-windows/dwmapi_test.exe	589824	6172cdfc9852ae51136bd690c91aec716fceacfd27fc6d70203c3cd82f7ea65d	pe	0x8664	IMAGE_FILE_MACHINE_ARM64EC	no
dlls/dwrite/arm64ec-windows/dwrite.dll	1114112	6fc7ee2722366d925e6829e4f2a3d333e514e15abd5a82b4f58607f340ae2872	pe	0x8664	IMAGE_FILE_MACHINE_ARM64EC	yes
dlls/dwrite/tests/arm64ec-windows/dwrite_test.exe	1572864	8c9b7edd5d8b1a70ff5b00a758170b55866c4c3dbf53874880dcfc5879a7b705	pe	0x8664	IMAGE_FILE_MACHINE_ARM64EC	no
dlls/dx8vb/arm64ec-windows/dx8vb.dll	917504	0c78df4f6a8b27312e1ef7726ced6d1f76a72c4b89c037cad7a4275ea7bb7a3d	pe	0x8664	IMAGE_FILE_MACHINE_ARM64EC	yes
dlls/dxcore/arm64ec-windows/dxcore.dll	589824	35bcb81e6b98ce2f8142cdc8ff287dc19198b4a736a200b2b08f679c10686597	pe	0x8664	IMAGE_FILE_MACHINE_ARM64EC	yes
dlls/dxcore/tests/arm64ec-windows/dxcore_test.exe	589824	14a6b3858ff7ab2cea097c70c1df9acb326bd34d2047b57ad99475141245c002	pe	0x8664	IMAGE_FILE_MACHINE_ARM64EC	no
dlls/dxdiagn/arm64ec-windows/dxdiagn.dll	720896	aaac9025c766eac9f4bdeb022db990f4e35f47dbe3e2089c01a66587e2a7a3bf	pe	0x8664	IMAGE_FILE_MACHINE_ARM64EC	yes
dlls/dxdiagn/tests/arm64ec-windows/dxdiagn_test.exe	589824	3d802a0d9396fa3a8b170233535b64595594c1082631228f3afb6b49501a4fa8	pe	0x8664	IMAGE_FILE_MACHINE_ARM64EC	no
dlls/dxgi/arm64ec-windows/dxgi.dll	983040	7748b3d1c3b87ea413ff73f3310c8c791ea36889eb0dd0d23e16b9671b785dde	pe	0x8664	IMAGE_FILE_MACHINE_ARM64EC	yes
dlls/dxgi/tests/arm64ec-windows/dxgi_test.exe	983040	05906a7b58a3e495f85a3f817417ce57c8183e505cb4cbb3182678ab00c205f8	pe	0x8664	IMAGE_FILE_MACHINE_ARM64EC	no
dlls/dxtrans/arm64ec-windows/dxtrans.dll	655360	c2036f4eec402d1e23f8acc8307a85229d99fc898471075b3f0ac60efd3bf05b	pe	0x8664	IMAGE_FILE_MACHINE_ARM64EC	yes
dlls/dxva2/arm64ec-windows/dxva2.dll	851968	1b33e16f9c45658a270e227e181b6e23df6cf8f9c825af5d157eb72125b34251	pe	0x8664	IMAGE_FILE_MACHINE_ARM64EC	yes
dlls/dxva2/tests/arm64ec-windows/dxva2_test.exe	589824	4f188b6dd07dfd61d55b5421cbd4502d791340a585955973c600404235a818d2	pe	0x8664	IMAGE_FILE_MACHINE_ARM64EC	no
dlls/esent/arm64ec-windows/esent.dll	655360	2b832904a8f8ff81d6cc2ec6424a592cc5a269cda5672f541112d0a78874e77e	pe	0x8664	IMAGE_FILE_MACHINE_ARM64EC	yes
dlls/evr/arm64ec-windows/evr.dll	1245184	c9359588c0658c8f841066f796b84d36d8b643f97174ce9b09ebd9e817fd6c2a	pe	0x8664	IMAGE_FILE_MACHINE_ARM64EC	yes
dlls/evr/tests/arm64ec-windows/evr_test.exe	1245184	13718039974c64d56ab51b8d946215ab0d256e388bcc57d7568dfe318d4b6e99	pe	0x8664	IMAGE_FILE_MACHINE_ARM64EC	no
dlls/explorerframe/arm64ec-windows/explorerframe.dll	851968	62340f17fde005fc09e906caf1327e5201f3c951e619af3a66396224ba964c75	pe	0x8664	IMAGE_FILE_MACHINE_ARM64EC	yes
dlls/explorerframe/tests/arm64ec-windows/explorerframe_test.exe	851968	3317551fa189dc050d3ded1b1ef37bbd2f68d06c1bf170d55042df97c2443417	pe	0x8664	IMAGE_FILE_MACHINE_ARM64EC	no
dlls/faultrep/arm64ec-windows/faultrep.dll	655360	66f04dec828db8fa5db93a5d75229c605ef0fea97ac89a9fc222973b7acf8cc0	pe	0x8664	IMAGE_FILE_MACHINE_ARM64EC	yes
dlls/faultrep/tests/arm64ec-windows/faultrep_test.exe	589824	90ba4c03d242541e7a1e387c944d63963e19d45f37fd91a4e707e3e7a332340d	pe	0x8664	IMAGE_FILE_MACHINE_ARM64EC	no
dlls/feclient/arm64ec-windows/feclient.dll	655360	2ca65bf4f0073b5414c92be204207aae8074612cf37b098208421da65b9a8d5a	pe	0x8664	IMAGE_FILE_MACHINE_ARM64EC	yes
dlls/fltlib/arm64ec-windows/fltlib.dll	720896	53a27b51a12c85b75277ea572b35dc9e19ce31513a1f1ceeeab03b170ded93bf	pe	0x8664	IMAGE_FILE_MACHINE_ARM64EC	yes
dlls/fltmgr.sys/arm64ec-windows/fltmgr.sys	655360	a69b93efb0cdf440641d86370c829db7f6d6725bc0662849dcea90fc55583ec3	pe	0x8664	IMAGE_FILE_MACHINE_ARM64EC	yes
dlls/fntcache/arm64ec-windows/fntcache.dll	589824	39c50b38408c24ab1c15d9e7c496c3eadcd41ea745f1793b1afe4a0ba7ee51d9	pe	0x8664	IMAGE_FILE_MACHINE_ARM64EC	yes
dlls/fontsub/arm64ec-windows/fontsub.dll	655360	eb613b9ecdcc9a8721a0534993c3583e42275accb6eef9c9ce93666d33d12c87	pe	0x8664	IMAGE_FILE_MACHINE_ARM64EC	yes
dlls/fusion/arm64ec-windows/fusion.dll	720896	132c1b1f4b394e5653679405533109fcea51500ece9012f72cfebb059d1e63e5	pe	0x8664	IMAGE_FILE_MACHINE_ARM64EC	yes
dlls/fusion/tests/arm64ec-windows/fusion_test.exe	720896	53b214fb8f7e2c2273522ceddb2d596ea0c6932ef68c9125bb06626451b995fc	pe	0x8664	IMAGE_FILE_MACHINE_ARM64EC	no
dlls/fwpuclnt/arm64ec-windows/fwpuclnt.dll	655360	41e316861fa9620a0f247af527f64b2ced962a7acf388b77edffa6e06259fc1b	pe	0x8664	IMAGE_FILE_MACHINE_ARM64EC	yes
dlls/gameinput/arm64ec-windows/gameinput.dll	589824	91fea0b0ebed745966406ab8b5a5072eed7c9c10195b0b9cbafbc248acdc7edf	pe	0x8664	IMAGE_FILE_MACHINE_ARM64EC	yes
dlls/gameux/arm64ec-windows/gameux.dll	917504	a78f72d262198755108445323ed29c5897be84ee76c5af4f482495cd0d6b269c	pe	0x8664	IMAGE_FILE_MACHINE_ARM64EC	yes
dlls/gameux/tests/arm64ec-windows/gameux_test.exe	851968	bdaa3065908c717143f68c3c29006acb9f8e3c69dfb0bbf8eae8950208176a03	pe	0x8664	IMAGE_FILE_MACHINE_ARM64EC	no
dlls/gamingtcui/arm64ec-windows/gamingtcui.dll	655360	005eb6071c811dea346eb479fc28e13372ad03cbafa6c5da6c73ca6f8384ba8b	pe	0x8664	IMAGE_FILE_MACHINE_ARM64EC	yes
dlls/gdi32/arm64ec-windows/gdi32.dll	1245184	4a72a20ed090775f924ac71ee6a563927844b1c6d92f3899d1c999088fb1fe6f	pe	0x8664	IMAGE_FILE_MACHINE_ARM64EC	yes
dlls/gdi32/tests/arm64ec-windows/gdi32_test.exe	2293760	35747c29c039fbbcab6034a40d6f46edc86f84e6a3f8ba2072ce388f62b7a039	pe	0x8664	IMAGE_FILE_MACHINE_ARM64EC	no
dlls/gdiplus/arm64ec-windows/gdiplus.dll	1507328	379dabb46595a3f37756941e5f58cdb0f7d8996d9b06c7fbb6dba86d37c72444	pe	0x8664	IMAGE_FILE_MACHINE_ARM64EC	yes
dlls/gdiplus/tests/arm64ec-windows/gdiplus_test.exe	2424832	c91578c155bd70fa29d363582e357d04e75b1f7f7e0aef6b8c7ae52e3b0b64bb	pe	0x8664	IMAGE_FILE_MACHINE_ARM64EC	no
dlls/geolocation/arm64ec-windows/geolocation.dll	655360	f4814e8195ba5f026c479db86b118ae6e9b1a03cabfd181c8e29e7661db2d59d	pe	0x8664	IMAGE_FILE_MACHINE_ARM64EC	yes
dlls/geolocation/tests/arm64ec-windows/geolocation_test.exe	786432	9e5b0c471349b78e5db45de034e9455547c54fcab8772e8e35b017914a7e3c6b	pe	0x8664	IMAGE_FILE_MACHINE_ARM64EC	no
dlls/glu32/arm64ec-windows/glu32.dll	655360	5615891a007c2697bf331279de47cd2a373bb9cca7dc8d511e22b65cdfd69f30	pe	0x8664	IMAGE_FILE_MACHINE_ARM64EC	yes
dlls/glu32/tests/arm64ec-windows/glu32_test.exe	589824	dddb88ebc7e31bb8dc0585b806fe1bc68af1c608abe661ce19b02ccddf3ed8a2	pe	0x8664	IMAGE_FILE_MACHINE_ARM64EC	no
dlls/gpkcsp/arm64ec-windows/gpkcsp.dll	655360	b7ba07cc3b01f027349215814f51acd77f7fb11fad0764fc484692933f4d1854	pe	0x8664	IMAGE_FILE_MACHINE_ARM64EC	yes
dlls/graphicscapture/arm64ec-windows/graphicscapture.dll	655360	23f9aaf069839bec634421b542cdf235bce74d782e8cdfd350525c9f63524032	pe	0x8664	IMAGE_FILE_MACHINE_ARM64EC	yes
dlls/graphicscapture/tests/arm64ec-windows/graphicscapture_test.exe	589824	d2a318f4fedc93f869765096e43699cd673bea262662e0d520718917e2efc250	pe	0x8664	IMAGE_FILE_MACHINE_ARM64EC	no
dlls/hal/arm64ec-windows/hal.dll	720896	51c38a253797cde40be60b78ae1c55caab924dfc47b5ee28f3f9735dcf4615f0	pe	0x8664	IMAGE_FILE_MACHINE_ARM64EC	yes
dlls/hhctrl.ocx/arm64ec-windows/hhctrl.ocx	917504	eb32fec8136153edc2e25f5dbb577670ae3619a85a35daaa01152a13f53d776a	pe	0x8664	IMAGE_FILE_MACHINE_ARM64EC	yes
dlls/hid/arm64ec-windows/hid.dll	720896	52d679ae7be9004794afe297f84b81b55299f342d2e7b45e8d2742c3c199181a	pe	0x8664	IMAGE_FILE_MACHINE_ARM64EC	yes
dlls/hid/tests/arm64ec-windows/hid_test.exe	589824	c254a2373446795c45219bf762388e18c42c33dbcf091ca8a9afa88187db5df9	pe	0x8664	IMAGE_FILE_MACHINE_ARM64EC	no
dlls/hidclass.sys/arm64ec-windows/hidclass.sys	655360	979f7f5ccf464669c989a1d9a591e90a1ee9b5979bf859b313fd663f3e133f5c	pe	0x8664	IMAGE_FILE_MACHINE_ARM64EC	yes
dlls/hidparse.sys/arm64ec-windows/hidparse.sys	655360	2d8d79d688389aacbebbd6e95c07a556afa4cc25271d3d797f347197633925ee	pe	0x8664	IMAGE_FILE_MACHINE_ARM64EC	yes
dlls/hlink/arm64ec-windows/hlink.dll	917504	cc64426c0fd497d7c6f750c63982e918fce41a46b260851f4b9e5bf4c09ad81e	pe	0x8664	IMAGE_FILE_MACHINE_ARM64EC	yes
dlls/hlink/tests/arm64ec-windows/hlink_test.exe	655360	40236f5f877d2668f66f2a1e797c74347023093944a6f3a1361cb6069f368154	pe	0x8664	IMAGE_FILE_MACHINE_ARM64EC	no
dlls/hnetcfg/arm64ec-windows/hnetcfg.dll	786432	316925d6dc67965596686fead2c40e9f73b8aa5c22accbf1b6424d5cf0eff80a	pe	0x8664	IMAGE_FILE_MACHINE_ARM64EC	yes
dlls/hnetcfg/tests/arm64ec-windows/hnetcfg_test.exe	786432	9366a028b3c0946e63c2298538e7fc5eca05fca47d5aa3ad1470ebdd6f352d04	pe	0x8664	IMAGE_FILE_MACHINE_ARM64EC	no
dlls/hrtfapo/arm64ec-windows/hrtfapo.dll	655360	d9da4419d40049fbc8586cd702000417408499176b0d6f6fbe191aa5f1f502c7	pe	0x8664	IMAGE_FILE_MACHINE_ARM64EC	yes
dlls/http.sys/arm64ec-windows/http.sys	589824	4bb4f17eb6b25f7d9b3eeea0e76e93c31d66bbe78a40724696e89a021473591c	pe	0x8664	IMAGE_FILE_MACHINE_ARM64EC	yes
dlls/httpapi/arm64ec-windows/httpapi.dll	655360	28b0d24b46da754f59858637b5655a2946416fc826ed388052e7b724289617ad	pe	0x8664	IMAGE_FILE_MACHINE_ARM64EC	yes
dlls/httpapi/tests/arm64ec-windows/httpapi_test.exe	655360	e0641630604353cb0f48ec628322d0a14dee6411f0cdb0ba0c118e04e5ae8940	pe	0x8664	IMAGE_FILE_MACHINE_ARM64EC	no
dlls/hvsimanagementapi/arm64ec-windows/hvsimanagementapi.dll	655360	10fd8c70b3b06e29411f3e40f0951f5f82583e4054fb29161dcef5a97dab1a52	pe	0x8664	IMAGE_FILE_MACHINE_ARM64EC	yes
dlls/hvsimanagementapi/tests/arm64ec-windows/hvsimanagementapi_test.exe	589824	2ceef6707147f82f54940d99a383a0ec65abbc3d708cb97f57f4f2ce7e545e20	pe	0x8664	IMAGE_FILE_MACHINE_ARM64EC	no
dlls/ia2comproxy/arm64ec-windows/ia2comproxy.dll	655360	6dcc5ba362979e4835a3b03fcd3be63d01c4725b114654f7d353dad8741fb62d	pe	0x8664	IMAGE_FILE_MACHINE_ARM64EC	yes
dlls/icmp/arm64ec-windows/icmp.dll	131072	e8371953579e3b643c056b90742148d19b7ae577d81d170d952ed30fa59d92a7	pe-data	0x8664	IMAGE_FILE_MACHINE_AMD64	yes
dlls/icmui/arm64ec-windows/icmui.dll	655360	d6bfc8dfdde71b715597d89d7414139d61d74fde5e06f9a89c8ea224727781ac	pe	0x8664	IMAGE_FILE_MACHINE_ARM64EC	yes
dlls/icmui/tests/arm64ec-windows/icmui_test.exe	589824	9f4fe521a6e8c8e6749bb9db2e04278ce7aa07d710091f398c933bdd4c04f6c4	pe	0x8664	IMAGE_FILE_MACHINE_ARM64EC	no
dlls/icu/arm64ec-windows/icu.dll	8716288	95cd76ebcc8e575fa232495d931e079a8d1536fe810543e857df1d8f254381f4	pe	0x8664	IMAGE_FILE_MACHINE_ARM64EC	yes
dlls/icu/tests/arm64ec-windows/icu_test.exe	589824	27e9966a870b314cf62c35ace413db970cb9065b2fb818f6444a48b0a4f8ec61	pe	0x8664	IMAGE_FILE_MACHINE_ARM64EC	no
dlls/icuin/arm64ec-windows/icuin.dll	131072	689b68d774ac261ed35294f63e18a78866d7544d2046d321ac3fe9554dd9d70f	pe-data	0x8664	IMAGE_FILE_MACHINE_AMD64	yes
dlls/icuuc/arm64ec-windows/icuuc.dll	131072	c36f2a58c3c05f3cb5db4d1285244117b9b7592aa47b09b9cd25a0a6847d62b8	pe-data	0x8664	IMAGE_FILE_MACHINE_AMD64	yes
dlls/ieframe/arm64ec-windows/ieframe.dll	1179648	6e5cde02cc5018949235b4b68160466cda8be7659414d7342167f7c79f937b14	pe	0x8664	IMAGE_FILE_MACHINE_ARM64EC	yes
dlls/ieframe/tests/arm64ec-windows/ieframe_test.exe	851968	46129c31641b32fe77c01dde0256d9dc216692fb0130225cf000b78ee0be149d	pe	0x8664	IMAGE_FILE_MACHINE_ARM64EC	no
dlls/ieproxy/arm64ec-windows/ieproxy.dll	720896	224c062f54edc802b3c74ad9451b82b9a1550c3e5a53eadc15bf72f8156c4e47	pe	0x8664	IMAGE_FILE_MACHINE_ARM64EC	yes
dlls/iertutil/arm64ec-windows/iertutil.dll	720896	14220a115a5e04781eb4b6600df4ca1f90000cde241b0502ec5579214e629af6	pe	0x8664	IMAGE_FILE_MACHINE_ARM64EC	yes
dlls/iertutil/tests/arm64ec-windows/iertutil_test.exe	589824	318cc60ab0809fddf4899f07a02d3155a11297bf01f2ce5fa385a9fb7f6d17f9	pe	0x8664	IMAGE_FILE_MACHINE_ARM64EC	no
dlls/imaadp32.acm/arm64ec-windows/imaadp32.acm	589824	ae3b3169c0bc1c7a40109027bf9feaa826e1cf925c7c1ba5aedc2835a408c3ab	pe	0x8664	IMAGE_FILE_MACHINE_ARM64EC	yes
dlls/imagehlp/arm64ec-windows/imagehlp.dll	655360	fa3e8201a46d3954d24761930c6b81fbaba26e702c285300014ccc6076ae1aeb	pe	0x8664	IMAGE_FILE_MACHINE_ARM64EC	yes
dlls/imagehlp/tests/arm64ec-windows/imagehlp_test.exe	1572864	751c02e596d96d3a67cea2e2b35d9c51864d1670c52cd41fb34a1090ba8c0845	pe	0x8664	IMAGE_FILE_MACHINE_ARM64EC	no
dlls/imagehlp/tests/arm64ec-windows/testdll.dll	589824	2a4e5aacf58167966feea452a0b91b885f419db49be73696b0f22f5cc706db9d	pe	0x8664	IMAGE_FILE_MACHINE_ARM64EC	no
dlls/imm32/arm64ec-windows/imm32.dll	720896	3f6353daa14cbe217516e9809242fcb857613b445dde6486e3b267145cd5a93b	pe	0x8664	IMAGE_FILE_MACHINE_ARM64EC	yes
dlls/imm32/tests/arm64ec-windows/ime_wrapper.dll	655360	1617d5118dee56561accc9a43493e827af69fb3b9f396b9f45977d9e1d25d485	pe	0x8664	IMAGE_FILE_MACHINE_ARM64EC	no
dlls/imm32/tests/arm64ec-windows/imm32_test.exe	2162688	08e419a44868b0d0bee9bc585f0be5335fad7fda23a3a7912f7a15e292d5e379	pe	0x8664	IMAGE_FILE_MACHINE_ARM64EC	no
dlls/inetcomm/arm64ec-windows/inetcomm.dll	1048576	37958959e0bb02aff3dfe35d852ac2f807853fa8888a6db82a70bd116935bb53	pe	0x8664	IMAGE_FILE_MACHINE_ARM64EC	yes
dlls/inetcomm/tests/arm64ec-windows/inetcomm_test.exe	655360	0d7145e98db74cdc0c0c55ef29d4f0ca0af21bf515e44246bb1a5cc69f4e11d6	pe	0x8664	IMAGE_FILE_MACHINE_ARM64EC	no
dlls/inetcpl.cpl/arm64ec-windows/inetcpl.cpl	983040	0e09183e60406c1d863f2c28885d2f207c5aa2320e12a3863e661f89a8b7933c	pe	0x8664	IMAGE_FILE_MACHINE_ARM64EC	yes
dlls/inetmib1/arm64ec-windows/inetmib1.dll	655360	f51aeda8746e8fd5e6de7b19427f8eb6401ae82a791c628f75f7234e0bd5c6d8	pe	0x8664	IMAGE_FILE_MACHINE_ARM64EC	yes
dlls/inetmib1/tests/arm64ec-windows/inetmib1_test.exe	589824	5af963db5d32b0560088f795b4d8ff9ce9a369e3ee587bfc8f96cf5786d4e938	pe	0x8664	IMAGE_FILE_MACHINE_ARM64EC	no
dlls/infosoft/arm64ec-windows/infosoft.dll	720896	09c033e138113c9bad662dd39e85121deddfff7af8acdbcb922dfcc973f874cc	pe	0x8664	IMAGE_FILE_MACHINE_ARM64EC	yes
dlls/infosoft/tests/arm64ec-windows/infosoft_test.exe	589824	afa759e812a9d65191d0448506353d67bfc33c9da7ab00600c183d12121f8505	pe	0x8664	IMAGE_FILE_MACHINE_ARM64EC	no
dlls/initpki/arm64ec-windows/initpki.dll	655360	e59b9edd9647c86b87f3cce1af0596572acd78a46fbd68aa254d42ff12773200	pe	0x8664	IMAGE_FILE_MACHINE_ARM64EC	yes
dlls/inkobj/arm64ec-windows/inkobj.dll	589824	bea2cf63abf913dffda001552e7beeb774b1d8fd5dabdc478ae2ac17c60f3a27	pe	0x8664	IMAGE_FILE_MACHINE_ARM64EC	yes
dlls/inseng/arm64ec-windows/inseng.dll	851968	a3c6d880e17f6ba23e0a20fe8a4e7df14fa44e2a4994149ef23036ea3b18bc96	pe	0x8664	IMAGE_FILE_MACHINE_ARM64EC	yes
dlls/iphlpapi/arm64ec-windows/iphlpapi.dll	917504	a5973d36bbb5b84a9153a844506e8b2735ae97168ebc14f9e0c51e3a6426ae18	pe	0x8664	IMAGE_FILE_MACHINE_ARM64EC	yes
dlls/iphlpapi/tests/arm64ec-windows/iphlpapi_test.exe	720896	4efcb68958ed059fbef72748f63c72fc6b846419e7ea2443762607562f8eb105	pe	0x8664	IMAGE_FILE_MACHINE_ARM64EC	no
dlls/ir50_32/arm64ec-windows/ir50_32.dll	655360	314b0605a7340048449a96e7de4064398fca79c36a286af01a54cce8bcba471a	pe	0x8664	IMAGE_FILE_MACHINE_ARM64EC	yes
dlls/ir50_32/tests/arm64ec-windows/ir50_32_test.exe	655360	2e7c7bfa9e68220e3ab0872048f922d54adf533853b9007adb06a9a3ffb25e7c	pe	0x8664	IMAGE_FILE_MACHINE_ARM64EC	no
dlls/irprops.cpl/arm64ec-windows/irprops.cpl	655360	e3213ddd4d14687fa1e06d95638760960aca4c5e8d322c5b79352f3ba2791761	pe	0x8664	IMAGE_FILE_MACHINE_ARM64EC	yes
dlls/itircl/arm64ec-windows/itircl.dll	655360	b91bbd4bb0f34bc526b62e024bba33522b70fb6e332361d22b163a8bed8a5d6b	pe	0x8664	IMAGE_FILE_MACHINE_ARM64EC	yes
dlls/itss/arm64ec-windows/itss.dll	917504	1331f999eec54e9a1a77e79115ab63cb51257fb859d94225cb817fa63bc0b872	pe	0x8664	IMAGE_FILE_MACHINE_ARM64EC	yes
dlls/itss/tests/arm64ec-windows/itss_test.exe	655360	21b2b872813134465efc665a17703da7c74842958c20c9e321cbdf84bcf944c2	pe	0x8664	IMAGE_FILE_MACHINE_ARM64EC	no
dlls/iyuv_32/arm64ec-windows/iyuv_32.dll	2359296	94109f8cd65ee85bc3cba1fda89e13c8754644fbe387979bd381a7bfed0512cf	pe	0x8664	IMAGE_FILE_MACHINE_ARM64EC	yes
dlls/iyuv_32/tests/arm64ec-windows/iyuv_32_test.exe	720896	91565ceb32006b6ee8d99f9dca6bb9f719cd8556df232c6c91f278aa9614294b	pe	0x8664	IMAGE_FILE_MACHINE_ARM64EC	no
dlls/joy.cpl/arm64ec-windows/joy.cpl	786432	56fca3c4a7f6a806f7b882b58575dc18af8b4a526fdb282f2d9162bb905e296f	pe	0x8664	IMAGE_FILE_MACHINE_ARM64EC	yes
dlls/jscript/arm64ec-windows/jscript.dll	1376256	1d9891e8f1b6035a52ec7a2fadce93acb1bd9474705e41d694708f255aea7632	pe	0x8664	IMAGE_FILE_MACHINE_ARM64EC	yes
dlls/jscript/tests/arm64ec-windows/jscript_test.exe	1507328	4fabb803b33698891161d51cd8d1c743b5425d8cab375388cef57b36387280a0	pe	0x8664	IMAGE_FILE_MACHINE_ARM64EC	no
dlls/jsproxy/arm64ec-windows/jsproxy.dll	851968	3939141fdf1cd121906db1b9ef290bf4a4dad4b22dc3f6e9ecd7607e89ba511b	pe	0x8664	IMAGE_FILE_MACHINE_ARM64EC	yes
dlls/jsproxy/tests/arm64ec-windows/jsproxy_test.exe	589824	542b2e4be1400fd107f576e1b00341006cb7c6b19b973627e0f304fc8d27ed86	pe	0x8664	IMAGE_FILE_MACHINE_ARM64EC	no
dlls/kernel32/arm64ec-windows/kernel32.dll	983040	e2686a1533128754990c924046cf28a2aa5138f268697edfbada505f6087ff1a	pe	0x8664	IMAGE_FILE_MACHINE_ARM64EC	yes
dlls/kernel32/tests/arm64ec-windows/dummy.dll	589824	aea0bc64898ce82831e6c9691ef8981cbb7d04f276f79068eba9954f3520ab46	pe	0x8664	IMAGE_FILE_MACHINE_ARM64EC	no
dlls/kernel32/tests/arm64ec-windows/kernel32_test.exe	5963776	f0e8b2e3700b4973c2c276ce6e1ba93e2dcb2d64c36960ac0c90c16696e4962d	pe	0x8664	IMAGE_FILE_MACHINE_ARM64EC	no
dlls/kernelbase/arm64ec-windows/kernelbase.dll	3604480	7cb716f548e9b3d343841f3cc88f80da41c1b02cd6bdb6ec83c5696b383c91d7	pe	0x8664	IMAGE_FILE_MACHINE_ARM64EC	yes
dlls/kernelbase/tests/arm64ec-windows/kernelbase_test.exe	720896	ffc6a8560f98a8aa5e7e2db2af1ec8e874e2bca17375a8f636fcf8051b2e05ba	pe	0x8664	IMAGE_FILE_MACHINE_ARM64EC	no
dlls/ksecdd.sys/arm64ec-windows/ksecdd.sys	720896	132c8955eef51041f0e032a0300326870909f1d0c8021bccd55c84a122f817cf	pe	0x8664	IMAGE_FILE_MACHINE_ARM64EC	yes
dlls/ksproxy.ax/arm64ec-windows/ksproxy.ax	720896	6620d48c484e9d9280d6a908480bd1cfbaefc6a191dad391e54d21f17fa2e7a6	pe	0x8664	IMAGE_FILE_MACHINE_ARM64EC	yes
dlls/ksuser/arm64ec-windows/ksuser.dll	720896	a684f60541481917422602c2b87b72d2df01e99f3535cb774c37e8a82fb3e6ac	pe	0x8664	IMAGE_FILE_MACHINE_ARM64EC	yes
dlls/ktmw32/arm64ec-windows/ktmw32.dll	655360	da5cf33a199c35cf13dd1a036aaad0b3bb1b00cbd648cb7dfd2a46504fa62841	pe	0x8664	IMAGE_FILE_MACHINE_ARM64EC	yes
dlls/l3codeca.acm/arm64ec-windows/l3codeca.acm	851968	12d71afd9785729b4923e239183570399648674f2644593ed030a52a8738f863	pe	0x8664	IMAGE_FILE_MACHINE_ARM64EC	yes
dlls/l3codecx.ax/arm64ec-windows/l3codecx.ax	851968	2f5827660b648e2603d441f2e4853c7cfbbbb131155419474389a6527d432f25	pe	0x8664	IMAGE_FILE_MACHINE_ARM64EC	yes
dlls/loadperf/arm64ec-windows/loadperf.dll	655360	3d87d024661155b7178f66a8693874fa0cf5e3b397f163f55fbb5f5a2cdc51ea	pe	0x8664	IMAGE_FILE_MACHINE_ARM64EC	yes
dlls/localspl/arm64ec-windows/localspl.dll	786432	6f136d0cdcac0497288874a4ecdc0c818ed6a3c5e24d4f9b9f65c95a69a180ab	pe	0x8664	IMAGE_FILE_MACHINE_ARM64EC	yes
dlls/localspl/tests/arm64ec-windows/localspl_test.exe	589824	fc57e49d88fada7c765d9e387ca90389ede74be5e91fe972a19d51dc9acef71c	pe	0x8664	IMAGE_FILE_MACHINE_ARM64EC	no
dlls/localui/arm64ec-windows/localui.dll	655360	6d9490e7742c4b7bcfa8ccdf12e446bb6c98763782bb2b04b8bc96bf568f982c	pe	0x8664	IMAGE_FILE_MACHINE_ARM64EC	yes
dlls/localui/tests/arm64ec-windows/localui_test.exe	589824	d5af6c73af317503b6602d3c22992bfedf2e5c1b2fe1bdbf4670e5e022a80e44	pe	0x8664	IMAGE_FILE_MACHINE_ARM64EC	no
dlls/lz32/arm64ec-windows/lz32.dll	196608	ce574c67e0d9bc349f9d3593b95afb563dfdd5098830da591d19ab08ceb05d0d	pe-data	0x8664	IMAGE_FILE_MACHINE_AMD64	yes
dlls/lz32/tests/arm64ec-windows/lz32_test.exe	589824	e5adcc34266b5afbabb73fbf37ff8068e731954690e215948cb8007ba43b76f7	pe	0x8664	IMAGE_FILE_MACHINE_ARM64EC	no
dlls/magnification/arm64ec-windows/magnification.dll	655360	c45957400cca8e55024be1198001d393f8dc9967fdd8c7cb5ddebb82896396d2	pe	0x8664	IMAGE_FILE_MACHINE_ARM64EC	yes
dlls/mapi32/arm64ec-windows/mapi32.dll	917504	134624717740dc430b83445ec92eedd716f945ca3a645d04457152a3e4c4ebbe	pe	0x8664	IMAGE_FILE_MACHINE_ARM64EC	yes
dlls/mapi32/tests/arm64ec-windows/mapi32_test.exe	589824	9cc409014f1ecd623c74b61a3d27760426befd068f0dbeba4accb2af58d782ef	pe	0x8664	IMAGE_FILE_MACHINE_ARM64EC	no
dlls/mapistub/arm64ec-windows/mapistub.dll	655360	7de22d0b39094569f8a15820d3f7e3aed72a5e0866e060f088cc4849f18bda4e	pe	0x8664	IMAGE_FILE_MACHINE_ARM64EC	yes
dlls/mciavi32/arm64ec-windows/mciavi32.dll	655360	201c0281f06f34a255169a78105bdceec67e590796111ca266e348b53b40d61c	pe	0x8664	IMAGE_FILE_MACHINE_ARM64EC	yes
dlls/mcicda/arm64ec-windows/mcicda.dll	589824	28ae6ab0aaa172390545d2ab93305eb0924294988a6572771733b9e6ddc74b74	pe	0x8664	IMAGE_FILE_MACHINE_ARM64EC	yes
dlls/mciqtz32/arm64ec-windows/mciqtz32.dll	655360	d06231950d50394e6ac6bbff46a94adf57e80437fe0209641d5b4cbd9c7108f1	pe	0x8664	IMAGE_FILE_MACHINE_ARM64EC	yes
dlls/mciseq/arm64ec-windows/mciseq.dll	589824	fd5d006a24f86cc91309bac6e8eef94f08e0d5f83e3ddc3a6979fae5b705b55d	pe	0x8664	IMAGE_FILE_MACHINE_ARM64EC	yes
dlls/mciwave/arm64ec-windows/mciwave.dll	589824	de28caccbba7c3f9595d3ae594c2546bd003d635564c82dd26376bf5b47ac5ba	pe	0x8664	IMAGE_FILE_MACHINE_ARM64EC	yes
dlls/mf/arm64ec-windows/mf.dll	1310720	4cf72ae1770a9428d7489cee25192eafd99708710167d63dc1c905225c02dbe8	pe	0x8664	IMAGE_FILE_MACHINE_ARM64EC	yes
dlls/mf/tests/arm64ec-windows/mf_test.exe	4128768	ed1c2860fcd0cdc606750dcd278975cf71c20edef3e8116891c7d95174d5d2dc	pe	0x8664	IMAGE_FILE_MACHINE_ARM64EC	no
dlls/mf3216/arm64ec-windows/mf3216.dll	655360	46bdb4ddc7221015e4c74e5529e3a24d7b062e966acb948d63dfecf99b4b42cd	pe	0x8664	IMAGE_FILE_MACHINE_ARM64EC	yes
dlls/mfasfsrcsnk/arm64ec-windows/mfasfsrcsnk.dll	851968	413821f85a45b63762e025aed0ebd04e37d808e98317a14bde5fd1532043ec28	pe	0x8664	IMAGE_FILE_MACHINE_ARM64EC	yes
dlls/mferror/arm64ec-windows/mferror.dll	327680	baa935c555836b30fd43aed99d978e17a71789e2c9bd3e7b093566d5467a00a6	pe-data	0x8664	IMAGE_FILE_MACHINE_AMD64	yes
dlls/mfh264enc/arm64ec-windows/mfh264enc.dll	851968	47b9bb6c65cc541430f697170c218425bbf1fb7ec7a29299e44848e76df2bae8	pe	0x8664	IMAGE_FILE_MACHINE_ARM64EC	yes
dlls/mfmediaengine/arm64ec-windows/mfmediaengine.dll	1048576	0dd614f490655594ec694152acfe08d48f39dfa9cb2b1874710b57852bec4efe	pe	0x8664	IMAGE_FILE_MACHINE_ARM64EC	yes
dlls/mfmediaengine/tests/arm64ec-windows/mfmediaengine_test.exe	983040	6e9b86f4856893f61d89b63f11e70d81b984d9140c2ba741e23226bc609fd6ab	pe	0x8664	IMAGE_FILE_MACHINE_ARM64EC	no
dlls/mfmp4srcsnk/arm64ec-windows/mfmp4srcsnk.dll	851968	0b1572384134a9a3fbef2e8e18873526b72a051a37d464b3fc2dbe3dd151b8a5	pe	0x8664	IMAGE_FILE_MACHINE_ARM64EC	yes
dlls/mfplat/arm64ec-windows/mfplat.dll	1179648	d0c05759d93f477245ca3f6a30c0a04f6d4cdf72903676f92b57242f570932e5	pe	0x8664	IMAGE_FILE_MACHINE_ARM64EC	yes
dlls/mfplat/tests/arm64ec-windows/mfplat_test.exe	1966080	72bf36d5112708b0e0b0bdaec84fabac24081cebd909194826e10b50a37b711a	pe	0x8664	IMAGE_FILE_MACHINE_ARM64EC	no
dlls/mfplay/arm64ec-windows/mfplay.dll	851968	d6182ef5af6fc7518a016741c16a231bfaadd3cca119ab8a334f358ca0596ca1	pe	0x8664	IMAGE_FILE_MACHINE_ARM64EC	yes
dlls/mfplay/tests/arm64ec-windows/mfplay_test.exe	851968	1273a7c8efcf3cc3673a4d2d73ef5dbb3b4d17ac40b192847ebf49928d9046f8	pe	0x8664	IMAGE_FILE_MACHINE_ARM64EC	no
dlls/mfreadwrite/arm64ec-windows/mfreadwrite.dll	851968	94ffbe400602b198e19152ac683ffb5543a3b6a7b07be386458691f0287a14a9	pe	0x8664	IMAGE_FILE_MACHINE_ARM64EC	yes
dlls/mfreadwrite/tests/arm64ec-windows/mfreadwrite_test.exe	851968	87296e5e7ad4b2c6550d8b4bae5eca691ab4d2d7dfe06ccb56450c825454a9df	pe	0x8664	IMAGE_FILE_MACHINE_ARM64EC	no
dlls/mfsrcsnk/arm64ec-windows/mfsrcsnk.dll	851968	f8ff51f49743bb8adc9ec0de94baede28752a0ac933cc427cb51f366f573191d	pe	0x8664	IMAGE_FILE_MACHINE_ARM64EC	yes
dlls/mfsrcsnk/tests/arm64ec-windows/mfsrcsnk_test.exe	917504	2e09b479b28665189a941da005afcc40251b88429aa2e41eddd4518d6fe08e97	pe	0x8664	IMAGE_FILE_MACHINE_ARM64EC	no
dlls/mgmtapi/arm64ec-windows/mgmtapi.dll	655360	4c29d572673aa1bd0cd3a3d8353a2ca1697f85d176133ff213abf893d71fdbb3	pe	0x8664	IMAGE_FILE_MACHINE_ARM64EC	yes
dlls/midimap/arm64ec-windows/midimap.dll	655360	36a6e1d6cad32ec744cab81ea20d5543d670eaaf7b031c38aeb6eff77bf2daf1	pe	0x8664	IMAGE_FILE_MACHINE_ARM64EC	yes
dlls/mlang/arm64ec-windows/mlang.dll	917504	897cce2ce5ed55d1be3782957999245827c28a1a5ca3628e0a83b38b78c8a37c	pe	0x8664	IMAGE_FILE_MACHINE_ARM64EC	yes
dlls/mlang/tests/arm64ec-windows/mlang_test.exe	655360	fc6db9ba6d2f40d75f9a19a3f7ab08950991950fd4cae15dfcf25044e35665dc	pe	0x8664	IMAGE_FILE_MACHINE_ARM64EC	no
dlls/mmcndmgr/arm64ec-windows/mmcndmgr.dll	786432	171f05042cf44f1d66d90acb90dc699df008e047a00d451c4d88526a9dfeacbf	pe	0x8664	IMAGE_FILE_MACHINE_ARM64EC	yes
dlls/mmcndmgr/tests/arm64ec-windows/mmcndmgr_test.exe	589824	33ab57fa83f590c2620cf40a54e88fe7f4f09abe91ba0db4857ce8f3c0958608	pe	0x8664	IMAGE_FILE_MACHINE_ARM64EC	no
dlls/mmdevapi/arm64ec-windows/mmdevapi.dll	851968	f99d1d38a0e4e28a5728741aaf109609d9e9e673353ad275e83ffc1d8dc4e205	pe	0x8664	IMAGE_FILE_MACHINE_ARM64EC	yes
dlls/mmdevapi/tests/arm64ec-windows/mmdevapi_test.exe	917504	db4f461059d7f61100c0fa4770dcc32fe285b4b28a175c6a8765b61eab797429	pe	0x8664	IMAGE_FILE_MACHINE_ARM64EC	no
dlls/mouhid.sys/arm64ec-windows/mouhid.sys	655360	866501d08e87ee66dd71d9d8bd2fc1def1e2107b11ad029bcdf1c5ded9cd2ab3	pe	0x8664	IMAGE_FILE_MACHINE_ARM64EC	yes
dlls/mountmgr.sys/arm64ec-windows/mountmgr.sys	589824	4b0223bcc5a1011c4d25852ffe504c474e4535c527302b93d8335cf1481c09b2	pe	0x8664	IMAGE_FILE_MACHINE_ARM64EC	yes
dlls/mp3dmod/arm64ec-windows/mp3dmod.dll	1179648	ebac3cf5529946bf2b6b6202fd4116b0aa683ebe065ea8f958b0e0cdfac8d75e	pe	0x8664	IMAGE_FILE_MACHINE_ARM64EC	yes
dlls/mp3dmod/tests/arm64ec-windows/mp3dmod_test.exe	786432	f24a103a45b634b5bc24dced0f70a4650c039390ed3da25a3eb3ccd818aa7ba0	pe	0x8664	IMAGE_FILE_MACHINE_ARM64EC	no
dlls/mpr/arm64ec-windows/mpr.dll	720896	f6c38e3de4b7dbba2ead56e7269767084ba6a5275346a70d7b801fbafff6673f	pe	0x8664	IMAGE_FILE_MACHINE_ARM64EC	yes
dlls/mpr/tests/arm64ec-windows/mpr_test.exe	589824	1209bea8a4cb4a213882bd48e885076fc72cf928ad57dd60fed48881247c0b3c	pe	0x8664	IMAGE_FILE_MACHINE_ARM64EC	no
dlls/mprapi/arm64ec-windows/mprapi.dll	655360	446f4ef76093236654d2d6fe2882792bbb1ff618431c82f4b759f42bcc627235	pe	0x8664	IMAGE_FILE_MACHINE_ARM64EC	yes
dlls/msacm32.drv/arm64ec-windows/msacm32.drv	589824	add08c0f5692dabd2e8d3d06f52b219c2c7e258981eb2bf3a5eb1b3120403e94	pe	0x8664	IMAGE_FILE_MACHINE_ARM64EC	yes
dlls/msacm32/arm64ec-windows/msacm32.dll	786432	534fcfefe763d68135889cc307293ed2bb5901c5f3e20585e8db89fce63afd15	pe	0x8664	IMAGE_FILE_MACHINE_ARM64EC	yes
dlls/msacm32/tests/arm64ec-windows/msacm32_test.exe	589824	c5708800c46d8302db4f88bc8a93437936378111b665e5a885499caf88fda31a	pe	0x8664	IMAGE_FILE_MACHINE_ARM64EC	no
dlls/msado15/arm64ec-windows/msado15.dll	786432	8a82175200b591021d81516e1033c1b9a0c24c3bae99cc05ed5075b50817e395	pe	0x8664	IMAGE_FILE_MACHINE_ARM64EC	yes
dlls/msado15/tests/arm64ec-windows/msado15_test.exe	851968	66dce39cf7763c4fd3a8c34e5b8dcd01b86dbf65f82db448720cfb3178e00ebe	pe	0x8664	IMAGE_FILE_MACHINE_ARM64EC	no
dlls/msadp32.acm/arm64ec-windows/msadp32.acm	589824	b6b98a4a8ed18d96e522ffe2e2248adfd25fc6e0e1576617fb8fabb0399c09b1	pe	0x8664	IMAGE_FILE_MACHINE_ARM64EC	yes
dlls/msasn1/arm64ec-windows/msasn1.dll	655360	4e1a50b3a943ac363c70138687e932194bd1f1c6f05b96661ad253afc122c36a	pe	0x8664	IMAGE_FILE_MACHINE_ARM64EC	yes
dlls/msasn1/tests/arm64ec-windows/msasn1_test.exe	589824	56392e7d9da01f23a6f14cb9a6280b94b6c664d3855cfcaf5ae97b2e47169c6a	pe	0x8664	IMAGE_FILE_MACHINE_ARM64EC	no
dlls/msauddecmft/arm64ec-windows/msauddecmft.dll	851968	9622bfb8783d1e3225d151f6163ceca7c73866dcf66ba6fe0c75fd4d0daa1cb6	pe	0x8664	IMAGE_FILE_MACHINE_ARM64EC	yes
dlls/mscat32/arm64ec-windows/mscat32.dll	655360	19bd7a0b24981b307e5d0dcf0732241f337e9a36a78f44fad9c212dceb4f8d02	pe	0x8664	IMAGE_FILE_MACHINE_ARM64EC	yes
dlls/mscms/arm64ec-windows/mscms.dll	1048576	2690fa97d9756633218a8d7f457c369c7977a9a18f65e1a5f128619872248eec	pe	0x8664	IMAGE_FILE_MACHINE_ARM64EC	yes
dlls/mscms/tests/arm64ec-windows/mscms_test.exe	589824	36b3a765b80a7ebe2bdc5987adca2e0414a81dcddc088e17051bb236895e36f2	pe	0x8664	IMAGE_FILE_MACHINE_ARM64EC	no
dlls/mscoree/arm64ec-windows/mscoree.dll	983040	41b15daca674f7fa8dd64c293efed3dbffd08a1407cca7682b4dc415cdfe7bb1	pe	0x8664	IMAGE_FILE_MACHINE_ARM64EC	yes
dlls/mscoree/tests/arm64ec-windows/mscoree_test.exe	917504	50b5581cda53f202d55e538be173036965ad20646bbd9a42f3dae4e099cad8c9	pe	0x8664	IMAGE_FILE_MACHINE_ARM64EC	no
dlls/mscorwks/arm64ec-windows/mscorwks.dll	655360	e5f222c456e8b85245006e79e2e047379e89f4637d2a67d294ac4937aaa04fcf	pe	0x8664	IMAGE_FILE_MACHINE_ARM64EC	yes
dlls/msctf/arm64ec-windows/msctf.dll	983040	308ea44d65100b2f303d706b7be4ad4d0d6e8352e7ae6769f42b0de24ddd55d2	pe	0x8664	IMAGE_FILE_MACHINE_ARM64EC	yes
dlls/msctf/tests/arm64ec-windows/msctf_test.exe	786432	2e017e3ef4a0bbe1e51b0b78bc55d478b5038d611ef24ad2cae71bfd6de62319	pe	0x8664	IMAGE_FILE_MACHINE_ARM64EC	no
dlls/msctfmonitor/arm64ec-windows/msctfmonitor.dll	655360	943205aa5588e93f8585d851e22d23a379e018b538acc768941d283a5e74c12e	pe	0x8664	IMAGE_FILE_MACHINE_ARM64EC	yes
dlls/msctfp/arm64ec-windows/msctfp.dll	655360	935e88aaf5493b265e14749f12855d247c0eb67f51e59a0f9b1acf2a952a1d0d	pe	0x8664	IMAGE_FILE_MACHINE_ARM64EC	yes
dlls/msdaps/arm64ec-windows/msdaps.dll	851968	f26d053b5784652bb8ab38cb91f5b83a611c40022a32a0d8193973ad4eb0a5bb	pe	0x8664	IMAGE_FILE_MACHINE_ARM64EC	yes
dlls/msdasql/arm64ec-windows/msdasql.dll	851968	23427123a903864550825c04ebd324ae4635ea7c24a85ad2857fbdfd0df18df0	pe	0x8664	IMAGE_FILE_MACHINE_ARM64EC	yes
dlls/msdasql/tests/arm64ec-windows/msdasql_test.exe	786432	f1a157ee48cd1661340ab9836475e9447279129110a057e1e54b762d1bcd94cf	pe	0x8664	IMAGE_FILE_MACHINE_ARM64EC	no
dlls/msdelta/arm64ec-windows/msdelta.dll	655360	0e2203999490fca43d632cf73474cd5d36fa1dd2749c935af0a4247dea642a73	pe	0x8664	IMAGE_FILE_MACHINE_ARM64EC	yes
dlls/msdmo/arm64ec-windows/msdmo.dll	851968	f9fd1b0dcf32dc59b1c4b849b8174e540ccc4ff48bcc37f41c8a5fe4a8fc4ed8	pe	0x8664	IMAGE_FILE_MACHINE_ARM64EC	yes
dlls/msdmo/tests/arm64ec-windows/msdmo_test.exe	786432	7fe25a75d0d0751cabf1693e96f6b440d5b42a9786c015cc567c838360882458	pe	0x8664	IMAGE_FILE_MACHINE_ARM64EC	no
dlls/msdrm/arm64ec-windows/msdrm.dll	655360	2929323de6863e61688058526b3f19a257421c6aa23dd09514034178fc739437	pe	0x8664	IMAGE_FILE_MACHINE_ARM64EC	yes
dlls/msftedit/arm64ec-windows/msftedit.dll	786432	2aba5feeeda552a4563d678463ebc840f8c9973341e56d2ad96e557d35fdbfb6	pe	0x8664	IMAGE_FILE_MACHINE_ARM64EC	yes
dlls/msftedit/tests/arm64ec-windows/msftedit_test.exe	589824	bc375e6ac5a6c2761a210b701a44ccf8bfd6297c2a7e5ecfb56f415593d59eb2	pe	0x8664	IMAGE_FILE_MACHINE_ARM64EC	no
dlls/msg711.acm/arm64ec-windows/msg711.acm	589824	b90196840cd0db610dc59b496af11e7fdd73f21fb08449773452ea643a55be60	pe	0x8664	IMAGE_FILE_MACHINE_ARM64EC	yes
dlls/msgsm32.acm/arm64ec-windows/msgsm32.acm	589824	f14f47e4db84eedd9146a4a9c7887f52381034f1cba9e5b4db6764f178cbf7a6	pe	0x8664	IMAGE_FILE_MACHINE_ARM64EC	yes
dlls/mshtml.tlb/arm64ec-windows/mshtml.tlb	1310720	ae9edeccd9081523efdf28e9c637d6d1a6ebd78cca01f9edd747977e95e3af96	pe-data	0x8664	IMAGE_FILE_MACHINE_AMD64	yes
dlls/mshtml/arm64ec-windows/mshtml.dll	3473408	e3e0e7b9816e1fa324129fb0b03c01b471f1878b5ef74d9636e46cdab76c0427	pe	0x8664	IMAGE_FILE_MACHINE_ARM64EC	yes
dlls/mshtml/tests/arm64ec-windows/mshtml_test.exe	3538944	f55d602ac3a3af8191a02bba9345c726f3438b95b7d17090f6e82528ab444335	pe	0x8664	IMAGE_FILE_MACHINE_ARM64EC	no
dlls/msi/arm64ec-windows/msi.dll	2162688	eb015878592bfd2d75cfa6206b4cea3f0d5929c3b0ccd809e6737d7efa67f465	pe	0x8664	IMAGE_FILE_MACHINE_ARM64EC	yes
dlls/msi/tests/arm64ec-windows/custom.dll	786432	5014099ec058ee8591053a315c88a3a83427acda44a6047d7b37ab69452c7db1	pe	0x8664	IMAGE_FILE_MACHINE_ARM64EC	no
dlls/msi/tests/arm64ec-windows/msi_test.exe	5963776	e8363b8d3324fbbc04be38594d6d8ff0209f13e45d8b19bcec30198ed95fb5f8	pe	0x8664	IMAGE_FILE_MACHINE_ARM64EC	no
dlls/msi/tests/arm64ec-windows/selfreg.dll	589824	0d6446aaa8bfe7a9040671dcce664bc6941d9b49b4b95c2b5d30bf8f2b12901f	pe	0x8664	IMAGE_FILE_MACHINE_ARM64EC	no
dlls/msident/arm64ec-windows/msident.dll	655360	cf75dd8993f922a9cd37e9186532a08483ce89abe06e2f7f52fe2a994ffa17fe	pe	0x8664	IMAGE_FILE_MACHINE_ARM64EC	yes
dlls/msimg32/arm64ec-windows/msimg32.dll	589824	b3849ef131bba1e8c3c56a95b0d01bb55f0ebbe30bcdc23ecf99370e6c490a0e	pe	0x8664	IMAGE_FILE_MACHINE_ARM64EC	yes
dlls/msimsg/arm64ec-windows/msimsg.dll	131072	00d991c758b4009ee631c9b44607fc66c84e40860fd206234456c04e56ddd32b	pe-data	0x8664	IMAGE_FILE_MACHINE_AMD64	yes
dlls/msimtf/arm64ec-windows/msimtf.dll	917504	b60cc6eaeaaead0423eaca42ef789153fd54479858ede965f1dd172987a9a01b	pe	0x8664	IMAGE_FILE_MACHINE_ARM64EC	yes
dlls/msisip/arm64ec-windows/msisip.dll	655360	fe899d78e66395ab880b49e70959a1aacf2b796ddc9de4368367ece92a77636a	pe	0x8664	IMAGE_FILE_MACHINE_ARM64EC	yes
dlls/msisys.ocx/arm64ec-windows/msisys.ocx	589824	e7382751115c4e5c43181fee0f359d8deb3c4f4d38f60fb89737b80d6d6b5aa2	pe	0x8664	IMAGE_FILE_MACHINE_ARM64EC	yes
dlls/msls31/arm64ec-windows/msls31.dll	655360	a6e69a6333f03c7962e302dc5b8ec9b993983d9a0958f3c2d50e21b6bfe1001e	pe	0x8664	IMAGE_FILE_MACHINE_ARM64EC	yes
dlls/msmpeg2vdec/arm64ec-windows/msmpeg2vdec.dll	917504	c1d4e9608f638ac4719b3414f0c0d6ab7af7d60f736fe3cde188a856c18276d2	pe	0x8664	IMAGE_FILE_MACHINE_ARM64EC	yes
dlls/msnet32/arm64ec-windows/msnet32.dll	655360	e0d92e3f7afc5efa8eb893bcd1beb7ed7290547462520859412796ac4c2e4125	pe	0x8664	IMAGE_FILE_MACHINE_ARM64EC	yes
dlls/mspatcha/arm64ec-windows/mspatcha.dll	655360	f120a283ad6fbb24dce69736ce24f544249022c534db609ba3333bc16ac9e8d8	pe	0x8664	IMAGE_FILE_MACHINE_ARM64EC	yes
dlls/mspatcha/tests/arm64ec-windows/mspatcha_test.exe	655360	a98cb0d8efb182e9d12fa30dcf35ae65fc25a1f2fe96068ba5d184a2477da055	pe	0x8664	IMAGE_FILE_MACHINE_ARM64EC	no
dlls/msports/arm64ec-windows/msports.dll	655360	4c5823d5f014b09d306f35bdea23572da81329f452dd1ee5dc96ce853df4f247	pe	0x8664	IMAGE_FILE_MACHINE_ARM64EC	yes
dlls/msrle32/arm64ec-windows/msrle32.dll	655360	e31bf32b058aa7cb2f44185467a6bcba962a39fb741cc822be35245b9920578d	pe	0x8664	IMAGE_FILE_MACHINE_ARM64EC	yes
dlls/msrle32/tests/arm64ec-windows/msrle32_test.exe	589824	c7b84cca9630bfdcfded9e728246ef884071464dcaadbdd4dde7e70cc2215871	pe	0x8664	IMAGE_FILE_MACHINE_ARM64EC	no
dlls/mssign32/arm64ec-windows/mssign32.dll	655360	f334f4a4f3d342ec770f19352b781b59fe8554735eff6704aaa431c4f95e2001	pe	0x8664	IMAGE_FILE_MACHINE_ARM64EC	yes
dlls/mssip32/arm64ec-windows/mssip32.dll	655360	526a8eed2c80907a3109e89bf802aaf100e6941676adabc700ee03b4675a94f9	pe	0x8664	IMAGE_FILE_MACHINE_ARM64EC	yes
dlls/mstask/arm64ec-windows/mstask.dll	720896	af41677d5e7fa3385f5c756be790bffcd03cdbbdb09f2f268e3f1cc5a2c58394	pe	0x8664	IMAGE_FILE_MACHINE_ARM64EC	yes
dlls/mstask/tests/arm64ec-windows/mstask_test.exe	655360	2b1df32ab2e11e6adcbeb004f882da162c787897ca8e3b5343e0eda8693eaaa9	pe	0x8664	IMAGE_FILE_MACHINE_ARM64EC	no
dlls/msttsengine/arm64ec-windows/msttsengine.dll	655360	dea4dd8606971e124e59452d34e36d7ec40a1d0183ff2dc9fef3c9c0b3e5a0a2	pe	0x8664	IMAGE_FILE_MACHINE_ARM64EC	yes
dlls/msv1_0/arm64ec-windows/msv1_0.dll	655360	b9bf0a36f386aad13a1ceea4ed1d4b8d6933e5bb22de7f4a52da719240531b5e	pe	0x8664	IMAGE_FILE_MACHINE_ARM64EC	yes
dlls/msvcirt/arm64ec-windows/msvcirt.dll	720896	f40d930144bf3fa251ebef5d644388eaf85ca1cf148dd44e4bdcee345263aa0f	pe	0x8664	IMAGE_FILE_MACHINE_ARM64EC	yes
dlls/msvcirt/tests/arm64ec-windows/msvcirt_test.exe	1376256	54b78d83b7ac94a386c12306adfa47aeb3db22e9edfa654b0eb19c641d36132c	pe	0x8664	IMAGE_FILE_MACHINE_ARM64EC	no
dlls/msvcm80/arm64ec-windows/msvcm80.dll	655360	62fab330dfbd89869873507cfa1f6f6d792079bf15c6915b0db06b615599706b	pe	0x8664	IMAGE_FILE_MACHINE_ARM64EC	yes
dlls/msvcm90/arm64ec-windows/msvcm90.dll	655360	6f1e9665548d82b8ae68a6e106a97e0697b3698de472659d29e0c531c20a71ae	pe	0x8664	IMAGE_FILE_MACHINE_ARM64EC	yes
dlls/msvcp100/arm64ec-windows/msvcp100.dll	1572864	2cfed912c5b4b14a5d5b23966d4da0f3b0a6196132c5b50b066cb97af4105e64	pe	0x8664	IMAGE_FILE_MACHINE_ARM64EC	yes
dlls/msvcp100/tests/arm64ec-windows/msvcp100_test.exe	589824	c3bd18642bd9cc2ca20e3c9daa4a6346b9f9c671d653df6e8d36c78560e2d2f9	pe	0x8664	IMAGE_FILE_MACHINE_ARM64EC	no
dlls/msvcp110/arm64ec-windows/msvcp110.dll	1638400	4b6aad30c7caa957f1fbb3af4ce495159ee43a6642957ff82128f68342ab3544	pe	0x8664	IMAGE_FILE_MACHINE_ARM64EC	yes
dlls/msvcp110/tests/arm64ec-windows/msvcp110_test.exe	589824	25ef7346bdf5bd237d5f35bc434e6e64ab7f5192fffac0fe9fbe18b7a6e34b69	pe	0x8664	IMAGE_FILE_MACHINE_ARM64EC	no
dlls/msvcp120/arm64ec-windows/msvcp120.dll	1638400	57e5bf6fc55ff67cc1badbccf8d121173f80c9b70dbc6ddbae0844368b26e864	pe	0x8664	IMAGE_FILE_MACHINE_ARM64EC	yes
dlls/msvcp120/tests/arm64ec-windows/msvcp120_test.exe	720896	6f5e886bf2673b5d00f6e07719d87ec8ced73d764a0c2a19d007161528b60f6d	pe	0x8664	IMAGE_FILE_MACHINE_ARM64EC	no
dlls/msvcp120_app/arm64ec-windows/msvcp120_app.dll	851968	0cf9a6fc242ad476c49591ad17996817b5ba7acbb6f282e3b25bad91a108c87c	pe	0x8664	IMAGE_FILE_MACHINE_ARM64EC	yes
dlls/msvcp140/arm64ec-windows/msvcp140.dll	1703936	c1b01ee291db8db99ef259ded414bb8ad75713ebf8e6b892213c130ebe3c05d2	pe	0x8664	IMAGE_FILE_MACHINE_ARM64EC	yes
dlls/msvcp140/tests/arm64ec-windows/msvcp140_test.exe	1769472	1847219d17701b75a071e4059b687c24fc60aa0240bd5de3203222c9c98765ff	pe	0x8664	IMAGE_FILE_MACHINE_ARM64EC	no
dlls/msvcp140/tests/arm64ec-windows/threaddll.dll	589824	2ef82298e4d61155202e8facd5f16baeb3004e0b241401fbe69e8653e27d6661	pe	0x8664	IMAGE_FILE_MACHINE_ARM64EC	no
dlls/msvcp140_1/arm64ec-windows/msvcp140_1.dll	589824	6a1c7f969eae6a17fd569da981bea92fa2385a8b065d58dc4490b0a1713e8e11	pe	0x8664	IMAGE_FILE_MACHINE_ARM64EC	yes
dlls/msvcp140_1/tests/arm64ec-windows/msvcp140_1_test.exe	589824	0b064719f07885ad995d4d3280fc9385c1e13698f0d699072e9061d38931f9a6	pe	0x8664	IMAGE_FILE_MACHINE_ARM64EC	no
dlls/msvcp140_2/arm64ec-windows/msvcp140_2.dll	720896	def97d2f24421f504712613b4e5a1131df579404a4d415146c1e16b9e17b4130	pe	0x8664	IMAGE_FILE_MACHINE_ARM64EC	yes
dlls/msvcp140_2/tests/arm64ec-windows/msvcp140_2_test.exe	589824	a5afb743caa25015d98c98922df1151f47ef2df30024d68685fcd323e4e60d9b	pe	0x8664	IMAGE_FILE_MACHINE_ARM64EC	no
dlls/msvcp140_atomic_wait/arm64ec-windows/msvcp140_atomic_wait.dll	655360	67bbb56579927918bffa4a5872d44475243a46de98c83ae718fcccab40781934	pe	0x8664	IMAGE_FILE_MACHINE_ARM64EC	yes
dlls/msvcp140_atomic_wait/tests/arm64ec-windows/msvcp140_atomic_wait_test.exe	589824	8733f01de603f1448dffc2b1e5ced4b253d2042a0c21dfa300307d831235ec3a	pe	0x8664	IMAGE_FILE_MACHINE_ARM64EC	no
dlls/msvcp140_codecvt_ids/arm64ec-windows/msvcp140_codecvt_ids.dll	589824	49c792495f029d9de575d51ec48d9dab8cc44e1cd0d3580744a89029bfcd31d7	pe	0x8664	IMAGE_FILE_MACHINE_ARM64EC	yes
dlls/msvcp60/arm64ec-windows/msvcp60.dll	1572864	2c233fea23924be86c045f486507ab680c81b5243caf13bbf9382fd727619c54	pe	0x8664	IMAGE_FILE_MACHINE_ARM64EC	yes
dlls/msvcp60/tests/arm64ec-windows/msvcp60_test.exe	655360	b728c1fa9f5d0ea09dadcadec9f315060ac03118ede3e6103ae2fcab5fc7bb97	pe	0x8664	IMAGE_FILE_MACHINE_ARM64EC	no
dlls/msvcp80/arm64ec-windows/msvcp80.dll	1769472	3c97ead80a35f29e2f59fbdccf10ad967f9ef4abc56dd6d0a1165f6a2faf9306	pe	0x8664	IMAGE_FILE_MACHINE_ARM64EC	yes
dlls/msvcp90/arm64ec-windows/msvcp90.dll	1769472	5e89224d5338da96b8849132d6d96c334e3331baf65dfc135e52c92e8779c7ec	pe	0x8664	IMAGE_FILE_MACHINE_ARM64EC	yes
dlls/msvcp90/tests/arm64ec-windows/msvcp90_test.exe	786432	ab38c57bd8d78c72421b0c9f4b71a902cf508cdf05855cbed2c246507d8a3ba9	pe	0x8664	IMAGE_FILE_MACHINE_ARM64EC	no
dlls/msvcp_win/arm64ec-windows/msvcp_win.dll	851968	46dc187e8d1c9a9b101524de05ac6f65c729612345c3d4cc3a25d90cc46af872	pe	0x8664	IMAGE_FILE_MACHINE_ARM64EC	yes
dlls/msvcr100/arm64ec-windows/msvcr100.dll	1507328	6fde816eddbb46c10bd36e298cc5c65bba3ebba6d9a95f8b7ea9ade0828611bf	pe	0x8664	IMAGE_FILE_MACHINE_ARM64EC	yes
dlls/msvcr100/tests/arm64ec-windows/msvcr100_test.exe	589824	af85a252bac077cb4b4fb4dcd92817c94ce6d95e831801dcf77d5d5640b9ce74	pe	0x8664	IMAGE_FILE_MACHINE_ARM64EC	no
dlls/msvcr110/arm64ec-windows/msvcr110.dll	1441792	841f6814e4acd2805754b941e6cd1dca04aa7ec8ea55c2dadbac1432694cc305	pe	0x8664	IMAGE_FILE_MACHINE_ARM64EC	yes
dlls/msvcr110/tests/arm64ec-windows/msvcr110_test.exe	589824	fc98ee4dd360d77f5fb8cdcdac3a51af79e6ba14d4b5b555bbc9adc2c594f76f	pe	0x8664	IMAGE_FILE_MACHINE_ARM64EC	no
dlls/msvcr120/arm64ec-windows/msvcr120.dll	1572864	21d1757b90dd05ac3312255b93848a0c432338666cf46a518f2000b8dd37fcc3	pe	0x8664	IMAGE_FILE_MACHINE_ARM64EC	yes
dlls/msvcr120/tests/arm64ec-windows/msvcr120_test.exe	655360	059da588489c0afe283d7a64dc7ae291a683c763922ee595e63b89c2c4bfd5a6	pe	0x8664	IMAGE_FILE_MACHINE_ARM64EC	no
dlls/msvcr120_app/arm64ec-windows/msvcr120_app.dll	720896	9df542e063ed743bdb6135e54e2e2e71d3c8563041f0479fd31939be8bcc63ac	pe	0x8664	IMAGE_FILE_MACHINE_ARM64EC	yes
dlls/msvcr80/arm64ec-windows/msvcr80.dll	1376256	7087efd6ae5f654f2d0612c268da78d89ff11e520305f45dedd552e96a7385bb	pe	0x8664	IMAGE_FILE_MACHINE_ARM64EC	yes
dlls/msvcr80/tests/arm64ec-windows/msvcr80_test.exe	655360	3c31c1703f30f5f819707fef2da926fb6f29954c7b26b2d6930cafda4ffb6d43	pe	0x8664	IMAGE_FILE_MACHINE_ARM64EC	no
dlls/msvcr90/arm64ec-windows/msvcr90.dll	1376256	a1014bc2717fdfd7d1666bef20fda8af8d0675a89bd567ee6942b04f5457d660	pe	0x8664	IMAGE_FILE_MACHINE_ARM64EC	yes
dlls/msvcr90/tests/arm64ec-windows/msvcr90_test.exe	720896	6ce9d6bed79031e1726bf94ccc6d22f7a5e07d9b746a2add4b18f81837443d93	pe	0x8664	IMAGE_FILE_MACHINE_ARM64EC	no
dlls/msvcrt/arm64ec-windows/msvcrt.dll	1310720	10391aa057b0fcb44cf2e331454c2bdb8fde4f18d32c0103512c3120bdfc424a	pe	0x8664	IMAGE_FILE_MACHINE_ARM64EC	yes
dlls/msvcrt/tests/arm64ec-windows/msvcrt_test.exe	1703936	cef38cd79b0e0e76546f6a4e8291713a76af11ca6354ed3bca835a49632166a0	pe	0x8664	IMAGE_FILE_MACHINE_ARM64EC	no
dlls/msvdsp/arm64ec-windows/msvdsp.dll	720896	8a509a3b9344db4e0f0b5adae752e3c5415905b2a88575289ec48f9f2fd8374e	pe	0x8664	IMAGE_FILE_MACHINE_ARM64EC	yes
dlls/msvfw32/arm64ec-windows/msvfw32.dll	720896	500c991a000b8bd875f4a8a070325053eb8f996f38571fa7a6becc0eb5a00e16	pe	0x8664	IMAGE_FILE_MACHINE_ARM64EC	yes
dlls/msvfw32/tests/arm64ec-windows/msvfw32_test.exe	720896	b13a83ca9b3b88657e264d6968b171d0a2a9db4c6e5fd6fce1494882639f50e6	pe	0x8664	IMAGE_FILE_MACHINE_ARM64EC	no
dlls/msvidc32/arm64ec-windows/msvidc32.dll	655360	c78017bdb14fd68d87f98459ae0fcec42690d48f485d23feb63508c8d2778dee	pe	0x8664	IMAGE_FILE_MACHINE_ARM64EC	yes
dlls/msvproc/arm64ec-windows/msvproc.dll	2359296	c562aa8de8b283e5ca1e0d39777c63a1b2e7ff92719f9a32726cd04d2eec06a9	pe	0x8664	IMAGE_FILE_MACHINE_ARM64EC	yes
dlls/mswsock/arm64ec-windows/mswsock.dll	720896	10c68ea7dc8acdf4c7d6c48307254640bd6e209687bc0ee8e54809eac7d784f9	pe	0x8664	IMAGE_FILE_MACHINE_ARM64EC	yes
dlls/msxml/arm64ec-windows/msxml.dll	655360	2836be3fd178569685fdc802aad3059d86ef28539ba618183584af45e8a0e5dc	pe	0x8664	IMAGE_FILE_MACHINE_ARM64EC	yes
dlls/msxml2/arm64ec-windows/msxml2.dll	655360	3b7f7af4a1fd5aa36cbea132342b62800101205c68429a2a9a90cf96490e4b22	pe	0x8664	IMAGE_FILE_MACHINE_ARM64EC	yes
dlls/msxml3/arm64ec-windows/msxml3.dll	3735552	263f0fc0eeefdcaaefdde88ad08025b7852786e0eea38641ae180c4f202dd0d9	pe	0x8664	IMAGE_FILE_MACHINE_ARM64EC	yes
dlls/msxml3/tests/arm64ec-windows/msxml3_test.exe	2424832	677d1d23094c50ca8e65f613273e72a3fbdcc2260472a5c5a25a1c5c576995c3	pe	0x8664	IMAGE_FILE_MACHINE_ARM64EC	no
dlls/msxml4/arm64ec-windows/msxml4.dll	720896	110adaa119aedca5a76520d47fe244b0f78e004e573c2cabe5d521502dd59920	pe	0x8664	IMAGE_FILE_MACHINE_ARM64EC	yes
dlls/msxml4/tests/arm64ec-windows/msxml4_test.exe	851968	0c03879df98e2cecd16bf3e378846b7d6b3db36f57c1357ac1053f122810c4d6	pe	0x8664	IMAGE_FILE_MACHINE_ARM64EC	no
dlls/msxml6/arm64ec-windows/msxml6.dll	720896	a30d097d6c74e0bc688fec90dafbe2ffef52186722c7c791a4095f32821a9334	pe	0x8664	IMAGE_FILE_MACHINE_ARM64EC	yes
dlls/msxml6/tests/arm64ec-windows/msxml6_test.exe	983040	fe11c04f0f1dbe2e3ccacc24b307edb09412b4637b8fc1e02ee1ca99344e3883	pe	0x8664	IMAGE_FILE_MACHINE_ARM64EC	no
dlls/mtxdm/arm64ec-windows/mtxdm.dll	655360	2f371bcca59d02b2ad225be22766d2cd55433317fa492c1291d152b8e68ea169	pe	0x8664	IMAGE_FILE_MACHINE_ARM64EC	yes
dlls/ncrypt/arm64ec-windows/ncrypt.dll	655360	6f4dddc285de2149257f85a36f834a6ae3a003f072bf2343d8a09f54c91b1576	pe	0x8664	IMAGE_FILE_MACHINE_ARM64EC	yes
dlls/ncrypt/tests/arm64ec-windows/ncrypt_test.exe	589824	77007b3701d0b84bb5e1437dc881f3ca7d79d36dc2b7bb3bebc910274357e262	pe	0x8664	IMAGE_FILE_MACHINE_ARM64EC	no
dlls/nddeapi/arm64ec-windows/nddeapi.dll	655360	f11df58243d3f74fa722c36bf87e3533ffeac493a9b18234d5c1d8f0d0d46d24	pe	0x8664	IMAGE_FILE_MACHINE_ARM64EC	yes
dlls/ndfapi/arm64ec-windows/ndfapi.dll	655360	3ac8b685fd6f4b8f0eca957414d8293123af2b92d96feba0e53bd711cd9682f8	pe	0x8664	IMAGE_FILE_MACHINE_ARM64EC	yes
dlls/ndis.sys/arm64ec-windows/ndis.sys	655360	daec9770da8dc0a0641ad6f7d21a8b90bc978e05f345991ff6d96ac38288d5c6	pe	0x8664	IMAGE_FILE_MACHINE_ARM64EC	yes
dlls/ndis.sys/tests/arm64ec-windows/ndis.sys_test.exe	589824	3726ae387446bfe76cb9deeb6502a53da3d838be9ce432db80ca59c397c04a34	pe	0x8664	IMAGE_FILE_MACHINE_ARM64EC	no
dlls/netapi32/arm64ec-windows/netapi32.dll	655360	d881f11781b354a88b8a19bddfa106adc898cf1b2e43285f33794a74ba0681fa	pe	0x8664	IMAGE_FILE_MACHINE_ARM64EC	yes
dlls/netapi32/tests/arm64ec-windows/netapi32_test.exe	589824	45597c9c152ef52cfa6e80898001df7382fa753ed0d7d689997c6792b2ffdbcc	pe	0x8664	IMAGE_FILE_MACHINE_ARM64EC	no
dlls/netcfgx/arm64ec-windows/netcfgx.dll	851968	0bc9948e613818adee16b1193ad15b200366d1db22cf639cf05bf7da379f3581	pe	0x8664	IMAGE_FILE_MACHINE_ARM64EC	yes
dlls/netcfgx/tests/arm64ec-windows/netcfgx_test.exe	786432	56adf975aa4a3a2cb28690814c405ee24aecf5a010856ab3a703cad85e791129	pe	0x8664	IMAGE_FILE_MACHINE_ARM64EC	no
dlls/netio.sys/arm64ec-windows/netio.sys	655360	37c5f2f6fa2f55ea5e49fec3124a5eb3f0d0fa410de3edb817917cd1841eee78	pe	0x8664	IMAGE_FILE_MACHINE_ARM64EC	yes
dlls/netprofm/arm64ec-windows/netprofm.dll	655360	f35cc17bf4420ee941b4ba7539b97f00dd19fb604b615e66b8f6f8ce1c2d0db8	pe	0x8664	IMAGE_FILE_MACHINE_ARM64EC	yes
dlls/netprofm/tests/arm64ec-windows/netprofm_test.exe	589824	997da74ac46f58caf568f18727e97559ae3e7bcabb1527911fef623a661f67ac	pe	0x8664	IMAGE_FILE_MACHINE_ARM64EC	no
dlls/netutils/arm64ec-windows/netutils.dll	655360	f8f303467f3eb482f1e8baa0e94e428894f3c8fb2a9f729e9d0da4b54bf07624	pe	0x8664	IMAGE_FILE_MACHINE_ARM64EC	yes
dlls/newdev/arm64ec-windows/newdev.dll	655360	df276d389a4b40419d9a332a1841ca522330bea4aef530b41e5fe2adcc9b9f74	pe	0x8664	IMAGE_FILE_MACHINE_ARM64EC	yes
dlls/ninput/arm64ec-windows/ninput.dll	655360	f56c1b2112fc8246c70b24bbed2f17f4c604e8d767b402986bd97327af0c4883	pe	0x8664	IMAGE_FILE_MACHINE_ARM64EC	yes
dlls/ninput/tests/arm64ec-windows/ninput_test.exe	589824	10119796926a7e2b0d3a49c27458509b8ccb45f4cef2b9f0854aa8bc30a82ddb	pe	0x8664	IMAGE_FILE_MACHINE_ARM64EC	no
dlls/normaliz/arm64ec-windows/normaliz.dll	131072	8ba48d221044b9149b36670ad9e209aa123be89474cad947adec5ea30c6997a3	pe-data	0x8664	IMAGE_FILE_MACHINE_AMD64	yes
dlls/npmshtml/arm64ec-windows/npmshtml.dll	655360	638696dfcce8381330fac84a85ad7fda8e0a1e4ced643489c4a44fe6674b5de3	pe	0x8664	IMAGE_FILE_MACHINE_ARM64EC	yes
dlls/npptools/arm64ec-windows/npptools.dll	655360	3354e2c9b3f94c2ff93e4612d507219c1b8e74f64af86e92c5c68ae7f6799ff6	pe	0x8664	IMAGE_FILE_MACHINE_ARM64EC	yes
dlls/nsi/arm64ec-windows/nsi.dll	655360	4207df8cd2922f4bef0efaaf7a9c16d5438ca2361a355b26f5508656d12263d6	pe	0x8664	IMAGE_FILE_MACHINE_ARM64EC	yes
dlls/nsi/tests/arm64ec-windows/nsi_test.exe	851968	970d4aa4a662db97d8d8f74c74b6ddc8e6918c75cbb34f31aedf36f3e216faca	pe	0x8664	IMAGE_FILE_MACHINE_ARM64EC	no
dlls/nsiproxy.sys/arm64ec-windows/nsiproxy.sys	589824	98b056f17865ae8982d18e411597dda00997473ab670e87c968b104c60e7a2d8	pe	0x8664	IMAGE_FILE_MACHINE_ARM64EC	yes
dlls/ntdll/arm64ec-windows/ntdll.dll	1572864	d1616287c5048a57f1e4be2f7b70dc4f279682d9b108c6a215ba3b9251427d8b	pe	0x8664	IMAGE_FILE_MACHINE_ARM64EC	yes
dlls/ntdll/tests/arm64ec-windows/ntdll_test.exe	4980736	d39991b30ddbea4e20f6ce3ecd009b5c8ba3d07e716dde3f91b954c3258072c5	pe	0x8664	IMAGE_FILE_MACHINE_ARM64EC	no
dlls/ntdll/tests/arm64ec-windows/testdll.dll	589824	8966fa4d9ebdd2376be76b75ed4860670697577d49825b11cbaa6bbeee516dfc	pe	0x8664	IMAGE_FILE_MACHINE_ARM64EC	no
dlls/ntdsapi/arm64ec-windows/ntdsapi.dll	655360	61ebeeaf20082459531510a16cec12285c098cc22e26e0d36a4ceef161132085	pe	0x8664	IMAGE_FILE_MACHINE_ARM64EC	yes
dlls/ntdsapi/tests/arm64ec-windows/ntdsapi_test.exe	589824	2c4c6ac55276adf287cc06197f933c23ae246b1dcd369f1ffb96da8c83ec7ba3	pe	0x8664	IMAGE_FILE_MACHINE_ARM64EC	no
dlls/ntoskrnl.exe/arm64ec-windows/ntoskrnl.exe	1114112	02e0adfcfc2d82a6877fa86ea1ec05b09922d0119670cf82bcfea4797f27d617	pe	0x8664	IMAGE_FILE_MACHINE_ARM64EC	yes
dlls/ntoskrnl.exe/tests/arm64ec-windows/driver.dll	917504	9223c09326943135d7717a4c6328096f72d92bcfe2bc159661bdfd31d0723022	pe	0x8664	IMAGE_FILE_MACHINE_ARM64EC	no
dlls/ntoskrnl.exe/tests/arm64ec-windows/driver2.dll	589824	786addf59a9028d3cd473bc7ab7c609a77932872f315170524ea08bf84fc8236	pe	0x8664	IMAGE_FILE_MACHINE_ARM64EC	no
dlls/ntoskrnl.exe/tests/arm64ec-windows/driver3.dll	589824	d5f4f7b50daeabd7cb7f7c8fa7de6d28b07a6ed610af4cc32d79900fe87a1631	pe	0x8664	IMAGE_FILE_MACHINE_ARM64EC	no
dlls/ntoskrnl.exe/tests/arm64ec-windows/driver_netio.dll	589824	ed4fe34933b79cf2e7e7ddea33b45b477319f3968fcf868fe0965e9ba1f1587a	pe	0x8664	IMAGE_FILE_MACHINE_ARM64EC	no
dlls/ntoskrnl.exe/tests/arm64ec-windows/driver_pnp.dll	655360	b350a4039299b97056ab83dab1df2964a0ca2a1a1b3f38819e9bab38ff77ed8a	pe	0x8664	IMAGE_FILE_MACHINE_ARM64EC	no
dlls/ntoskrnl.exe/tests/arm64ec-windows/driver_pnp2.dll	589824	3c8c2e062861ab2e5d205857fcb5b301687e82274487343dd130dadf6be5014c	pe	0x8664	IMAGE_FILE_MACHINE_ARM64EC	no
dlls/ntoskrnl.exe/tests/arm64ec-windows/ntoskrnl.exe_test.exe	8192000	3e04c14810b91851606c23b3d66991a6d0efb651d1c5529c65acb193e6f2aa83	pe	0x8664	IMAGE_FILE_MACHINE_ARM64EC	no
dlls/ntprint/arm64ec-windows/ntprint.dll	720896	73b4d2c340a21e821822c7b7ae1ff793ae452134eaa922179414272a13b6bdab	pe	0x8664	IMAGE_FILE_MACHINE_ARM64EC	yes
dlls/ntprint/tests/arm64ec-windows/ntprint_test.exe	589824	5dffedeaf9f22c9f2e72c99267e16fdc6299f52c6b2c409c49f5ac90b54ca856	pe	0x8664	IMAGE_FILE_MACHINE_ARM64EC	no
dlls/objsel/arm64ec-windows/objsel.dll	720896	c5da165d6475329a1c131e2136886b2ed73439130dc794bf52a3c96b9cf7d6af	pe	0x8664	IMAGE_FILE_MACHINE_ARM64EC	yes
dlls/odbc32/arm64ec-windows/odbc32.dll	786432	d3c6d50306fe5beb54f69b4842883b8cbf4b7d1bc3db6438d9a7f2c54d2435df	pe	0x8664	IMAGE_FILE_MACHINE_ARM64EC	yes
dlls/odbc32/tests/arm64ec-windows/driver.dll	589824	478bf06bd083bfb56928cd8f3861e0112c217c4256943542c70b9e3744086e69	pe	0x8664	IMAGE_FILE_MACHINE_ARM64EC	no
dlls/odbc32/tests/arm64ec-windows/odbc32_test.exe	1703936	aff9f40ab061f6705a14ef3e76e61e633c5e8dfa3a3d425f10dd633a75e5aa01	pe	0x8664	IMAGE_FILE_MACHINE_ARM64EC	no
dlls/odbcbcp/arm64ec-windows/odbcbcp.dll	655360	504793329e3237f3c37d4d07490f522ffdc3dcc1f0f413a46c7c6f7209fe72f0	pe	0x8664	IMAGE_FILE_MACHINE_ARM64EC	yes
dlls/odbccp32/arm64ec-windows/odbccp32.dll	655360	60335d231aaae1a3d0ba311c270deb04e7805683a5b0605caef18ff27452fa02	pe	0x8664	IMAGE_FILE_MACHINE_ARM64EC	yes
dlls/odbccp32/tests/arm64ec-windows/odbccp32_test.exe	720896	0e76377ff1e85aa8141bde15d4b8dfc1adf42959abe209c608f8ffee060d000c	pe	0x8664	IMAGE_FILE_MACHINE_ARM64EC	no
dlls/odbccu32/arm64ec-windows/odbccu32.dll	720896	b7eb9499c269e3885a0af448c065e7f97c74ab381a537649b6b5b29bed87782a	pe	0x8664	IMAGE_FILE_MACHINE_ARM64EC	yes
dlls/ole32/arm64ec-windows/ole32.dll	1638400	ba28bc412a2072b90ff03e9efd238192f0ab2afe599570a6eb1e2a13ad2c8cb0	pe	0x8664	IMAGE_FILE_MACHINE_ARM64EC	yes
dlls/ole32/tests/arm64ec-windows/ole32_test.exe	3080192	3cbf9f81d66f69c485b09e5ecb0c6c74a462734f8cfc9c3e42521b5edfc6801d	pe	0x8664	IMAGE_FILE_MACHINE_ARM64EC	no
dlls/ole32/tests/arm64ec-windows/testlib.dll	589824	8c1e39e4f30780e89180ae18b3482ea44c6be165f0a8398240fd2a8259d3fe2a	pe	0x8664	IMAGE_FILE_MACHINE_ARM64EC	no
dlls/oleacc/arm64ec-windows/oleacc.dll	786432	6f2f8ab7fe54e9eea0e18d66a17df03d811bf78290d6da4923c73d2c80b09b34	pe	0x8664	IMAGE_FILE_MACHINE_ARM64EC	yes
dlls/oleacc/tests/arm64ec-windows/oleacc_test.exe	655360	3705ae758b47b1bc8f6d25a32390b02103e0cd8847a8ed6ff538b4f7d7d60b0f	pe	0x8664	IMAGE_FILE_MACHINE_ARM64EC	no
dlls/oleaut32/arm64ec-windows/oleaut32.dll	1507328	b6322c406627463c14ba753e4c6cb5aad3c74e046a583b46fe57d5363baef47e	pe	0x8664	IMAGE_FILE_MACHINE_ARM64EC	yes
dlls/oleaut32/tests/arm64ec-windows/oleaut32_test.exe	5308416	3d3604ee3d94a743926b5bdef916a4fb9d40ec9358a7edb6375254dca55fbe7d	pe	0x8664	IMAGE_FILE_MACHINE_ARM64EC	no
dlls/oledb32/arm64ec-windows/oledb32.dll	983040	a62aac2d87038693b8cff6b0ee2ee703122bed527823e2b3dddcf6bdb011d1c6	pe	0x8664	IMAGE_FILE_MACHINE_ARM64EC	yes
dlls/oledb32/tests/arm64ec-windows/oledb32_test.exe	1114112	c55d2cd403c40a4ea150cb8f785a4cd410395292e0fbd67056fae211429cf9b3	pe	0x8664	IMAGE_FILE_MACHINE_ARM64EC	no
dlls/oledlg/arm64ec-windows/oledlg.dll	786432	505574332cc69dea4d1223e4a494690c77fd5ecdc2a78860be327f4dcdd8267a	pe	0x8664	IMAGE_FILE_MACHINE_ARM64EC	yes
dlls/oledlg/tests/arm64ec-windows/oledlg_test.exe	589824	ac2a3678ed016282cd00bf2c88f79e9c60da61e2420258d04a0b5d0a1abbbad6	pe	0x8664	IMAGE_FILE_MACHINE_ARM64EC	no
dlls/olesvr32/arm64ec-windows/olesvr32.dll	655360	636f93ee465e46b6edf66e0b25293840258468437d0e439d3fbc601a877a6ee4	pe	0x8664	IMAGE_FILE_MACHINE_ARM64EC	yes
dlls/opcservices/arm64ec-windows/opcservices.dll	720896	450339da566b0624bef6b0abde8dfa59324aef4aa264469efeaedbbf4543b68a	pe	0x8664	IMAGE_FILE_MACHINE_ARM64EC	yes
dlls/opcservices/tests/arm64ec-windows/opcservices_test.exe	655360	58d5adc9e6cc0f4e074d4a0cdf772eaaac5202eba5ef571b56068d6d91f97f71	pe	0x8664	IMAGE_FILE_MACHINE_ARM64EC	no
dlls/opencl/arm64ec-windows/opencl.dll	589824	29e7e3759ec15bd83e504ee1d666dc85baa148ddd3debd0d088a227fec2e77a8	pe	0x8664	IMAGE_FILE_MACHINE_ARM64EC	yes
dlls/opengl32/arm64ec-windows/opengl32.dll	2490368	7a197638d13798d171c41f4edce4cff92dc5a961b03b3b5c5e2bef41c6476ebb	pe	0x8664	IMAGE_FILE_MACHINE_ARM64EC	yes
dlls/opengl32/tests/arm64ec-windows/opengl32_test.exe	1179648	51014588bb57b90cc829d45507195676115b25936e1d582a02b57f798125f0c0	pe	0x8664	IMAGE_FILE_MACHINE_ARM64EC	no
dlls/packager/arm64ec-windows/packager.dll	655360	ae7a6a7e5f55e3aa4b718eb49a546a2147f618cd028c64496e02f8b6e0d45849	pe	0x8664	IMAGE_FILE_MACHINE_ARM64EC	yes
dlls/packager/tests/arm64ec-windows/packager_test.exe	589824	c62426765ba6a29a3dd49df47d2fc27d097fb6a081e6d3007671725a72466f0e	pe	0x8664	IMAGE_FILE_MACHINE_ARM64EC	no
dlls/pdh/arm64ec-windows/pdh.dll	655360	5bc8b358e5ff558f448b199fe5835875cbae4dcabc64fd76ab05d1cce55cdb5d	pe	0x8664	IMAGE_FILE_MACHINE_ARM64EC	yes
dlls/pdh/tests/arm64ec-windows/pdh_test.exe	655360	2bd096bea86f1b893b14281f988f05e9e5b287374c54c8b8d023a90ba8e7e3ce	pe	0x8664	IMAGE_FILE_MACHINE_ARM64EC	no
dlls/photometadatahandler/arm64ec-windows/photometadatahandler.dll	720896	5f04d20a13b25c2698560bf7fd92553ef58145e715daff4d2a789c938ae5f477	pe	0x8664	IMAGE_FILE_MACHINE_ARM64EC	yes
dlls/pidgen/arm64ec-windows/pidgen.dll	720896	91e1cf390f16c4695259e8ad21fbf39d542492f1cc1c708e5dc3af02efd62630	pe	0x8664	IMAGE_FILE_MACHINE_ARM64EC	yes
dlls/powrprof/arm64ec-windows/powrprof.dll	589824	508007a683be58e819d4dc0aff93836edf7fdf540a6d803dd3a59acaa504ca66	pe	0x8664	IMAGE_FILE_MACHINE_ARM64EC	yes
dlls/printui/arm64ec-windows/printui.dll	720896	a674e4b495098faad22de5268398d5ced6ec83a174882c948d77412f0d20baea	pe	0x8664	IMAGE_FILE_MACHINE_ARM64EC	yes
dlls/prntvpt/arm64ec-windows/prntvpt.dll	720896	b156bc63a68432decb5feea347d9d63afb18f7d5ec659036d46db1daed09f5b5	pe	0x8664	IMAGE_FILE_MACHINE_ARM64EC	yes
dlls/prntvpt/tests/arm64ec-windows/prntvpt_test.exe	589824	0ca1b13178050401f2e2a29c18fc64a883df413ccfd2bee965fae136ec01a893	pe	0x8664	IMAGE_FILE_MACHINE_ARM64EC	no
dlls/profapi/arm64ec-windows/profapi.dll	655360	48c5e7637e2469522c6d70ee620dd72ef9a0f5d3dc71ca00574def02cd6bd937	pe	0x8664	IMAGE_FILE_MACHINE_ARM64EC	yes
dlls/propsys/arm64ec-windows/propsys.dll	917504	f493f97e2d875426c94da005e657ed64ad3a7c953c3f039528797a84cc48b2f7	pe	0x8664	IMAGE_FILE_MACHINE_ARM64EC	yes
dlls/propsys/tests/arm64ec-windows/propsys_test.exe	786432	c592f2e61a74a3ec5acd2069c21e5b63b11991fee50604b78ed463f4facc5cc0	pe	0x8664	IMAGE_FILE_MACHINE_ARM64EC	no
dlls/psapi/arm64ec-windows/psapi.dll	655360	17196a832094e9e765eb2239757f5237559346d7ccff6c25ea073078332fc85d	pe	0x8664	IMAGE_FILE_MACHINE_ARM64EC	yes
dlls/psapi/tests/arm64ec-windows/psapi_test.exe	655360	032f478db7f4ac1e671f4f8699405fab29ad1644b7058a8cf946a051d98a9635	pe	0x8664	IMAGE_FILE_MACHINE_ARM64EC	no
dlls/pstorec/arm64ec-windows/pstorec.dll	720896	0ba1b5f06640d2eee134a23f284227ad6aac8786e9a6c44880e5f8ef1432e558	pe	0x8664	IMAGE_FILE_MACHINE_ARM64EC	yes
dlls/pstorec/tests/arm64ec-windows/pstorec_test.exe	589824	67132b38a94fec8811f016f39e4acb53dc940ba90779a1cda339cbd82f3ffc54	pe	0x8664	IMAGE_FILE_MACHINE_ARM64EC	no
dlls/pwrshplugin/arm64ec-windows/pwrshplugin.dll	720896	fba74d22e8c12c693edb14f0b3eb49d6a77496167e83110db9ecaec9bcd53d24	pe	0x8664	IMAGE_FILE_MACHINE_ARM64EC	yes
dlls/qasf/arm64ec-windows/qasf.dll	983040	9cf91a63815b658162ffdded5b2fdc16c865117f50d1445b3701225572181f25	pe	0x8664	IMAGE_FILE_MACHINE_ARM64EC	yes
dlls/qasf/tests/arm64ec-windows/qasf_test.exe	1114112	b9949d4f9d8543e5f976ac6884313e7800372368cfecbe8def54f8e13f284db0	pe	0x8664	IMAGE_FILE_MACHINE_ARM64EC	no
dlls/qcap/arm64ec-windows/qcap.dll	983040	e2c9d9648484f4598b81fc92b6e02eea821772e42958de5283ddd627c4e39798	pe	0x8664	IMAGE_FILE_MACHINE_ARM64EC	yes
dlls/qcap/tests/arm64ec-windows/qcap_test.exe	1245184	274310c691076fa7785de4da5e612dfa8e0f38d3eaf32b71b4f90f47a8139f0d	pe	0x8664	IMAGE_FILE_MACHINE_ARM64EC	no
dlls/qdvd/arm64ec-windows/qdvd.dll	851968	6cd9091edbb29d12ff479e0dc9595e262b5a9bcd6180ba2607756dfc0cdcfdd0	pe	0x8664	IMAGE_FILE_MACHINE_ARM64EC	yes
dlls/qdvd/tests/arm64ec-windows/qdvd_test.exe	786432	887cf7518b697aeacbfdeba2bd4c3c73e9ab69ef850ca9ab347f27e97c683cf9	pe	0x8664	IMAGE_FILE_MACHINE_ARM64EC	no
dlls/qedit/arm64ec-windows/qedit.dll	983040	0a287ccebc15ad2d53fd9cc58138dece6e848f57081681d4d7a53e94f1d71d2f	pe	0x8664	IMAGE_FILE_MACHINE_ARM64EC	yes
dlls/qedit/tests/arm64ec-windows/qedit_test.exe	1114112	476f20f22b93af4c67b45a4f80d05d0f6511096a2536876959134f277b413c18	pe	0x8664	IMAGE_FILE_MACHINE_ARM64EC	no
dlls/qmgr/arm64ec-windows/qmgr.dll	851968	0f564c44107a6d6ff7878498cb3d40a862482e1c77a1f763e45dfc56690ed0b9	pe	0x8664	IMAGE_FILE_MACHINE_ARM64EC	yes
dlls/qmgr/tests/arm64ec-windows/qmgr_test.exe	851968	2f4339733f8d192993ecdd26b9339f736406e2612ce6a041f91e6fdbc2e3ff31	pe	0x8664	IMAGE_FILE_MACHINE_ARM64EC	no
dlls/qmgrprxy/arm64ec-windows/qmgrprxy.dll	655360	c27d2e959c3f27c1e513d2e27d6d26b318b9693f838edaede2d08ca2289025fe	pe	0x8664	IMAGE_FILE_MACHINE_ARM64EC	yes
dlls/quartz/arm64ec-windows/quartz.dll	1507328	173d75d7639ee3e90e75e6ac6fc4023af4a02ea918548ddef1859ab69443104e	pe	0x8664	IMAGE_FILE_MACHINE_ARM64EC	yes
dlls/quartz/tests/arm64ec-windows/quartz_test.exe	3014656	ec7cefee5bcb5ced0b0ab51c6f8a2c0959fbec3621f27a9d0605be77ac5a5be4	pe	0x8664	IMAGE_FILE_MACHINE_ARM64EC	no
dlls/query/arm64ec-windows/query.dll	655360	683acb6a119abd991d38f428840479dd2cb176e5101945863a7388b6b106d2d7	pe	0x8664	IMAGE_FILE_MACHINE_ARM64EC	yes
dlls/qwave/arm64ec-windows/qwave.dll	655360	ccba7770422aa9670b9ca7c175ded287e1da059be5ed21014138386f2d0acd2d	pe	0x8664	IMAGE_FILE_MACHINE_ARM64EC	yes
dlls/qwave/tests/arm64ec-windows/qwave_test.exe	589824	7934d45bce04c353d59c2875f3d1ee6c8338e6758b4a81c576b14c9916819bf0	pe	0x8664	IMAGE_FILE_MACHINE_ARM64EC	no
dlls/rasapi32/arm64ec-windows/rasapi32.dll	655360	2b6440565a0911a0df6b8be8ef36dd19bd3635ca4c21dd4366a9cffb8d7d8b5b	pe	0x8664	IMAGE_FILE_MACHINE_ARM64EC	yes
dlls/rasapi32/tests/arm64ec-windows/rasapi32_test.exe	589824	73c7bf5f920d7e25f8e16e3eecf533c2f3654b878c8ac3ac28ab933c57e7c336	pe	0x8664	IMAGE_FILE_MACHINE_ARM64EC	no
dlls/rasdlg/arm64ec-windows/rasdlg.dll	655360	3cb979157e831b805a4d01c5fb3a80c82d4659ac0821777e521db76b5c70febd	pe	0x8664	IMAGE_FILE_MACHINE_ARM64EC	yes
dlls/regapi/arm64ec-windows/regapi.dll	655360	abeddee954d4e7ee37c1e1a0d5148c290af0f67638da84f558852713a5c30d24	pe	0x8664	IMAGE_FILE_MACHINE_ARM64EC	yes
dlls/resampledmo/arm64ec-windows/resampledmo.dll	1245184	10d58b07c32b0165590118a9573f2077636512282689748baf2236e5c21b86aa	pe	0x8664	IMAGE_FILE_MACHINE_ARM64EC	yes
dlls/resutils/arm64ec-windows/resutils.dll	655360	ea2c35cfede38ccc01fe842d37835c02e7f8e4b704227cc61d00c454f18167fe	pe	0x8664	IMAGE_FILE_MACHINE_ARM64EC	yes
dlls/riched20/arm64ec-windows/riched20.dll	1179648	8f34b4e6e07f13c6b78470865671959ec2b1b09a00ce8f7717386dc2489d7be4	pe	0x8664	IMAGE_FILE_MACHINE_ARM64EC	yes
dlls/riched20/tests/arm64ec-windows/riched20_test.exe	1310720	6ec472f88ac9f97c5d02441dd13de482d1a0834acfdee12b2fe91fe58d3a90ff	pe	0x8664	IMAGE_FILE_MACHINE_ARM64EC	no
dlls/riched32/arm64ec-windows/riched32.dll	655360	5d83a5059a45c438d9975a354413a37ee46849a1c7bf2a88b361dacb0213cf81	pe	0x8664	IMAGE_FILE_MACHINE_ARM64EC	yes
dlls/riched32/tests/arm64ec-windows/riched32_test.exe	589824	77ca63df401c139590eece96c4f1a49d6c79158b7933c452de77bd80660b22cf	pe	0x8664	IMAGE_FILE_MACHINE_ARM64EC	no
dlls/rometadata/arm64ec-windows/rometadata.dll	589824	f0354b97eece7fe19d21c95bc96ea464273ff89698d559e9ff00b4d163e0a8b6	pe	0x8664	IMAGE_FILE_MACHINE_ARM64EC	yes
dlls/rometadata/tests/arm64ec-windows/rometadata_test.exe	720896	f03d1c8489cbb7a8e6f6d8f687fa026817e1f8f9462764041c2dcdcafd4fb26e	pe	0x8664	IMAGE_FILE_MACHINE_ARM64EC	no
dlls/rpcrt4/arm64ec-windows/rpcrt4.dll	1441792	b335c1d0d6c3bed1caf0d29ec09ec43b82850e7eeda4134ee64b135165b571d9	pe	0x8664	IMAGE_FILE_MACHINE_ARM64EC	yes
dlls/rpcrt4/tests/arm64ec-windows/rpcrt4_test.exe	1245184	1021ce9de8df8aacdb8ecca0da9e156611cc759e365aa09b70dca38dffa55075	pe	0x8664	IMAGE_FILE_MACHINE_ARM64EC	no
dlls/rsabase/arm64ec-windows/rsabase.dll	655360	25a3450dc21a08e8a29e4e6ca2d1c0b7e3707be52cf09985f554587445d2ecd0	pe	0x8664	IMAGE_FILE_MACHINE_ARM64EC	yes
dlls/rsaenh/arm64ec-windows/rsaenh.dll	917504	35be1047e24a0f1e7da8f9da79785dd1f92e1e80d788c915447d8b6788b4c051	pe	0x8664	IMAGE_FILE_MACHINE_ARM64EC	yes
dlls/rsaenh/tests/arm64ec-windows/rsaenh_test.exe	720896	12fdd109428bb0353611b94873c7e09c41b052af2f734562cb8b200874ba2328	pe	0x8664	IMAGE_FILE_MACHINE_ARM64EC	no
dlls/rstrtmgr/arm64ec-windows/rstrtmgr.dll	655360	ad4e75cb3ac16a55fa8fef1079d364a0c472291288309ab3c5612c8bb2b56a22	pe	0x8664	IMAGE_FILE_MACHINE_ARM64EC	yes
dlls/rtscom/arm64ec-windows/rtscom.dll	655360	8a8223cc80e68cf872104e8f32b91c87b64d2683219f6fc2c8671b35baa92e1a	pe	0x8664	IMAGE_FILE_MACHINE_ARM64EC	yes
dlls/rtutils/arm64ec-windows/rtutils.dll	655360	8649d5269011ad573a4bffd748417d03da553a3b00c779dbca3fc2c8e682512e	pe	0x8664	IMAGE_FILE_MACHINE_ARM64EC	yes
dlls/rtworkq/arm64ec-windows/rtworkq.dll	655360	9646a9a363b230d649536e14674159c8aa311c56d959e836b6535e95e7992554	pe	0x8664	IMAGE_FILE_MACHINE_ARM64EC	yes
dlls/rtworkq/tests/arm64ec-windows/rtworkq_test.exe	589824	86dcfab12c3c19a8819f0b4da87d14aa334a97302f727d02b59a9783a144f27b	pe	0x8664	IMAGE_FILE_MACHINE_ARM64EC	no
dlls/samlib/arm64ec-windows/samlib.dll	655360	3c5e3d903e847f8fe53dff969cd24111511cd9a99fc7dc97db1d8afb6b4f3692	pe	0x8664	IMAGE_FILE_MACHINE_ARM64EC	yes
dlls/sapi/arm64ec-windows/sapi.dll	1114112	7e16bede6f8569dd6e35f0eb654c5f87839716d5010fa006d742cdc6bc81476b	pe	0x8664	IMAGE_FILE_MACHINE_ARM64EC	yes
dlls/sapi/tests/arm64ec-windows/sapi_test.exe	720896	8538c59ebbe4839fb0bc135966d1527f99282ade4b243fadd37dc2d2343a3f22	pe	0x8664	IMAGE_FILE_MACHINE_ARM64EC	no
dlls/sas/arm64ec-windows/sas.dll	655360	66e2690df3a95593a4345f5a5dc8a7b8ef6b64c06efe428c996f5aa1e7b4f20a	pe	0x8664	IMAGE_FILE_MACHINE_ARM64EC	yes
dlls/scarddlg/arm64ec-windows/scarddlg.dll	655360	637985f87e8378ba3adc3e4ebfc75428ce14057b2dffcf03bdc7c9ff6919b3c5	pe	0x8664	IMAGE_FILE_MACHINE_ARM64EC	yes
dlls/scardsvr/arm64ec-windows/scardsvr.dll	655360	4c20b11db1bc5e6b08ada59b6203050edda0a7c5b79b599a6b6d7b5a72731afd	pe	0x8664	IMAGE_FILE_MACHINE_ARM64EC	yes
dlls/sccbase/arm64ec-windows/sccbase.dll	655360	2c2c68c277b909a57d959dc449699aa3845b583933c1310fb452f95a5affcb58	pe	0x8664	IMAGE_FILE_MACHINE_ARM64EC	yes
dlls/schannel/arm64ec-windows/schannel.dll	720896	b2b66d42d978a1b820c2f3f79d3752defb47efcc7e85692aabcee4b4a0a264cf	pe	0x8664	IMAGE_FILE_MACHINE_ARM64EC	yes
dlls/schannel/tests/arm64ec-windows/schannel_test.exe	589824	fc1954c9918402b6806d5ea426e65577fe8a81cf0cd2b968e7b4ed912f9d5383	pe	0x8664	IMAGE_FILE_MACHINE_ARM64EC	no
dlls/schedsvc/arm64ec-windows/schedsvc.dll	589824	7afab117dd6e05280f68478a96dfa3dc5d34785397956b97341730a9619b630c	pe	0x8664	IMAGE_FILE_MACHINE_ARM64EC	yes
dlls/schedsvc/tests/arm64ec-windows/schedsvc_test.exe	589824	fc0b876df9603d1ecfc43dafb5e3da5c9d2357ef3b9a2b174d99c40bd29e7500	pe	0x8664	IMAGE_FILE_MACHINE_ARM64EC	no
dlls/scrobj/arm64ec-windows/scrobj.dll	851968	89db322e3fc5b13c87b1425b32d1b43588368866eca31e7daa48a53249800e30	pe	0x8664	IMAGE_FILE_MACHINE_ARM64EC	yes
dlls/scrobj/tests/arm64ec-windows/scrobj_test.exe	851968	0c5801928fc7bc156f20397c7dc6707f2cb13febcb5e60f5f52df8a2dc0edf51	pe	0x8664	IMAGE_FILE_MACHINE_ARM64EC	no
dlls/scrrun/arm64ec-windows/scrrun.dll	983040	56e9d99d5a1f817edc740ab7d85c9e1fc94cdf3fa4e65923f82f663c2bb6c4a0	pe	0x8664	IMAGE_FILE_MACHINE_ARM64EC	yes
dlls/scrrun/tests/arm64ec-windows/scrrun_test.exe	983040	cda70ee5c6461bb318ce8af12fee8d8b7ec7a821909f1046df3b14881358ade2	pe	0x8664	IMAGE_FILE_MACHINE_ARM64EC	no
dlls/scsiport.sys/arm64ec-windows/scsiport.sys	655360	c30b16057838c2cc19c982bcf31b1b62866cc35bd407f82ae10beea4fe8a5e73	pe	0x8664	IMAGE_FILE_MACHINE_ARM64EC	yes
dlls/sechost/arm64ec-windows/sechost.dll	655360	0b982509f49d64cca22c4a1b4c69fcaaed9b10c349ee076c0cb8e0de4c64f39a	pe	0x8664	IMAGE_FILE_MACHINE_ARM64EC	yes
dlls/secur32/arm64ec-windows/secur32.dll	720896	8b5548a634fb406164e2705fe7058399717b795b474725ca2518cd68fd85d36e	pe	0x8664	IMAGE_FILE_MACHINE_ARM64EC	yes
dlls/secur32/tests/arm64ec-windows/secur32_test.exe	720896	73b4eb02ade946fc7ec1a381172a9d63eb48f6db9dbbf6352cd9114c80338f17	pe	0x8664	IMAGE_FILE_MACHINE_ARM64EC	no
dlls/security/arm64ec-windows/security.dll	131072	7ad251f762da651eb4ac0888df8d0d72c110ba18373e72edf0472c4d777098c2	pe-data	0x8664	IMAGE_FILE_MACHINE_AMD64	yes
dlls/sensapi/arm64ec-windows/sensapi.dll	589824	2532b234e7f390243c4562c1d87c5abfda1273862a13529d498108faed3869dc	pe	0x8664	IMAGE_FILE_MACHINE_ARM64EC	yes
dlls/serialui/arm64ec-windows/serialui.dll	655360	ac8358924ac79624cae35ecf430da3283da9994565e0b014b3427f82a6f21d4f	pe	0x8664	IMAGE_FILE_MACHINE_ARM64EC	yes
dlls/serialui/tests/arm64ec-windows/serialui_test.exe	589824	ad5073b499b4a89f9e81dbdda95a44cac7e46dc1ecdae622a5b8e0dd944a6d1e	pe	0x8664	IMAGE_FILE_MACHINE_ARM64EC	no
dlls/setupapi/arm64ec-windows/setupapi.dll	1245184	f11b4216eaee98e3c995be37ce23515087747acae37350a320f2cbc7445ca45c	pe	0x8664	IMAGE_FILE_MACHINE_ARM64EC	yes
dlls/setupapi/tests/arm64ec-windows/coinst.dll	589824	174a7a8ef8f3a51e219a9cbbe6e1ab47990c5dc2e8168eb578a80cea6f9f83a1	pe	0x8664	IMAGE_FILE_MACHINE_ARM64EC	no
dlls/setupapi/tests/arm64ec-windows/selfreg.dll	655360	e560e471a3ecedaeb47db8f9041970011f1c890e5feed7b87686b525d33f6e8e	pe	0x8664	IMAGE_FILE_MACHINE_ARM64EC	no
dlls/setupapi/tests/arm64ec-windows/setupapi_test.exe	3604480	6ee9b4cf3edb64ae6263a01bb2323f744570507cb26c280ffbe4de9359759cf9	pe	0x8664	IMAGE_FILE_MACHINE_ARM64EC	no
dlls/sfc/arm64ec-windows/sfc.dll	131072	87ffda2c7026781e1cfd38850a15e620345f5ea201ff1f82af3c53dc90d1339c	pe-data	0x8664	IMAGE_FILE_MACHINE_AMD64	yes
dlls/sfc_os/arm64ec-windows/sfc_os.dll	655360	8f9e5ad20932d422b5b48f8e8549eaf737f677c88d852aed21424a0778855dc4	pe	0x8664	IMAGE_FILE_MACHINE_ARM64EC	yes
dlls/shcore/arm64ec-windows/shcore.dll	655360	c0575aba35230dcec35eef7ff0f38c7d8d4e9dc91df2f026ffb2f7872b9635f5	pe	0x8664	IMAGE_FILE_MACHINE_ARM64EC	yes
dlls/shcore/tests/arm64ec-windows/shcore_test.exe	589824	7849f5d47f9ce6684180ae48135a89fa3bf335456eb597b5d53f63e755958eb1	pe	0x8664	IMAGE_FILE_MACHINE_ARM64EC	no
dlls/shdoclc/arm64ec-windows/shdoclc.dll	327680	9002edcd9c55b4cce919a392ed83b13faf49928b7de2b36ff06d5fe771e7ac7e	pe-data	0x8664	IMAGE_FILE_MACHINE_AMD64	yes
dlls/shdocvw/arm64ec-windows/shdocvw.dll	917504	9ff211ae48d85e8eec4daab48ee6075516248e4cd63e770d37326823ae962302	pe	0x8664	IMAGE_FILE_MACHINE_ARM64EC	yes
dlls/shdocvw/tests/arm64ec-windows/shdocvw_test.exe	589824	afc052e7b02063dabbc01f52f62eb6bad228692b250374446ba47eb3fba3529b	pe	0x8664	IMAGE_FILE_MACHINE_ARM64EC	no
dlls/shell32/arm64ec-windows/shell32.dll	10682368	e346d2f77d833a383c8409bd76f4863c9438ab88fa5365fe0907ed034674636e	pe	0x8664	IMAGE_FILE_MACHINE_ARM64EC	yes
dlls/shell32/tests/arm64ec-windows/shell32_test.exe	1900544	266c876f4c58e9b3ffa88ff31c8f961e5564be1f7529f16c79516b28038aa722	pe	0x8664	IMAGE_FILE_MACHINE_ARM64EC	no
dlls/shfolder/arm64ec-windows/shfolder.dll	655360	9a794ec4308d181b38f71afcb315ca52f628e855edad0aa98208832c2912d7c3	pe	0x8664	IMAGE_FILE_MACHINE_ARM64EC	yes
dlls/shlwapi/arm64ec-windows/shlwapi.dll	983040	ea6a5809c086be31d1b013dd2e64a60fedd9c0b0ef8e9059ef505d2de0559913	pe	0x8664	IMAGE_FILE_MACHINE_ARM64EC	yes
dlls/shlwapi/tests/arm64ec-windows/shlwapi_test.exe	1376256	50a3b77b8ab0d0c4cfa81f2ff57aa9ffca96ad8044cf62b901eaa858f21e4fc5	pe	0x8664	IMAGE_FILE_MACHINE_ARM64EC	no
dlls/slbcsp/arm64ec-windows/slbcsp.dll	655360	b574784d842e00fef34decc06af791bad661af4d56bbdcc95dadbeb404bc47e0	pe	0x8664	IMAGE_FILE_MACHINE_ARM64EC	yes
dlls/slc/arm64ec-windows/slc.dll	655360	e8d947c3fe094774354b865bcb0f64cb6310876c4c9ae83cc87eb9ec5ae5ae02	pe	0x8664	IMAGE_FILE_MACHINE_ARM64EC	yes
dlls/slc/tests/arm64ec-windows/slc_test.exe	589824	0350f1a25976b7adf5a272800aa1f8e1db5b2eeacfa2df711a244baf5b6a79a2	pe	0x8664	IMAGE_FILE_MACHINE_ARM64EC	no
dlls/snmpapi/arm64ec-windows/snmpapi.dll	655360	517097c6f3580203524d05d86d7caeda9ee6115332716a6c6983484fb032d598	pe	0x8664	IMAGE_FILE_MACHINE_ARM64EC	yes
dlls/snmpapi/tests/arm64ec-windows/snmpapi_test.exe	589824	357a68b950574293f6ae5ed7c11daa49c46143dbc2cd7dbd1265d4ca075ea6d6	pe	0x8664	IMAGE_FILE_MACHINE_ARM64EC	no
dlls/softpub/arm64ec-windows/softpub.dll	655360	ab689883123105ac86255395e057314ed952aa865e98dc3d7fe888cbe75f7696	pe	0x8664	IMAGE_FILE_MACHINE_ARM64EC	yes
dlls/spoolss/arm64ec-windows/spoolss.dll	655360	dc100157c047d43fcba9dc3913122e3f04d88c5ef00c498d8c0e011bc949b63f	pe	0x8664	IMAGE_FILE_MACHINE_ARM64EC	yes
dlls/spoolss/tests/arm64ec-windows/spoolss_test.exe	589824	b3f3d880a4d052e0a7b425ae1d69e80468aabffafc1f7977febb0d6db8458ece	pe	0x8664	IMAGE_FILE_MACHINE_ARM64EC	no
dlls/sppc/arm64ec-windows/sppc.dll	655360	ce6bb31a942c30880806d37366565130e9a4a797b7733dbf2de2ade7befa04c2	pe	0x8664	IMAGE_FILE_MACHINE_ARM64EC	yes
dlls/srclient/arm64ec-windows/srclient.dll	655360	ee402e865e584d711e88cdf3d48a6a1b20c8f029a1795c827d5d957acc96671e	pe	0x8664	IMAGE_FILE_MACHINE_ARM64EC	yes
dlls/srvcli/arm64ec-windows/srvcli.dll	655360	98d314555e2ffb93734ca45b31906f48882bf314fcf1ecc12ddfe2e9c61a7f0f	pe	0x8664	IMAGE_FILE_MACHINE_ARM64EC	yes
dlls/srvsvc/arm64ec-windows/srvsvc.dll	589824	f8dab10a6f80697b9db472497e12e25f6b00409d73cb57aadc821a0b1ef8fa64	pe	0x8664	IMAGE_FILE_MACHINE_ARM64EC	yes
dlls/sspicli/arm64ec-windows/sspicli.dll	655360	87ff913a503c4bff9dd81a5259b6a5fb9a8d00c08454bef7fdbd1d98c4118ebb	pe	0x8664	IMAGE_FILE_MACHINE_ARM64EC	yes
dlls/stdole2.tlb/arm64ec-windows/stdole2.tlb	131072	92c28d5b61f1fc1f25c54b1ff6debe2818ae0c6b3a6afc2c04ab0f24bdefc1db	pe-data	0x8664	IMAGE_FILE_MACHINE_AMD64	yes
dlls/stdole32.tlb/arm64ec-windows/stdole32.tlb	131072	16b6bb5af3b5da44a4289fb583997e6cbcbe87e20282565974b4c91767af1a07	pe-data	0x8664	IMAGE_FILE_MACHINE_AMD64	yes
dlls/sti/arm64ec-windows/sti.dll	851968	181fcd3b0f411479b4af816d8574858860c22b0edea1a721d1978dac50330935	pe	0x8664	IMAGE_FILE_MACHINE_ARM64EC	yes
dlls/sti/tests/arm64ec-windows/sti_test.exe	589824	26268a631b9564886d66b4f0a2c90dab7f262093db768375febf58a926c0aaf3	pe	0x8664	IMAGE_FILE_MACHINE_ARM64EC	no
dlls/strmdll/arm64ec-windows/strmdll.dll	720896	4a3e3fde79a040110e7ef717459409ada36d3a109951c6f3f298037daedff019	pe	0x8664	IMAGE_FILE_MACHINE_ARM64EC	yes
dlls/svrapi/arm64ec-windows/svrapi.dll	655360	545c59900ffb820567cc8701a3c7b08b0659128c49b9a1c711897a1cb23be00c	pe	0x8664	IMAGE_FILE_MACHINE_ARM64EC	yes
dlls/sxs/arm64ec-windows/sxs.dll	589824	2bbb211ada48445b45e770a95ce83aeae1a1eba53944180e2c12a39cbf085cc2	pe	0x8664	IMAGE_FILE_MACHINE_ARM64EC	yes
dlls/sxs/tests/arm64ec-windows/sxs_test.exe	655360	4a9bfed539569d955d095db78a9705971577fc86b829724c2ec61146be09fecd	pe	0x8664	IMAGE_FILE_MACHINE_ARM64EC	no
dlls/t2embed/arm64ec-windows/t2embed.dll	655360	9b3ef1a858694000144c1100967ac824ff059f083b22de7b299480ce89f4deca	pe	0x8664	IMAGE_FILE_MACHINE_ARM64EC	yes
dlls/t2embed/tests/arm64ec-windows/t2embed_test.exe	589824	a9c75355b3662077450c11f9e22ce23e3cc49ecb1f5dc04d6e6081a40cff8ede	pe	0x8664	IMAGE_FILE_MACHINE_ARM64EC	no
dlls/tapi32/arm64ec-windows/tapi32.dll	786432	433e9ae2d374b73ba4ccc746f20885c92f1765964660d8df68cbcfeeef5c6114	pe	0x8664	IMAGE_FILE_MACHINE_ARM64EC	yes
dlls/tapi32/tests/arm64ec-windows/tapi32_test.exe	589824	4691adbf6cfe1ca9676cdc498c0211541e0065d4336b6f3ed731bd1f44c9fd10	pe	0x8664	IMAGE_FILE_MACHINE_ARM64EC	no
dlls/taskschd/arm64ec-windows/taskschd.dll	851968	b695d33439d6b878451085eac0194db4b8260957e3fe1a3d8dd9a0e9021e021e	pe	0x8664	IMAGE_FILE_MACHINE_ARM64EC	yes
dlls/taskschd/tests/arm64ec-windows/taskschd_test.exe	655360	85ee65a697fb003b18d47edc1a107045ad0803bc575373a541f07380cbcbfccb	pe	0x8664	IMAGE_FILE_MACHINE_ARM64EC	no
dlls/tbs/arm64ec-windows/tbs.dll	655360	0bf6c7cc149142489125dac7679ffe50a127847e7b63160e0bae2f203381bfd7	pe	0x8664	IMAGE_FILE_MACHINE_ARM64EC	yes
dlls/tdh/arm64ec-windows/tdh.dll	720896	e2f2f79592336d4e2492428e4fcb589b663b28cf3495849ad915d2c32866f12c	pe	0x8664	IMAGE_FILE_MACHINE_ARM64EC	yes
dlls/tdh/tests/arm64ec-windows/tdh_test.exe	589824	1a98c53473c652a13dd1e1bfb54946b3132803f2e5479ae6550b5e12fd091c03	pe	0x8664	IMAGE_FILE_MACHINE_ARM64EC	no
dlls/tdi.sys/arm64ec-windows/tdi.sys	655360	17c209945c5cf3ceb21512aff1b615cb2946f68304ce4248f437fd9fd0942583	pe	0x8664	IMAGE_FILE_MACHINE_ARM64EC	yes
dlls/threadpoolwinrt/arm64ec-windows/threadpoolwinrt.dll	851968	ae11a047c69273b60458b65e21e1071561b301b08c5f1ad7bc78cf1472aedb23	pe	0x8664	IMAGE_FILE_MACHINE_ARM64EC	yes
dlls/threadpoolwinrt/tests/arm64ec-windows/threadpoolwinrt_test.exe	786432	b2d64d3e370db82e518a2212edd2205f48ebad63d70e16d8ba103b04038511a7	pe	0x8664	IMAGE_FILE_MACHINE_ARM64EC	no
dlls/thumbcache/arm64ec-windows/thumbcache.dll	720896	f479d13e9b0aeac6d5168e3c9e14f6714ed90ab9c98e129e066223007e38b8f3	pe	0x8664	IMAGE_FILE_MACHINE_ARM64EC	yes
dlls/thumbcache/tests/arm64ec-windows/thumbcache_test.exe	655360	373f7898a8ea98b9d10c43649064a27dd25e6445f4ee99966c507ff8e6b54751	pe	0x8664	IMAGE_FILE_MACHINE_ARM64EC	no
dlls/tiptsf/arm64ec-windows/tiptsf.dll	720896	fb2aae7e68fe7acebf574de9b9c863bba39804533aa20f1579fd4f15f760df00	pe	0x8664	IMAGE_FILE_MACHINE_ARM64EC	yes
dlls/traffic/arm64ec-windows/traffic.dll	655360	2b21a2898e9522b9a08d8d7583c288c1f1a750d9bc310e8d637e47fcec905b68	pe	0x8664	IMAGE_FILE_MACHINE_ARM64EC	yes
dlls/twaindsm/arm64ec-windows/twaindsm.dll	655360	0e61cc0f70301309a4cec527202513d56933bc06a4fcffc4d59edf5709e4817e	pe	0x8664	IMAGE_FILE_MACHINE_ARM64EC	yes
dlls/twinapi.appcore/arm64ec-windows/twinapi.appcore.dll	851968	d125a0381925fb87807fbb7055a05460981bfca95a1c12998fecfe4411cf9eec	pe	0x8664	IMAGE_FILE_MACHINE_ARM64EC	yes
dlls/twinapi.appcore/tests/arm64ec-windows/twinapi.appcore_test.exe	655360	bfd19f97a0c699e19918dd0d1e1ed0c01c9c87c30ce48eed52589a4cc6c2cae5	pe	0x8664	IMAGE_FILE_MACHINE_ARM64EC	no
dlls/tzres/arm64ec-windows/tzres.dll	655360	a7623ee659f4cd0aa912def87a28a3386fa634ad0cedb35dfa1deb75ab46a11b	pe-data	0x8664	IMAGE_FILE_MACHINE_AMD64	yes
dlls/ucrtbase/arm64ec-windows/ucrtbase.dll	1572864	e8d6d792354146ef303a7a4848fb7326a8fad48c0112b672a06413c823554721	pe	0x8664	IMAGE_FILE_MACHINE_ARM64EC	yes
dlls/ucrtbase/tests/arm64ec-windows/threaddll.dll	589824	ac7be1f227f86efe0f13e29b8e82187dbf4f60a8efce5c5edd6b17ad0d0e9df6	pe	0x8664	IMAGE_FILE_MACHINE_ARM64EC	no
dlls/ucrtbase/tests/arm64ec-windows/ucrtbase_test.exe	1966080	d4e751fda551a3021679d5ecaa96096b0447dd9237ad66f80bd1f10aa5b7c61e	pe	0x8664	IMAGE_FILE_MACHINE_ARM64EC	no
dlls/uianimation/arm64ec-windows/uianimation.dll	851968	329147b7cee190fd63f11dbc827ba4e9cf214a4404243851a5fd625e9e9e55d1	pe	0x8664	IMAGE_FILE_MACHINE_ARM64EC	yes
dlls/uianimation/tests/arm64ec-windows/uianimation_test.exe	589824	4f8c9adf5778ac5bdbfafc2d447bf93189efc8280e4d9ee801dba671cc301bde	pe	0x8664	IMAGE_FILE_MACHINE_ARM64EC	no
dlls/uiautomationcore/arm64ec-windows/uiautomationcore.dll	1245184	2e4de700c13c8b05d2a06f180cc3e945e3515271aaf3d3ec0f1883f74e4380a2	pe	0x8664	IMAGE_FILE_MACHINE_ARM64EC	yes
dlls/uiautomationcore/tests/arm64ec-windows/uiautomationcore_test.exe	1310720	d8059708b6daefab33dbe576adfe4e60dd352bb90b09302db584046480338360	pe	0x8664	IMAGE_FILE_MACHINE_ARM64EC	no
dlls/uiribbon/arm64ec-windows/uiribbon.dll	720896	2a5d91c4463de1cdecc3aac8366bce664ac4606dbf6212dc795b42f2185416fb	pe	0x8664	IMAGE_FILE_MACHINE_ARM64EC	yes
dlls/unicows/arm64ec-windows/unicows.dll	655360	702c05352cb3b5b001e67c55ec8fa00ab083f6bd593b8f6b5b332bac416c024a	pe	0x8664	IMAGE_FILE_MACHINE_ARM64EC	yes
dlls/updspapi/arm64ec-windows/updspapi.dll	655360	ade8e81f3e63f3686bd7344b0aab8d62ef672871c5085bcd28320d97140ef84f	pe	0x8664	IMAGE_FILE_MACHINE_ARM64EC	yes
dlls/url/arm64ec-windows/url.dll	655360	3471af259198db63d7c930cf0d976e8f6b072ffae06d3d510d5a4feff4837419	pe	0x8664	IMAGE_FILE_MACHINE_ARM64EC	yes
dlls/urlmon/arm64ec-windows/urlmon.dll	1310720	ecda4964c396aba0c5563c232f5854f3e7f7fa2daa59cd65685df7a9abcfde24	pe	0x8664	IMAGE_FILE_MACHINE_ARM64EC	yes
dlls/urlmon/tests/arm64ec-windows/urlmon_test.exe	1835008	eea28f706affe1c041744a97d9513f630b8f3f349237595831b19d93e0030c6c	pe	0x8664	IMAGE_FILE_MACHINE_ARM64EC	no
dlls/usbd.sys/arm64ec-windows/usbd.sys	655360	6672e4e5c7379e6363a4f4decd7e1cd3c0f786b0401e09ba10d17d99d3047af8	pe	0x8664	IMAGE_FILE_MACHINE_ARM64EC	yes
dlls/user32/arm64ec-windows/user32.dll	2686976	65918fc5944ff3800b7b07bc1c8c0bc885f627e9eed5909c5bf17c0c1d243426	pe	0x8664	IMAGE_FILE_MACHINE_ARM64EC	yes
dlls/user32/tests/arm64ec-windows/testdll.dll	589824	dd8a3c4bc5a8b94c749891d541ef368a390b91bde4e9af172772af1e965ab21f	pe	0x8664	IMAGE_FILE_MACHINE_ARM64EC	no
dlls/user32/tests/arm64ec-windows/user32_test.exe	5963776	d8b3cef490e770a201498871f707c0e176a8b104924623eb1c6867cab334ccd9	pe	0x8664	IMAGE_FILE_MACHINE_ARM64EC	no
dlls/userenv/arm64ec-windows/userenv.dll	589824	b38b7957cde14e73b581ec1b5a0e68e79447476c7318d1b8a840a312d7d6e22c	pe	0x8664	IMAGE_FILE_MACHINE_ARM64EC	yes
dlls/userenv/tests/arm64ec-windows/userenv_test.exe	589824	8ed05fb2cf0004194b1c1d98c2c71e28e270d33848417007ce148d02b1c1a835	pe	0x8664	IMAGE_FILE_MACHINE_ARM64EC	no
dlls/usp10/arm64ec-windows/usp10.dll	131072	ea85fd2f56dfea58ad39f37a37e7e3103178a5be7e9cc021e7114c5f0418c084	pe-data	0x8664	IMAGE_FILE_MACHINE_AMD64	yes
dlls/usp10/tests/arm64ec-windows/usp10_test.exe	720896	f32475125e8e2a9709b3ceb30d8077881070df564e42f5e8de0dcc86f879cf34	pe	0x8664	IMAGE_FILE_MACHINE_ARM64EC	no
dlls/utildll/arm64ec-windows/utildll.dll	655360	8f4b248d28b9a39798f9752d7dc5a491d52567ac574d497ffe363cd1c4724a73	pe	0x8664	IMAGE_FILE_MACHINE_ARM64EC	yes
dlls/uxtheme/arm64ec-windows/uxtheme.dll	851968	0f9947bca87ac13b47a84e1b3c6ab871ca39778206c35e06d45a19e4caa601a2	pe	0x8664	IMAGE_FILE_MACHINE_ARM64EC	yes
dlls/uxtheme/tests/arm64ec-windows/uxtheme_test.exe	655360	092d255d5ffe0a5ce85196f852471bb467a1b9488678da159173203643bf7935	pe	0x8664	IMAGE_FILE_MACHINE_ARM64EC	no
dlls/vbscript/arm64ec-windows/vbscript.dll	1245184	be5b28947dfbdce353228293da72632c95306c76f60a01065e7fb2f2f8295457	pe	0x8664	IMAGE_FILE_MACHINE_ARM64EC	yes
dlls/vbscript/tests/arm64ec-windows/vbscript_test.exe	1572864	5d8420c881a01dd5bc5eed02fe58594a84d45f7046480c828635f67778db3d4d	pe	0x8664	IMAGE_FILE_MACHINE_ARM64EC	no
dlls/vccorlib140/arm64ec-windows/vccorlib140.dll	720896	0c6b4f08a18ddc9e97d48682d5b9b25b0f10cd426b2b9fa094e7d435061d606b	pe	0x8664	IMAGE_FILE_MACHINE_ARM64EC	yes
dlls/vccorlib140/tests/arm64ec-windows/vccorlib140_test.exe	655360	4110f56391cbfba2fdfea2940ca645ee146f417d23207c02762df0203ef69c5c	pe	0x8664	IMAGE_FILE_MACHINE_ARM64EC	no
dlls/vcomp/arm64ec-windows/vcomp.dll	655360	2b35da1070e0c08c1a9a25c04e0c647bc299c344c4e96c0927bda71c2e90e50c	pe	0x8664	IMAGE_FILE_MACHINE_ARM64EC	yes
dlls/vcomp/tests/arm64ec-windows/vcomp_test.exe	655360	6ae6c60c43a85196c9128f677fff6925b6c59a6e345e6dce98ef311f8f57c0be	pe	0x8664	IMAGE_FILE_MACHINE_ARM64EC	no
dlls/vcomp100/arm64ec-windows/vcomp100.dll	655360	6f5a0fa07926c0d374af551b2306959c1cc1500cdc8925297149f8508746ed44	pe	0x8664	IMAGE_FILE_MACHINE_ARM64EC	yes
dlls/vcomp110/arm64ec-windows/vcomp110.dll	655360	ba1dd754e4f9ee6cfd9e0b6966ec49c19ef76aa29952ee3fb8283dd67651900a	pe	0x8664	IMAGE_FILE_MACHINE_ARM64EC	yes
dlls/vcomp110/tests/arm64ec-windows/vcomp110_test.exe	589824	d2d44571675654af9e04d1caec6eb2a1e0e9522bada2729b9e655a4da4f589c6	pe	0x8664	IMAGE_FILE_MACHINE_ARM64EC	no
dlls/vcomp120/arm64ec-windows/vcomp120.dll	655360	0cd6ef854d75bf4017a1f7dfae34b25abf242d4f2c1dfb303c561e6ba2e6f779	pe	0x8664	IMAGE_FILE_MACHINE_ARM64EC	yes
dlls/vcomp140/arm64ec-windows/vcomp140.dll	655360	9aa3edf49d14be0bad6b66260b2258b5b7691a65c6a2b89c45843f3e7ab3da0b	pe	0x8664	IMAGE_FILE_MACHINE_ARM64EC	yes
dlls/vcomp90/arm64ec-windows/vcomp90.dll	655360	3ab652ab2a3e98b96bdaa937742f0cce7107e889b7ed57ee19b03121b4ba34e1	pe	0x8664	IMAGE_FILE_MACHINE_ARM64EC	yes
dlls/vcruntime140/arm64ec-windows/vcruntime140.dll	655360	fb7c08369cee6da57c7b0838160031f156b0504b3e93bc27b522869a5be45044	pe	0x8664	IMAGE_FILE_MACHINE_ARM64EC	yes
dlls/vcruntime140_1/arm64ec-windows/vcruntime140_1.dll	720896	1d199f95eacb952dbe8507ea8bb5d1a50c594f1a13f01b2dfceffbeca20833f1	pe	0x8664	IMAGE_FILE_MACHINE_ARM64EC	yes
dlls/version/arm64ec-windows/version.dll	655360	de7913ae75e6141ffe747bba5cfb87020ea466e753383272babf8cccb0323ad9	pe	0x8664	IMAGE_FILE_MACHINE_ARM64EC	yes
dlls/version/tests/arm64ec-windows/version_test.exe	655360	943c6180b32d8c18a10b72c1f6ebb2540bb6c442ea444760ae15fc517782d671	pe	0x8664	IMAGE_FILE_MACHINE_ARM64EC	no
dlls/vga/arm64ec-windows/vga.dll	655360	86cfddd0adc87a143e862f081480cdfe0d31af0efc1884ad15134d5791b43137	pe	0x8664	IMAGE_FILE_MACHINE_ARM64EC	yes
dlls/vidreszr/arm64ec-windows/vidreszr.dll	2359296	f7cf792bedaa9a65fbf3fd2a8ec354c27933c73e553faef752ef0b989a4af15b	pe	0x8664	IMAGE_FILE_MACHINE_ARM64EC	yes
dlls/virtdisk/arm64ec-windows/virtdisk.dll	655360	5ee664434e941e4358e26db5464e90e86f4339d43d9c47389033750332bc96b8	pe	0x8664	IMAGE_FILE_MACHINE_ARM64EC	yes
dlls/virtdisk/tests/arm64ec-windows/virtdisk_test.exe	589824	c4a0ffe23a2ccf9c2431e616b4ef66ea4f5e81c9bdda2c050ac7f3f5e82a9e5f	pe	0x8664	IMAGE_FILE_MACHINE_ARM64EC	no
dlls/vssapi/arm64ec-windows/vssapi.dll	655360	156f19f8b280b87f532f36b8aee59effdb078f5c8aa9550003707c7514010ffa	pe	0x8664	IMAGE_FILE_MACHINE_ARM64EC	yes
dlls/vulkan-1/arm64ec-windows/vulkan-1.dll	720896	c05f7b44c2b423f2f28d95d62095ce6c0ea656db65c023d00eef77058ebee35b	pe	0x8664	IMAGE_FILE_MACHINE_ARM64EC	yes
dlls/vulkan-1/tests/arm64ec-windows/vulkan-1_test.exe	655360	d25175e6d497d8cf9e470a3ea071ed26355efc8990d1b28596a257d1283f39c3	pe	0x8664	IMAGE_FILE_MACHINE_ARM64EC	no
dlls/wbemdisp/arm64ec-windows/wbemdisp.dll	655360	a8d0c6f884cf275a2559e326ec174e00c82c1bc565212f1bc8cc50cc719e946a	pe	0x8664	IMAGE_FILE_MACHINE_ARM64EC	yes
dlls/wbemdisp/tests/arm64ec-windows/wbemdisp_test.exe	589824	fade4be2f05d70eb54c67e7d4f6560bc170cd3ba5946876e46110e7a4cd398f9	pe	0x8664	IMAGE_FILE_MACHINE_ARM64EC	no
dlls/wbemprox/arm64ec-windows/wbemprox.dll	983040	ea993ae959a2493e1d8882ad4a2812baee141f5467ff75ec546e6c38ed1d6a72	pe	0x8664	IMAGE_FILE_MACHINE_ARM64EC	yes
dlls/wbemprox/tests/arm64ec-windows/wbemprox_test.exe	851968	634fe317e6213a1ee719f227a1efa2ae3694e5f94a05f0f2fb52639675cbabde	pe	0x8664	IMAGE_FILE_MACHINE_ARM64EC	no
dlls/wdscore/arm64ec-windows/wdscore.dll	655360	9ccc5eefd223cb61184770a1815c4216cfcbe95c2f26ad833f2183ccbc79e8fc	pe	0x8664	IMAGE_FILE_MACHINE_ARM64EC	yes
dlls/webservices/arm64ec-windows/webservices.dll	1048576	d14284ec0338297a722d89491dbaec5dd11d38587924d964841dc565c6b7cd4d	pe	0x8664	IMAGE_FILE_MACHINE_ARM64EC	yes
dlls/webservices/tests/arm64ec-windows/webservices_test.exe	1376256	77df96c0abaf0beacfa963ad856b250633d043306681cc5af56c7cef6c36ed45	pe	0x8664	IMAGE_FILE_MACHINE_ARM64EC	no
dlls/websocket/arm64ec-windows/websocket.dll	655360	fc75cfb5dd096676cf860fe2302687689f19457c9b5af53e91940fd0a52f1042	pe	0x8664	IMAGE_FILE_MACHINE_ARM64EC	yes
dlls/wer/arm64ec-windows/wer.dll	655360	da6b076d77e674a9a80b0a8059fa05d2191ad0b83f41453f84cb08b2e7b05c87	pe	0x8664	IMAGE_FILE_MACHINE_ARM64EC	yes
dlls/wer/tests/arm64ec-windows/wer_test.exe	589824	c4af15b609f479c6e0fd86373bfa52c55b588f3a5643c80bb9b2b47a75a83b12	pe	0x8664	IMAGE_FILE_MACHINE_ARM64EC	no
dlls/wevtapi/arm64ec-windows/wevtapi.dll	655360	d3ee4be1abab6df7cc15f0ec462eaca7c57d2c03ba73c8a63b136ca5c49c8d73	pe	0x8664	IMAGE_FILE_MACHINE_ARM64EC	yes
dlls/wevtapi/tests/arm64ec-windows/wevtapi_test.exe	589824	d2c14d00773e3f11da7c867eeb53fdadc4b3c9aefd4cb24171b2205f07b28c3a	pe	0x8664	IMAGE_FILE_MACHINE_ARM64EC	no
dlls/wevtsvc/arm64ec-windows/wevtsvc.dll	589824	79ae020089b7241e7a1bba2908877d4b47fe31c6310252fe9bc22ea7a45be542	pe	0x8664	IMAGE_FILE_MACHINE_ARM64EC	yes
dlls/wiaservc/arm64ec-windows/wiaservc.dll	917504	c224e5cf14a13e05cddbcb08589477bb516cbc809d60d9de03482375ab47eb23	pe	0x8664	IMAGE_FILE_MACHINE_ARM64EC	yes
dlls/wiaservc/tests/arm64ec-windows/wiaservc_test.exe	589824	a398fa0f48b7b2401471c00baf01f273cf757f784080760ce3e04808d7381628	pe	0x8664	IMAGE_FILE_MACHINE_ARM64EC	no
dlls/wimgapi/arm64ec-windows/wimgapi.dll	655360	721163e00ed6fe0c891d1de208367afe36ba9a308c1ae0222dc6e84c83ac76d4	pe	0x8664	IMAGE_FILE_MACHINE_ARM64EC	yes
dlls/win32u/arm64ec-windows/win32u.dll	983040	deefaa90c552c678343412a8420e426b1e4ca0fd4b67156fe72937be23dbf536	pe	0x8664	IMAGE_FILE_MACHINE_ARM64EC	yes
dlls/win32u/tests/arm64ec-windows/win32u_test.exe	1114112	83a9a2dac387e7dadf61108ee9b0275453c63e3575f85c9895088862e6c42a44	pe	0x8664	IMAGE_FILE_MACHINE_ARM64EC	no
dlls/winbio/arm64ec-windows/winbio.dll	655360	34ac46c5c89b56f7f398766e73b0181723aec459dbac2331e8d5dd4a3b89a1ef	pe	0x8664	IMAGE_FILE_MACHINE_ARM64EC	yes
dlls/winbrand/arm64ec-windows/winbrand.dll	655360	290e3199e7b7ac17ffc4921b2ea3e0eaa7306f4484d4af834de3c0156959d503	pe	0x8664	IMAGE_FILE_MACHINE_ARM64EC	yes
dlls/windows.applicationmodel/arm64ec-windows/windows.applicationmodel.dll	655360	81b68f8123643a7ceac5d33f057ea4348f82586e66918957cd308edcf4c949bf	pe	0x8664	IMAGE_FILE_MACHINE_ARM64EC	yes
dlls/windows.applicationmodel/tests/arm64ec-windows/application.exe	589824	e2d22d480f9ad1aa6480e2e16bf29855e13eb09d5ebde47d99c9b7d8c809b8d8	pe	0x8664	IMAGE_FILE_MACHINE_ARM64EC	no
dlls/windows.applicationmodel/tests/arm64ec-windows/windows.applicationmodel_test.exe	1638400	831efb93d2bc8199e922ec5699bfec6c6aa6306cf1308ac248f19016d2c41a20	pe	0x8664	IMAGE_FILE_MACHINE_ARM64EC	no
dlls/windows.devices.bluetooth/arm64ec-windows/windows.devices.bluetooth.dll	720896	cf11028fa0fc9dd1a5a5b6fa9a57ed1b16aac575cd2403120f257108cd570a89	pe	0x8664	IMAGE_FILE_MACHINE_ARM64EC	yes
dlls/windows.devices.bluetooth/tests/arm64ec-windows/windows.devices.bluetooth_test.exe	655360	0d0bd4a7062704b6ad69986c5d8d0be3b2f1fd1d240bcb6b7d5eef1e0f76a785	pe	0x8664	IMAGE_FILE_MACHINE_ARM64EC	no
dlls/windows.devices.enumeration/arm64ec-windows/windows.devices.enumeration.dll	720896	b3856411f7e0f709c000230a599b3dfe95d6aa36eff69dc1fe63ab6e834014a7	pe	0x8664	IMAGE_FILE_MACHINE_ARM64EC	yes
dlls/windows.devices.enumeration/tests/arm64ec-windows/windows.devices.enumeration_test.exe	786432	da32fdca2fb3e33fb6e95d265c90261d11048cb662ec8cf9c032d74a40577112	pe	0x8664	IMAGE_FILE_MACHINE_ARM64EC	no
dlls/windows.devices.radios/arm64ec-windows/windows.devices.radios.dll	720896	971539515f2df435c8d06df7cbd76a92e17986a2cba2349f947ff41b745ea41f	pe	0x8664	IMAGE_FILE_MACHINE_ARM64EC	yes
dlls/windows.devices.radios/tests/arm64ec-windows/windows.devices.radios_test.exe	589824	9ca35e5811cd891cf9008c33b95d50ece2282a6dcfac9b7f8cad0cb658af39c0	pe	0x8664	IMAGE_FILE_MACHINE_ARM64EC	no
dlls/windows.devices.usb/arm64ec-windows/windows.devices.usb.dll	655360	ff730cefd07ff3e5b54f893744fa9daa39e10e7124e9d2bb17e2dcad52a3db11	pe	0x8664	IMAGE_FILE_MACHINE_ARM64EC	yes
dlls/windows.devices.usb/tests/arm64ec-windows/windows.devices.usb_test.exe	589824	5fd782853a0252b77af043e287bb4f7d3ff2a639485a5f0d0163dbbeeb0d8b15	pe	0x8664	IMAGE_FILE_MACHINE_ARM64EC	no
dlls/windows.gaming.input/arm64ec-windows/windows.gaming.input.dll	786432	314b05cee6bed880041a0e8d480babeeee05039918bca9bf703d2cf2fd031874	pe	0x8664	IMAGE_FILE_MACHINE_ARM64EC	yes
dlls/windows.gaming.input/tests/arm64ec-windows/windows.gaming.input_test.exe	786432	c02eb5d47cbd717c10441f87cfed88a021ac678a19f7e868935fcb0159e80e0c	pe	0x8664	IMAGE_FILE_MACHINE_ARM64EC	no
dlls/windows.gaming.ui.gamebar/arm64ec-windows/windows.gaming.ui.gamebar.dll	655360	f15443495db46217b23937c776ace8985a40299b295c4dd8807e99a616f87ca1	pe	0x8664	IMAGE_FILE_MACHINE_ARM64EC	yes
dlls/windows.gaming.ui.gamebar/tests/arm64ec-windows/windows.gaming.ui.gamebar_test.exe	589824	9902724fb9d6a3904854f24d04672f0e070a6068364861a16a5d91f39865fb21	pe	0x8664	IMAGE_FILE_MACHINE_ARM64EC	no
dlls/windows.globalization/arm64ec-windows/windows.globalization.dll	655360	f93394a7d8ba565f72d15ea1eb097ee4dd59f528c43a2ecc8af44e9d8f9771a9	pe	0x8664	IMAGE_FILE_MACHINE_ARM64EC	yes
dlls/windows.globalization/tests/arm64ec-windows/windows.globalization_test.exe	786432	865077d637a5d21e3ff2a7c22ecdbb793c5eac5f69dd6349eb0d5bc7beb7554c	pe	0x8664	IMAGE_FILE_MACHINE_ARM64EC	no
dlls/windows.graphics/arm64ec-windows/windows.graphics.dll	655360	afd6b596a669469e0c0c94e3ba7fd9dc4295f420a90cfbd39b9f115fcb06f1cf	pe	0x8664	IMAGE_FILE_MACHINE_ARM64EC	yes
dlls/windows.graphics/tests/arm64ec-windows/windows.graphics_test.exe	589824	558c94177c44b3dca949e22af8b042c76d36ce5652029fb3ce10fa3d10207263	pe	0x8664	IMAGE_FILE_MACHINE_ARM64EC	no
dlls/windows.media.devices/arm64ec-windows/windows.media.devices.dll	655360	915111201786a179aea81fd516466dfbbaecc2285bbd4b1ab53caa1356d26337	pe	0x8664	IMAGE_FILE_MACHINE_ARM64EC	yes
dlls/windows.media.devices/tests/arm64ec-windows/windows.media.devices_test.exe	589824	92ec675a286f08e5888cf082ed4d41b15164b07d8afddf37f5f919ef3e3945c9	pe	0x8664	IMAGE_FILE_MACHINE_ARM64EC	no
dlls/windows.media.mediacontrol/arm64ec-windows/windows.media.mediacontrol.dll	720896	b01ce41cd3673c62eebf0a1ad38639f57f910de0d9528c5496ea6d6ebfd1437c	pe	0x8664	IMAGE_FILE_MACHINE_ARM64EC	yes
dlls/windows.media.mediacontrol/tests/arm64ec-windows/windows.media.mediacontrol_test.exe	589824	5618dffcc9480d7d90c95b083f2645fc744b3f636f07ebc6223a77d9987d9331	pe	0x8664	IMAGE_FILE_MACHINE_ARM64EC	no
dlls/windows.media.playback.backgroundmediaplayer/arm64ec-windows/windows.media.playback.backgroundmediaplayer.dll	655360	ead37c4cf6aee0940cee27b5afc9c61d5d839d34766a05babf64baf0acb76bcb	pe	0x8664	IMAGE_FILE_MACHINE_ARM64EC	yes
dlls/windows.media.playback.backgroundmediaplayer/tests/arm64ec-windows/windows.media.playback.backgroundmediaplayer_test.exe	655360	ff61a0bd0b94cde1ea3723bbbeb495e0977ee2ce8128a63286289c60401ad49f	pe	0x8664	IMAGE_FILE_MACHINE_ARM64EC	no
dlls/windows.media.playback.mediaplayer/arm64ec-windows/windows.media.playback.mediaplayer.dll	720896	4253c53d977fb9a796a3860fad7d7e6f69cbc95e00ddf92c6579815e2ab8b532	pe	0x8664	IMAGE_FILE_MACHINE_ARM64EC	yes
dlls/windows.media.playback.mediaplayer/tests/arm64ec-windows/windows.media.playback.mediaplayer_test.exe	655360	10cdf74b8fad29a8d27833d1a00905b59bad9ead0a311075dcbafd68f7f165bb	pe	0x8664	IMAGE_FILE_MACHINE_ARM64EC	no
dlls/windows.media.speech/arm64ec-windows/windows.media.speech.dll	786432	a0502dd6c326dc276b33eb69891b2085337ee94a7be052c1b8b0f6c9e025efe6	pe	0x8664	IMAGE_FILE_MACHINE_ARM64EC	yes
dlls/windows.media.speech/tests/arm64ec-windows/windows.media.speech_test.exe	851968	05c3dc2a2543e58cb4d5b87fcb17201b329ba903380d578b5668645dc1529756	pe	0x8664	IMAGE_FILE_MACHINE_ARM64EC	no
dlls/windows.media/arm64ec-windows/windows.media.dll	655360	70c7abd04e57c143c9931ec12af12c7c58de2c5623962e5d79c3cc3c126464ff	pe	0x8664	IMAGE_FILE_MACHINE_ARM64EC	yes
dlls/windows.media/tests/arm64ec-windows/windows.media_test.exe	589824	796fd6524526bde85e5ed3557e08942f323512db57c3da6b21084f8884a9735a	pe	0x8664	IMAGE_FILE_MACHINE_ARM64EC	no
dlls/windows.networking.connectivity/arm64ec-windows/windows.networking.connectivity.dll	720896	05144cbb9b24027d512bff1e2020ce3b8773fae66ab40c7bb1f0454c3e2c89ea	pe	0x8664	IMAGE_FILE_MACHINE_ARM64EC	yes
dlls/windows.networking.connectivity/tests/arm64ec-windows/windows.networking.connectivity_test.exe	589824	2ab1fa3e64f7733abe9d3ea0986c5fd21a745fb3325b65eeb9248ad169b78bc4	pe	0x8664	IMAGE_FILE_MACHINE_ARM64EC	no
dlls/windows.networking.hostname/arm64ec-windows/windows.networking.hostname.dll	720896	19071d3c7cdc6084c3583dc8018a6774e8d08fda5f33965fbe1eec8d5a0d412a	pe	0x8664	IMAGE_FILE_MACHINE_ARM64EC	yes
dlls/windows.networking.hostname/tests/arm64ec-windows/windows.networking.hostname_test.exe	589824	74ef852e4295809a8ac93c0d8eca1b8d7cdc48fc1cd8245ecd577b1a09d0cca2	pe	0x8664	IMAGE_FILE_MACHINE_ARM64EC	no
dlls/windows.networking/arm64ec-windows/windows.networking.dll	655360	a1fbd506a6697670df56ef26d58b6a76b8815ec05173c08c74893388763126c5	pe	0x8664	IMAGE_FILE_MACHINE_ARM64EC	yes
dlls/windows.perception.stub/arm64ec-windows/windows.perception.stub.dll	720896	bd2228ca8cf2b9801b81ba0407a892df3e17c7590d88ef41221c32d97ded8731	pe	0x8664	IMAGE_FILE_MACHINE_ARM64EC	yes
dlls/windows.perception.stub/tests/arm64ec-windows/windows.perception.stub_test.exe	589824	6da595d71e69f4d1ee91c2800717f45974e594bf14dd120f80c3529246fcebb2	pe	0x8664	IMAGE_FILE_MACHINE_ARM64EC	no
dlls/windows.security.authentication.onlineid/arm64ec-windows/windows.security.authentication.onlineid.dll	655360	a6da2b4cd4a3ddcbcc9dd16eae36ff6f0b009705efbd9fc88084d0ede86ffd19	pe	0x8664	IMAGE_FILE_MACHINE_ARM64EC	yes
dlls/windows.security.authentication.onlineid/tests/arm64ec-windows/windows.security.authentication.onlineid_test.exe	589824	b17d9472c6056b2bf49f18d3ac07bdbf4ca2351aee26ae1a2a36b81cda1b59ac	pe	0x8664	IMAGE_FILE_MACHINE_ARM64EC	no
dlls/windows.security.credentials.ui.userconsentverifier/arm64ec-windows/windows.security.credentials.ui.userconsentverifier.dll	655360	996421602ce243ae6d740362bfb5c6ef1510b02ed45c542a4fbc3e25b8498bad	pe	0x8664	IMAGE_FILE_MACHINE_ARM64EC	yes
dlls/windows.security.credentials.ui.userconsentverifier/tests/arm64ec-windows/windows.security.credentials.ui.userconsentverifier_test.exe	589824	561f6f6dc60d00488be69bde392fc02aee56a8226f07fa708d28d34caa9701bd	pe	0x8664	IMAGE_FILE_MACHINE_ARM64EC	no
dlls/windows.storage.applicationdata/arm64ec-windows/windows.storage.applicationdata.dll	720896	4c2f388cc009396b109e27999d38ebeebeb7f32070f3d467fe695b7ab7da3e63	pe	0x8664	IMAGE_FILE_MACHINE_ARM64EC	yes
dlls/windows.storage.applicationdata/tests/arm64ec-windows/windows.storage.applicationdata_test.exe	589824	ca2c8d6b85842bad50fe28ff2bb1ab9062ada0d31014fe252f4178870c49a58a	pe	0x8664	IMAGE_FILE_MACHINE_ARM64EC	no
dlls/windows.storage/arm64ec-windows/windows.storage.dll	720896	4488239f484b978bbd5b821c0cf32a82f854a07d95c3b8884832d6493a385058	pe	0x8664	IMAGE_FILE_MACHINE_ARM64EC	yes
dlls/windows.storage/tests/arm64ec-windows/windows.storage_test.exe	589824	69b6a1027739441f915d94c5a962be9273ba5d1d6764295f7573a700c678f819	pe	0x8664	IMAGE_FILE_MACHINE_ARM64EC	no
dlls/windows.system.profile.systemid/arm64ec-windows/windows.system.profile.systemid.dll	655360	3658394cf63f7ed34a37ab72a18beb8c325b84068080c2cfa296639bccc84f50	pe	0x8664	IMAGE_FILE_MACHINE_ARM64EC	yes
dlls/windows.system.profile.systemid/tests/arm64ec-windows/windows.system.profile.systemid_test.exe	589824	1f4b6681db03cabbaeeafdb885f1c22045ca70a42a9f30eacf120c2cee5ab2b9	pe	0x8664	IMAGE_FILE_MACHINE_ARM64EC	no
dlls/windows.system.profile.systemmanufacturers/arm64ec-windows/windows.system.profile.systemmanufacturers.dll	655360	f3999de38ba538ffc2e7d9ca54babda4872dc6fe90bcc861e0db81249a8d2450	pe	0x8664	IMAGE_FILE_MACHINE_ARM64EC	yes
dlls/windows.system.profile.systemmanufacturers/tests/arm64ec-windows/windows.system.profile.systemmanufacturers_test.exe	589824	f8d7de7189bf5eb200e44dc623a8aab773f09bfcfebb591099ee569e0db6eada	pe	0x8664	IMAGE_FILE_MACHINE_ARM64EC	no
dlls/windows.ui.core.textinput/arm64ec-windows/windows.ui.core.textinput.dll	720896	be324a2de4677e398022b80286a63de9be4eb645fed73af797671ebf9dbd5865	pe	0x8664	IMAGE_FILE_MACHINE_ARM64EC	yes
dlls/windows.ui.core.textinput/tests/arm64ec-windows/windows.ui.core.textinput_test.exe	655360	b89ebc62ac172b2dd65996aa8573943ba4d2034c77f58afe53cc38d5c5396c52	pe	0x8664	IMAGE_FILE_MACHINE_ARM64EC	no
dlls/windows.ui.xaml/arm64ec-windows/windows.ui.xaml.dll	720896	01c0106c67e1e4801e97d9f244ec1e7af5c51855b71b3ee2c54f0a008b7e2e0d	pe	0x8664	IMAGE_FILE_MACHINE_ARM64EC	yes
dlls/windows.ui.xaml/tests/arm64ec-windows/windows.ui.xaml_test.exe	589824	46390ddd900b66deddf0d68b5898d49b58df643172c12927875c633ed40e17d3	pe	0x8664	IMAGE_FILE_MACHINE_ARM64EC	no
dlls/windows.ui/arm64ec-windows/windows.ui.dll	786432	4c6bd1438dccc724c02d48e5e3cf51f085521ee43966764b5a845e28ee84ab40	pe	0x8664	IMAGE_FILE_MACHINE_ARM64EC	yes
dlls/windows.ui/tests/arm64ec-windows/windows.ui_test.exe	655360	307c67524a9ffab6391884b3d4829f177918e50cc8772c393df7db3907fd33bf	pe	0x8664	IMAGE_FILE_MACHINE_ARM64EC	no
dlls/windows.web/arm64ec-windows/windows.web.dll	655360	3ac8326624c3d7928d0c05c87ee2d5ae3436b628166327594872732e0c6e3041	pe	0x8664	IMAGE_FILE_MACHINE_ARM64EC	yes
dlls/windows.web/tests/arm64ec-windows/windows.web_test.exe	589824	35850e1fcb59a9d806d0a2f124d96cfbe8772ecf6cf92d39df66832abf91e2ab	pe	0x8664	IMAGE_FILE_MACHINE_ARM64EC	no
dlls/windowscodecs/arm64ec-windows/windowscodecs.dll	2490368	629ac43f0b69cdd9f2913ca3f7642b2264c4e20099ab278e25feb0544266e65b	pe	0x8664	IMAGE_FILE_MACHINE_ARM64EC	yes
dlls/windowscodecs/tests/arm64ec-windows/windowscodecs_test.exe	1769472	3ec60f8ea86395db8ac745c2c59ba9c520b8fd523fe70925e090d997996a55e9	pe	0x8664	IMAGE_FILE_MACHINE_ARM64EC	no
dlls/windowscodecsext/arm64ec-windows/windowscodecsext.dll	589824	36df851a44b4200b634d97aebd0ce49c610f200aaf12330470e70995434eeb0d	pe	0x8664	IMAGE_FILE_MACHINE_ARM64EC	yes
dlls/windowscodecsext/tests/arm64ec-windows/windowscodecsext_test.exe	589824	94f96629d1d42fd3f818b20d10ea0661ed5dfa7f1162e7b670b82aed937f4b2b	pe	0x8664	IMAGE_FILE_MACHINE_ARM64EC	no
dlls/winebth.sys/arm64ec-windows/winebth.sys	720896	e30b1c59e30aaf3de5cc6c44e7ec7b4c5e2fd39dce6cb95ed590e50d4d6a4013	pe	0x8664	IMAGE_FILE_MACHINE_ARM64EC	yes
dlls/winebus.sys/arm64ec-windows/winebus.sys	655360	942c879df0a295ec6f86aca19c48056855b619b259713e39188db9aed1480b56	pe	0x8664	IMAGE_FILE_MACHINE_ARM64EC	yes
dlls/wined3d/arm64ec-windows/wined3d.dll	5177344	e40dd621789aa83224616ab475e6d0574b0fbfb59de012a5b403354a769e0bd4	pe	0x8664	IMAGE_FILE_MACHINE_ARM64EC	yes
dlls/winedmo/arm64ec-windows/winedmo.dll	589824	fe025d5ec1fdffd1d889925d135d37e528ca712e6446e3480eddfabb003a141f	pe	0x8664	IMAGE_FILE_MACHINE_ARM64EC	yes
dlls/winegstreamer/arm64ec-windows/winegstreamer.dll	1179648	090061c0eb2e73048808c8faf9f6245f7c00dc6fe65a9b4aa2925b8db25425c9	pe	0x8664	IMAGE_FILE_MACHINE_ARM64EC	yes
dlls/winehid.sys/arm64ec-windows/winehid.sys	655360	f5605e0f369ce7a59f21212cf9e7bf6d0090cb4c1a0f33519e09406201d256ea	pe	0x8664	IMAGE_FILE_MACHINE_ARM64EC	yes
dlls/winemac.drv/arm64ec-windows/winemac.drv	655360	887d0dff752cd4c98c51ceb8a3682fd44cd997db3d9b6ccd268614a7319c4fad	pe	0x8664	IMAGE_FILE_MACHINE_ARM64EC	yes
dlls/winemapi/arm64ec-windows/winemapi.dll	589824	3829047d2b6b0a9d75cefd7e4c25208cb1da811034b076b224d4ff0571c02323	pe	0x8664	IMAGE_FILE_MACHINE_ARM64EC	yes
dlls/wineps.drv/arm64ec-windows/wineps.drv	1310720	5914c914603567907b6c3211df6c1501907a9340db35394184ad9f53bb54f526	pe	0x8664	IMAGE_FILE_MACHINE_ARM64EC	yes
dlls/winevulkan/arm64ec-windows/winevulkan.dll	983040	c5404bfd70afc631c33b97dfb6e9ebdff78b8ac744d2b68b40aa5f6ecd346973	pe	0x8664	IMAGE_FILE_MACHINE_ARM64EC	yes
dlls/winexinput.sys/arm64ec-windows/winexinput.sys	655360	cdd1f554ce32352d749ca719c6e3b52e2b4f3d50a35490a04caef404cba0e395	pe	0x8664	IMAGE_FILE_MACHINE_ARM64EC	yes
dlls/wing32/arm64ec-windows/wing32.dll	589824	0fc55e69bca9715d35301b76ccdcd1d8f32683691244436ea5e0b0b8c184c8ad	pe	0x8664	IMAGE_FILE_MACHINE_ARM64EC	yes
dlls/wing32/tests/arm64ec-windows/wing32_test.exe	589824	f19775258b10607ecfeb09ea40c8bd0b6f0ac1a9d1381f447f61a66ddac3c179	pe	0x8664	IMAGE_FILE_MACHINE_ARM64EC	no
dlls/winhttp/arm64ec-windows/winhttp.dll	1048576	8ac9b21729059f5fe592d037c6d779b53f004084e16d81ce2ab21689b7bbc2a8	pe	0x8664	IMAGE_FILE_MACHINE_ARM64EC	yes
dlls/winhttp/tests/arm64ec-windows/winhttp_test.exe	1048576	e8d80ac4750890e8742606cf131881c504bbf4a793fa47d512da4e1e4822a020	pe	0x8664	IMAGE_FILE_MACHINE_ARM64EC	no
dlls/wininet/arm64ec-windows/wininet.dll	1245184	197e8dc8c729d17bc5590b02189d4e860e18070876e02ad4021ef1d38552b6dd	pe	0x8664	IMAGE_FILE_MACHINE_ARM64EC	yes
dlls/wininet/tests/arm64ec-windows/wininet_test.exe	1376256	bbda4786c8116782d2133dd6c196c6987662cc1ed480bff906d9103943a6069d	pe	0x8664	IMAGE_FILE_MACHINE_ARM64EC	no
dlls/winmm/arm64ec-windows/winmm.dll	1376256	dea4bb6f19d05aa4709cc5b15b96303a9726373fff7a6aad2f63542e090fc953	pe	0x8664	IMAGE_FILE_MACHINE_ARM64EC	yes
dlls/winmm/tests/arm64ec-windows/winmm_test.exe	1245184	a0f8bcb7de6da527453a491b1f13714de1869ba88ce7806c1caf73ea0f0c5b7b	pe	0x8664	IMAGE_FILE_MACHINE_ARM64EC	no
dlls/winnls32/arm64ec-windows/winnls32.dll	655360	fd451593d74908c1924a6655e99e957fcd5be87951613d8deeaa5ad275656651	pe	0x8664	IMAGE_FILE_MACHINE_ARM64EC	yes
dlls/winprint/arm64ec-windows/winprint.dll	655360	8f24a59b6dc048b195b550b94567c850b426a381c8f4d34aaef2d6eef82ffd69	pe	0x8664	IMAGE_FILE_MACHINE_ARM64EC	yes
dlls/winscard/arm64ec-windows/winscard.dll	720896	9e640eb57670dbaf7c6ff4acddf23c352a21bff0e748598f424a8a98c2e65b72	pe	0x8664	IMAGE_FILE_MACHINE_ARM64EC	yes
dlls/winscard/tests/arm64ec-windows/winscard_test.exe	589824	e0c935c17950c0ffaa2b7d34b63bc6c1c764205038ec050fec879a1795c5c6b0	pe	0x8664	IMAGE_FILE_MACHINE_ARM64EC	no
dlls/winspool.drv/arm64ec-windows/winspool.drv	786432	9e1dffa4e641181a017d25d0057d6767225baf3fa01759e880aab5594e8a9c7c	pe	0x8664	IMAGE_FILE_MACHINE_ARM64EC	yes
dlls/winspool.drv/tests/arm64ec-windows/winspool.drv_test.exe	655360	20d0cf79549668d57ed7dd9f5e917fb17982d6f8b473c6f4ac52ee8c46c95a99	pe	0x8664	IMAGE_FILE_MACHINE_ARM64EC	no
dlls/winsqlite3/arm64ec-windows/winsqlite3.dll	2097152	04a795bbcace2dd5e272edc7cac1aa464b77e4fee6931bc1d6ce04106cdd89ce	pe	0x8664	IMAGE_FILE_MACHINE_ARM64EC	yes
dlls/winsqlite3/tests/arm64ec-windows/winsqlite3_test.exe	589824	ab6b886a593d7a2bf271b23d3a9dc3236dc01097d4ffdae566a8c89f916a6689	pe	0x8664	IMAGE_FILE_MACHINE_ARM64EC	no
dlls/winsta/arm64ec-windows/winsta.dll	655360	9eea048d37cf2b5c006ff704189c25271a66355fa550db7454fbc3ad7df8c5ed	pe	0x8664	IMAGE_FILE_MACHINE_ARM64EC	yes
dlls/wintab32/arm64ec-windows/wintab32.dll	589824	6b14234319988378bb8413bc6d3c88124ea71e973f54034882ec1db6792a6bee	pe	0x8664	IMAGE_FILE_MACHINE_ARM64EC	yes
dlls/wintab32/tests/arm64ec-windows/wintab32_test.exe	589824	5d2362f1ee6044bb4446aeddbdb794acb4e39e4b34390e7d2ffaf837e68f80a0	pe	0x8664	IMAGE_FILE_MACHINE_ARM64EC	no
dlls/wintrust/arm64ec-windows/wintrust.dll	786432	6538144a08b51497dba1f82b2ed386760b6b699cfab035935363d12c098beb7d	pe	0x8664	IMAGE_FILE_MACHINE_ARM64EC	yes
dlls/wintrust/tests/arm64ec-windows/wintrust_test.exe	720896	998ec49495bdd62406e48f53b399757bedee823247811070c4d2e48a28d10095	pe	0x8664	IMAGE_FILE_MACHINE_ARM64EC	no
dlls/wintypes/arm64ec-windows/wintypes.dll	851968	208abeb76592c7f0a7f8bbb8eb770b0de875cba492b9ef1274d9bf44fa85c0eb	pe	0x8664	IMAGE_FILE_MACHINE_ARM64EC	yes
dlls/wintypes/tests/arm64ec-windows/wintypes_test.exe	917504	c97e195f353886b11fb2bd060d3f8c28c1cfb3cd6aac7083d4d1ad1ee4507a45	pe	0x8664	IMAGE_FILE_MACHINE_ARM64EC	no
dlls/winusb/arm64ec-windows/winusb.dll	655360	969f90e893a90e89ce3e5e9b863922cbe8d3e6e8ce82e3ed45831242fef07fbc	pe	0x8664	IMAGE_FILE_MACHINE_ARM64EC	yes
dlls/wkscli/arm64ec-windows/wkscli.dll	655360	a1e52d2393f8be7f10d04d98d55763eb39802c1dfe6d9b662cc77e4a3f555a63	pe	0x8664	IMAGE_FILE_MACHINE_ARM64EC	yes
dlls/wlanapi/arm64ec-windows/wlanapi.dll	655360	8b676355bcdbcb0ca412419eb92c77b98accc305eb70fd4e346a44be7e1c4e19	pe	0x8664	IMAGE_FILE_MACHINE_ARM64EC	yes
dlls/wlanapi/tests/arm64ec-windows/wlanapi_test.exe	589824	809d705dae983151f0dbac17e9e0946a76fe28e247161f35294abb3dea206437	pe	0x8664	IMAGE_FILE_MACHINE_ARM64EC	no
dlls/wlanui/arm64ec-windows/wlanui.dll	655360	c24fbcb75a16c09c704812d5fa8633e6e58c557e093252d836a995e713039385	pe	0x8664	IMAGE_FILE_MACHINE_ARM64EC	yes
dlls/wldap32/arm64ec-windows/wldap32.dll	1114112	ed5a99425e667d8fed7da8f4fb012ea85fceecbbb329a1825fb4a719d14577aa	pe	0x8664	IMAGE_FILE_MACHINE_ARM64EC	yes
dlls/wldap32/tests/arm64ec-windows/wldap32_test.exe	589824	f9a5bf82ee440d16ab8ac5ed5690f3161f7db857d0f4bea1cb6aaba36573b44e	pe	0x8664	IMAGE_FILE_MACHINE_ARM64EC	no
dlls/wldp/arm64ec-windows/wldp.dll	655360	1788786c99de3b4bc5a793bba1d0a6323f5ab0fa63dea0e8009386f940bf59e4	pe	0x8664	IMAGE_FILE_MACHINE_ARM64EC	yes
dlls/wldp/tests/arm64ec-windows/wldp_test.exe	589824	dc9995efe4b4af0916b2ed607e4f5d4ae7d35d99ed24c21f87fdede3fc77966d	pe	0x8664	IMAGE_FILE_MACHINE_ARM64EC	no
dlls/wmadmod/arm64ec-windows/wmadmod.dll	851968	1ca6842745cbb1115f905f66ad780c62ee7ab1c3ed792f56b30f2418da27c349	pe	0x8664	IMAGE_FILE_MACHINE_ARM64EC	yes
dlls/wmasf/arm64ec-windows/wmasf.dll	655360	887ee061967aac905abd43a8042651a2a3cdb58c921339a6a840e13d99f14a3c	pe	0x8664	IMAGE_FILE_MACHINE_ARM64EC	yes
dlls/wmi/arm64ec-windows/wmi.dll	131072	1b1d80551fa51cc017115d71a0adcb0eb42e5636f061d3b8e0e019e94ff35da1	pe-data	0x8664	IMAGE_FILE_MACHINE_AMD64	yes
dlls/wmilib.sys/arm64ec-windows/wmilib.sys	655360	329e8cf5eafc7481891ff1045335da143a7de85329c9a666903a7020a6b37206	pe	0x8664	IMAGE_FILE_MACHINE_ARM64EC	yes
dlls/wminet_utils/arm64ec-windows/wminet_utils.dll	655360	8ac5425d085ab708f5b8d0997d45917ed1ee30ec1dc52820b464db05d26635d6	pe	0x8664	IMAGE_FILE_MACHINE_ARM64EC	yes
dlls/wmiutils/arm64ec-windows/wmiutils.dll	655360	2a08d69bb3df1e7ab9de8472a707f4c77744ccee737713474a18c166d4ec2b72	pe	0x8664	IMAGE_FILE_MACHINE_ARM64EC	yes
dlls/wmiutils/tests/arm64ec-windows/wmiutils_test.exe	786432	f60ecfae66542b8d3f4ccc00f69690647b2cd29af1058302701e4ff9da405b4c	pe	0x8664	IMAGE_FILE_MACHINE_ARM64EC	no
dlls/wmp/arm64ec-windows/wmp.dll	786432	43416c592d08e278976810290921e910d9ae6db0e5212b3f1d121598c042095a	pe	0x8664	IMAGE_FILE_MACHINE_ARM64EC	yes
dlls/wmp/tests/arm64ec-windows/wmp_test.exe	720896	7e7e1c19380f86ab3b2b55f383a5d7125d4fc5dbf2dced6ce57c72bdc820e731	pe	0x8664	IMAGE_FILE_MACHINE_ARM64EC	no
dlls/wmphoto/arm64ec-windows/wmphoto.dll	1179648	0b4201a927e155279240d8290af610eb412e99c67f0a8af6cc4c1dd4c61ce465	pe	0x8664	IMAGE_FILE_MACHINE_ARM64EC	yes
dlls/wmvcore/arm64ec-windows/wmvcore.dll	786432	3cded134ce87116bf2cb048eacbf4efaee6ef2f581544e7c5c2cd676c1bffde6	pe	0x8664	IMAGE_FILE_MACHINE_ARM64EC	yes
dlls/wmvcore/tests/arm64ec-windows/wmvcore_test.exe	1179648	1fce5f6e3cae9848374dd3f943fb80a49b646bb68a4e633294a468da1699b1f8	pe	0x8664	IMAGE_FILE_MACHINE_ARM64EC	no
dlls/wmvdecod/arm64ec-windows/wmvdecod.dll	851968	660f2c21347a34d51a54ec0ea27e27520c29bb8bc9561045649e75d158875a1a	pe	0x8664	IMAGE_FILE_MACHINE_ARM64EC	yes
dlls/wnaspi32/arm64ec-windows/wnaspi32.dll	655360	f45e8ab4d93d97205ae534ece6aea83c1d5043f05b4f61a054d1e282d90ea425	pe	0x8664	IMAGE_FILE_MACHINE_ARM64EC	yes
dlls/wofutil/arm64ec-windows/wofutil.dll	655360	257104d8196e207ccb8d98bfb24117d821e9c7e978d8d9c3dffc245dec63d6ca	pe	0x8664	IMAGE_FILE_MACHINE_ARM64EC	yes
dlls/wpc/arm64ec-windows/wpc.dll	720896	24a0014d427c24868e4e340661efa6a2582be495a767376649d9c7a8df3a1734	pe	0x8664	IMAGE_FILE_MACHINE_ARM64EC	yes
dlls/wpc/tests/arm64ec-windows/wpc_test.exe	589824	b99f1fc90aae1b04e5af6b873fb38243b263649186e61838a91d9729a2779988	pe	0x8664	IMAGE_FILE_MACHINE_ARM64EC	no
dlls/wpcap/arm64ec-windows/wpcap.dll	720896	8cc8f4cadd2586cb4d615b7d08761fcfa48c233ae0102e5a4dfa83eb2910507a	pe	0x8664	IMAGE_FILE_MACHINE_ARM64EC	yes
dlls/wpcap/tests/arm64ec-windows/wpcap_test.exe	589824	7e78c1f19180b04cbc9a474272d05d1876dece2f46fef975095e4fad0a6f0221	pe	0x8664	IMAGE_FILE_MACHINE_ARM64EC	no
dlls/ws2_32/arm64ec-windows/ws2_32.dll	786432	b4feceafd78830c4934461ad161f250a4e004de8d125583f01a91f001772172c	pe	0x8664	IMAGE_FILE_MACHINE_ARM64EC	yes
dlls/ws2_32/tests/arm64ec-windows/ws2_32_test.exe	1638400	547978b1708455ed75506add5faf29595a76ed2fa7bc7986a92595103e3c6a6b	pe	0x8664	IMAGE_FILE_MACHINE_ARM64EC	no
dlls/wsdapi/arm64ec-windows/wsdapi.dll	655360	ee18d751d22483250d3fd6b60d6b7d981aa67125e32df919411e1e2f13699829	pe	0x8664	IMAGE_FILE_MACHINE_ARM64EC	yes
dlls/wsdapi/tests/arm64ec-windows/wsdapi_test.exe	655360	53c17f4936b55fe6449e88327a9d3a7c370f74ad9af1525dbd071cc399ac56ff	pe	0x8664	IMAGE_FILE_MACHINE_ARM64EC	no
dlls/wshom.ocx/arm64ec-windows/wshom.ocx	851968	c22fc95a979135b3de78c3be547712917572dd53986f626b67860988f54c97b7	pe	0x8664	IMAGE_FILE_MACHINE_ARM64EC	yes
dlls/wshom.ocx/tests/arm64ec-windows/wshom.ocx_test.exe	589824	3fc97ada6c34b6f43e01d8b7b96d579580401c5beb15d737f4e959f09cfe57a1	pe	0x8664	IMAGE_FILE_MACHINE_ARM64EC	no
dlls/wsnmp32/arm64ec-windows/wsnmp32.dll	655360	d2020071010bd6dc7715de3771d354c79fa01bd1dc3eababe339226f8652280f	pe	0x8664	IMAGE_FILE_MACHINE_ARM64EC	yes
dlls/wsnmp32/tests/arm64ec-windows/wsnmp32_test.exe	589824	b52ccd341ab84ab8730a912ff6f0bd4aa149e2af311bf3095c7a89a6ab247b8c	pe	0x8664	IMAGE_FILE_MACHINE_ARM64EC	no
dlls/wsock32/arm64ec-windows/wsock32.dll	655360	8310d90f17d7d8ae073b6317b4f2b0c048aef4c376fa6e903231fc4970a56c23	pe	0x8664	IMAGE_FILE_MACHINE_ARM64EC	yes
dlls/wtsapi32/arm64ec-windows/wtsapi32.dll	655360	a1f26efbb57d6a3b46b2bb2f20db823434d71536c037801796c5b078517dc4d8	pe	0x8664	IMAGE_FILE_MACHINE_ARM64EC	yes
dlls/wtsapi32/tests/arm64ec-windows/wtsapi32_test.exe	589824	0b6331c8957f3b2496ca549a9dbd9562b9e103405bc076b5efcbd02aba7e226a	pe	0x8664	IMAGE_FILE_MACHINE_ARM64EC	no
dlls/wuapi/arm64ec-windows/wuapi.dll	851968	58ae63073642043aa7f4cf0a68fb34faa846c586a32688c8e21d0776fed7872a	pe	0x8664	IMAGE_FILE_MACHINE_ARM64EC	yes
dlls/wuaueng/arm64ec-windows/wuaueng.dll	720896	01f2a9e0ea22ae171ba6a63071a65064f2c81aa2e3b2d00b2ecfe1134bdb1bd5	pe	0x8664	IMAGE_FILE_MACHINE_ARM64EC	yes
dlls/x3daudio1_0/arm64ec-windows/x3daudio1_0.dll	589824	913599fda4b06d8e0b08ef5711fc423d6a027379cfac18985fda168797c555e5	pe	0x8664	IMAGE_FILE_MACHINE_ARM64EC	yes
dlls/x3daudio1_1/arm64ec-windows/x3daudio1_1.dll	589824	3095ff33e131247b836327787c095b6e430c2e70b0768488c8a964784cac633e	pe	0x8664	IMAGE_FILE_MACHINE_ARM64EC	yes
dlls/x3daudio1_2/arm64ec-windows/x3daudio1_2.dll	589824	4a2908d11414352f71b10475a1206bb4550ae3b2dafae5021fc99a8cd15e35cb	pe	0x8664	IMAGE_FILE_MACHINE_ARM64EC	yes
dlls/x3daudio1_3/arm64ec-windows/x3daudio1_3.dll	589824	a46432afc93bd99c39a1f69cd4c5def3bf6d2d227c39a2902167228876f5949a	pe	0x8664	IMAGE_FILE_MACHINE_ARM64EC	yes
dlls/x3daudio1_4/arm64ec-windows/x3daudio1_4.dll	589824	eb3f1a90fc8c689d3e50e2ca7cbfeac833a8ac31cadc79144b28dfda5652fb0b	pe	0x8664	IMAGE_FILE_MACHINE_ARM64EC	yes
dlls/x3daudio1_5/arm64ec-windows/x3daudio1_5.dll	589824	bc4f299365b4b4794e963905df337f825af6693975ea228bf4a6d038c5fd5c65	pe	0x8664	IMAGE_FILE_MACHINE_ARM64EC	yes
dlls/x3daudio1_6/arm64ec-windows/x3daudio1_6.dll	589824	052782e149856b6f8e377c14721b0d10a82553c9ab43f2f241d3c56194c5924f	pe	0x8664	IMAGE_FILE_MACHINE_ARM64EC	yes
dlls/x3daudio1_7/arm64ec-windows/x3daudio1_7.dll	589824	27d6477254d1f9551d7df9c8bb299bf2c51994612b6fed7d03e2988dfda0ac4b	pe	0x8664	IMAGE_FILE_MACHINE_ARM64EC	yes
dlls/xactengine2_0/arm64ec-windows/xactengine2_0.dll	1048576	97ccd33f6a949052b171e175b83c6a2a370124225cb99ad4b3e4db99cc67e79e	pe	0x8664	IMAGE_FILE_MACHINE_ARM64EC	yes
dlls/xactengine2_4/arm64ec-windows/xactengine2_4.dll	1048576	893fc155cd915ed645bb45b90a331747e4e8ebd0014b06e939e057635b7020c2	pe	0x8664	IMAGE_FILE_MACHINE_ARM64EC	yes
dlls/xactengine2_7/arm64ec-windows/xactengine2_7.dll	1048576	8cf9e4ee898b23b91f4ddc2f834fd8227ade1080d91d981df97e12d653563e5d	pe	0x8664	IMAGE_FILE_MACHINE_ARM64EC	yes
dlls/xactengine2_9/arm64ec-windows/xactengine2_9.dll	1048576	8ae87f3229eb6a820f9ecbb8dbd87cfb14a07bfeb0bab098f1bed9351c85630f	pe	0x8664	IMAGE_FILE_MACHINE_ARM64EC	yes
dlls/xactengine3_0/arm64ec-windows/xactengine3_0.dll	1048576	39ec0f5a61de29d2654dded574638b22689b60f7473bfaf7f64f543fe742beab	pe	0x8664	IMAGE_FILE_MACHINE_ARM64EC	yes
dlls/xactengine3_1/arm64ec-windows/xactengine3_1.dll	1048576	5947859777229e0a0396054f72a0adc8d6c411965d56e75befda015a353cb45b	pe	0x8664	IMAGE_FILE_MACHINE_ARM64EC	yes
dlls/xactengine3_2/arm64ec-windows/xactengine3_2.dll	1048576	2f8cb8a99f4b8173f2e55a69e88cd9874e8454f620830608f2a1ffb4c53f3b6d	pe	0x8664	IMAGE_FILE_MACHINE_ARM64EC	yes
dlls/xactengine3_3/arm64ec-windows/xactengine3_3.dll	1048576	bc5ed558973762a250cff75beb3681013267816e4798a9c8f8d4afa48db57576	pe	0x8664	IMAGE_FILE_MACHINE_ARM64EC	yes
dlls/xactengine3_4/arm64ec-windows/xactengine3_4.dll	1048576	6b1d7b9478a428773f9dc8e19ca04fb1a020ca404ecff77756e2ce9a80061ed6	pe	0x8664	IMAGE_FILE_MACHINE_ARM64EC	yes
dlls/xactengine3_5/arm64ec-windows/xactengine3_5.dll	1048576	6f3cb2beb270010a3d14b2969755fdaf92b4e88c0108955f6a871e77527b7db6	pe	0x8664	IMAGE_FILE_MACHINE_ARM64EC	yes
dlls/xactengine3_6/arm64ec-windows/xactengine3_6.dll	1048576	787eff0b2ffa0185a5a1ca59257699eccf9b1dffa94af721d07108871cc57bda	pe	0x8664	IMAGE_FILE_MACHINE_ARM64EC	yes
dlls/xactengine3_7/arm64ec-windows/xactengine3_7.dll	1048576	12cdcfbaff6cc8ab2938107e159d2efdf9deadbef4aee12345a7bcc19cacfe64	pe	0x8664	IMAGE_FILE_MACHINE_ARM64EC	yes
dlls/xactengine3_7/tests/arm64ec-windows/xactengine3_7_test.exe	720896	e8f3ed033f2ad4bb94a4fb8b21cb17ff4a0a46366aca24297ef08dcc67d954e8	pe	0x8664	IMAGE_FILE_MACHINE_ARM64EC	no
dlls/xapofx1_1/arm64ec-windows/xapofx1_1.dll	655360	6ad4484144402bc26303cefdd053a88c7bfb3d06fcc420316903b70967fbc2db	pe	0x8664	IMAGE_FILE_MACHINE_ARM64EC	yes
dlls/xapofx1_2/arm64ec-windows/xapofx1_2.dll	589824	3d526ec45557aed619644cba01610d690dfef56ddadf854adaa25f265173c99e	pe	0x8664	IMAGE_FILE_MACHINE_ARM64EC	yes
dlls/xapofx1_3/arm64ec-windows/xapofx1_3.dll	655360	7083bc61e1a3333cba24a10c59521e8a5a743e4341bfa828f2a10474567c178e	pe	0x8664	IMAGE_FILE_MACHINE_ARM64EC	yes
dlls/xapofx1_4/arm64ec-windows/xapofx1_4.dll	589824	50667a9f0a916a4b3feb39cd82d9403b59e4f7aa568aff757e2fb09396067373	pe	0x8664	IMAGE_FILE_MACHINE_ARM64EC	yes
dlls/xapofx1_5/arm64ec-windows/xapofx1_5.dll	589824	4aca1bcc761242cd5c4905c70ab0eef4a5bbdf67f70c4b263c8b43c04f552e4e	pe	0x8664	IMAGE_FILE_MACHINE_ARM64EC	yes
dlls/xaudio2_0/arm64ec-windows/xaudio2_0.dll	1048576	255dfa22f690c3b0e82832b0a0e85ae926414c54ad5ea257ffe60a18eb4be9d9	pe	0x8664	IMAGE_FILE_MACHINE_ARM64EC	yes
dlls/xaudio2_1/arm64ec-windows/xaudio2_1.dll	1048576	e05aa7ab4d0f404c11aa12c022504f5f7e75a83e65bf63f8236418f5d710054a	pe	0x8664	IMAGE_FILE_MACHINE_ARM64EC	yes
dlls/xaudio2_2/arm64ec-windows/xaudio2_2.dll	1048576	0a480b6f519415db397e591e42ba3097c0317c9c2054f993301860472f4e9958	pe	0x8664	IMAGE_FILE_MACHINE_ARM64EC	yes
dlls/xaudio2_3/arm64ec-windows/xaudio2_3.dll	1048576	18211c622bac079cf53d8eefeede35ab61b4a8991cb18f52a98f14d95c788800	pe	0x8664	IMAGE_FILE_MACHINE_ARM64EC	yes
dlls/xaudio2_4/arm64ec-windows/xaudio2_4.dll	1048576	ba1785d9f7d4e9dc2459af6c9a427bc30d04068497b91a03fc47ca0a834a8f90	pe	0x8664	IMAGE_FILE_MACHINE_ARM64EC	yes
dlls/xaudio2_5/arm64ec-windows/xaudio2_5.dll	1048576	8a94506dad7fb944c3a7f012f92e190c5e6842de44526af660409d63acdbaea1	pe	0x8664	IMAGE_FILE_MACHINE_ARM64EC	yes
dlls/xaudio2_6/arm64ec-windows/xaudio2_6.dll	1048576	6684bde6dd8716e0d7ab1f6675361460a6a46be53d5ac94573c549f40d64a4ec	pe	0x8664	IMAGE_FILE_MACHINE_ARM64EC	yes
dlls/xaudio2_7/arm64ec-windows/xaudio2_7.dll	1048576	f891bd93bd06147e127693fd6d7e5b8e288500ac30f99f4e269fe41d753e0ea0	pe	0x8664	IMAGE_FILE_MACHINE_ARM64EC	yes
dlls/xaudio2_7/tests/arm64ec-windows/xaudio2_7_test.exe	589824	c114afd560da3649bc0dcb9ba503f9f0c59ee73fb5fe241b092e90c2c50e775b	pe	0x8664	IMAGE_FILE_MACHINE_ARM64EC	no
dlls/xaudio2_8/arm64ec-windows/xaudio2_8.dll	983040	b5555a2ad32c422a448e5dbccd1f168fa80a2e3c020e104ec40475a2cbb0cc72	pe	0x8664	IMAGE_FILE_MACHINE_ARM64EC	yes
dlls/xaudio2_8/tests/arm64ec-windows/xaudio2_8_test.exe	589824	96779b11eb3c8c6ee946bfde2f86ae27e6b33a1167ab150420ccdcd024eec908	pe	0x8664	IMAGE_FILE_MACHINE_ARM64EC	no
dlls/xaudio2_9/arm64ec-windows/xaudio2_9.dll	1048576	45f9b7fda17023a166cfa660f65fcf6670ea406465bb2c5a750c0a7027ef5f63	pe	0x8664	IMAGE_FILE_MACHINE_ARM64EC	yes
dlls/xinput1_1/arm64ec-windows/xinput1_1.dll	655360	00360976f2b7d3c2e6f7dc1f6a486661d836d71a54656ae52b96b84578af09a2	pe	0x8664	IMAGE_FILE_MACHINE_ARM64EC	yes
dlls/xinput1_2/arm64ec-windows/xinput1_2.dll	655360	181b97eabcc4ecce9938c67fd674f7abbce32c2ede34f91ffd088d78b98782d4	pe	0x8664	IMAGE_FILE_MACHINE_ARM64EC	yes
dlls/xinput1_3/arm64ec-windows/xinput1_3.dll	655360	d3e6d24a5209b120a248419dc659d7c8a9da6b4493b7f6a9a1728cd9ff4ab8f1	pe	0x8664	IMAGE_FILE_MACHINE_ARM64EC	yes
dlls/xinput1_3/tests/arm64ec-windows/xinput1_3_test.exe	589824	0ebd32edf44f2cf34d4ad9c31e16e8c5ee03a6e24b182f24177653c8186dbbff	pe	0x8664	IMAGE_FILE_MACHINE_ARM64EC	no
dlls/xinput1_4/arm64ec-windows/xinput1_4.dll	720896	071d91d437a8094ed5afbdb0f42e1cd3ae88d01a8d2b18d75b921227fb8e49f8	pe	0x8664	IMAGE_FILE_MACHINE_ARM64EC	yes
dlls/xinput9_1_0/arm64ec-windows/xinput9_1_0.dll	655360	a03da9029bc3687eea0b0c4218875f8c783d31d60ef49dbe220f69bd125b40e2	pe	0x8664	IMAGE_FILE_MACHINE_ARM64EC	yes
dlls/xinputuap/arm64ec-windows/xinputuap.dll	720896	4693c64781daf44ae5e1fea655ec5c7baece5590429598a12ebf5f4e55ddb05a	pe	0x8664	IMAGE_FILE_MACHINE_ARM64EC	yes
dlls/xmllite/arm64ec-windows/xmllite.dll	655360	c27594725cf90ae914289c157e6ed691c37313821440fb5de155b0af6e6eec12	pe	0x8664	IMAGE_FILE_MACHINE_ARM64EC	yes
dlls/xmllite/tests/arm64ec-windows/xmllite_test.exe	786432	2700876b347d50301c2905a4fb022a0d9746ca0c1a37f2a8b584315a8a81427d	pe	0x8664	IMAGE_FILE_MACHINE_ARM64EC	no
dlls/xolehlp/arm64ec-windows/xolehlp.dll	851968	c44d42c3180abe9050b9f3bed28c4fa6cd0d91bdc2f5c1a146f4e6d5520f3753	pe	0x8664	IMAGE_FILE_MACHINE_ARM64EC	yes
dlls/xpsprint/arm64ec-windows/xpsprint.dll	720896	f257df565dd716658226da99b4453a610ff6129fa05eccf33c4aeda94ee492bb	pe	0x8664	IMAGE_FILE_MACHINE_ARM64EC	yes
dlls/xpssvcs/arm64ec-windows/xpssvcs.dll	655360	bd0c1d000297f3f32b3467e751b8f11d1d300f5ea9f2af5a15064d1353575348	pe	0x8664	IMAGE_FILE_MACHINE_ARM64EC	yes
dlls/xtajit64/arm64ec-windows/xtajit64.dll	589824	4510aa880bfe82f12246b4395e26b4c12548f8bc0ee4677114dfb86be7de2a22	pe	0x8664	IMAGE_FILE_MACHINE_ARM64EC	yes
programs/cmd/arm64ec-windows/cmd.exe	1638400	40a1e09ca6704229b7ee35f5020fb3cc9b51dd1315a292bb72441fb09d8525fd	pe	0x8664	IMAGE_FILE_MACHINE_ARM64EC	yes
programs/dllhost/arm64ec-windows/dllhost.exe	655360	5456390a5dce2631ae8018b5a8cd8e842b6481033bb4acbc0246ec3c35900d8c	pe	0x8664	IMAGE_FILE_MACHINE_ARM64EC	yes
programs/dpnsvr/arm64ec-windows/dpnsvr.exe	655360	bffe0238d7daf234e8f5c65323a710fc7b7f02b610b8eb64ba935af219537262	pe	0x8664	IMAGE_FILE_MACHINE_ARM64EC	yes
programs/dxdiag/arm64ec-windows/dxdiag.exe	655360	6a50bbde329ff29a3ad0ebfbe7b4311b5dfc032d865dc5c525c2b50acb8bbfbe	pe	0x8664	IMAGE_FILE_MACHINE_ARM64EC	yes
programs/msiexec/arm64ec-windows/msiexec.exe	655360	89d769043211ee41b105084cac265c72740e200575f1bc107b3c4869de0e97cb	pe	0x8664	IMAGE_FILE_MACHINE_ARM64EC	yes
programs/netsh/arm64ec-windows/netsh.exe	589824	e65ef42a62840f0e9dfe409fa5b8cafe9343ad4810144490a60c44185081e36d	pe	0x8664	IMAGE_FILE_MACHINE_ARM64EC	yes
programs/regsvr32/arm64ec-windows/regsvr32.exe	655360	7b4dbd81921cb03e4b234f4d37929f8acd3b16737d36b9d0d76caba839132b45	pe	0x8664	IMAGE_FILE_MACHINE_ARM64EC	yes
programs/rundll32/arm64ec-windows/rundll32.exe	589824	a07269c02f99ab56440dd7bdeb3763b7e7b33f2b500dc0f08b64755b0e1326c9	pe	0x8664	IMAGE_FILE_MACHINE_ARM64EC	yes
