dlls/acledit/aarch64-windows/acledit.dll	458752	59cb4fd88287329a138979cf87811cba99cf5d243295171f714f3d7795aea70b	pe	0xAA64	IMAGE_FILE_MACHINE_ARM64	yes
dlls/aclui/aarch64-windows/aclui.dll	524288	3cb23639e841087872f53f4f164fab05fdc15c3286d9f9ab032c29c582c7c018	pe	0xAA64	IMAGE_FILE_MACHINE_ARM64	yes
dlls/activeds.tlb/aarch64-windows/activeds.tlb	131072	7a919b322a10ec7b16e24246efb4625c3eaaa6044e0c916877ab32213acbd748	pe-data	0xAA64	IMAGE_FILE_MACHINE_ARM64	yes
dlls/activeds/aarch64-windows/activeds.dll	655360	1b3d60c7acb54865949f036f6a9b148cfbdfbda71f243ed5d447ed492c6edfd7	pe	0xAA64	IMAGE_FILE_MACHINE_ARM64	yes
dlls/activeds/tests/aarch64-windows/activeds_test-stripped.exe	458752	f50458db68bc5bdbc44a3afcda3c158888dd7ba0a092f465c84113c1d4e88a7a	pe	0xAA64	IMAGE_FILE_MACHINE_ARM64	no
dlls/activeds/tests/aarch64-windows/activeds_test.exe	458752	f50458db68bc5bdbc44a3afcda3c158888dd7ba0a092f465c84113c1d4e88a7a	pe	0xAA64	IMAGE_FILE_MACHINE_ARM64	no
dlls/actxprxy/aarch64-windows/actxprxy.dll	786432	756eeb30e1ada3ae4a8a3948c78a3e14aa6fe3793ba8f68d0fe694ef53f89ae5	pe	0xAA64	IMAGE_FILE_MACHINE_ARM64	yes
dlls/adsldp/aarch64-windows/adsldp.dll	524288	466be19a623dd778b451bacadca8a610d1e18342778cb5e2bc35a23a0dde716d	pe	0xAA64	IMAGE_FILE_MACHINE_ARM64	yes
dlls/adsldp/tests/aarch64-windows/adsldp_test-stripped.exe	655360	b0726af6ed414e25fe7b45641541e89c00b0add4e1c5c1c1a4ef703ca88903de	pe	0xAA64	IMAGE_FILE_MACHINE_ARM64	no
dlls/adsldp/tests/aarch64-windows/adsldp_test.exe	655360	b0726af6ed414e25fe7b45641541e89c00b0add4e1c5c1c1a4ef703ca88903de	pe	0xAA64	IMAGE_FILE_MACHINE_ARM64	no
dlls/adsldpc/aarch64-windows/adsldpc.dll	458752	6d54dfb4e79064b9d28eea07f08588facb79002afb553e17d709e8e1c3117c97	pe	0xAA64	IMAGE_FILE_MACHINE_ARM64	yes
dlls/advapi32/aarch64-windows/advapi32.dll	786432	4bfe64eda653854d62f2d91d52ea2e073a278602d1474f5cb05a6c911f245500	pe	0xAA64	IMAGE_FILE_MACHINE_ARM64	yes
dlls/advapi32/tests/aarch64-windows/advapi32_test-stripped.exe	1572864	b8180bef2618e89f831f9fbc751c350c10b57bb5196ef459f8cb48727c218350	pe	0xAA64	IMAGE_FILE_MACHINE_ARM64	no
dlls/advapi32/tests/aarch64-windows/advapi32_test.exe	1572864	b8180bef2618e89f831f9fbc751c350c10b57bb5196ef459f8cb48727c218350	pe	0xAA64	IMAGE_FILE_MACHINE_ARM64	no
dlls/advpack/aarch64-windows/advpack.dll	458752	eae45a34197443cf2453472e47f928153fab4742abe7f7951a199177b4181337	pe	0xAA64	IMAGE_FILE_MACHINE_ARM64	yes
dlls/advpack/tests/aarch64-windows/advpack_test-stripped.exe	1376256	fd6b98c18d9f5c8ea96b26b7fca1116e5798d6f4b6458402fe5a484f80477c36	pe	0xAA64	IMAGE_FILE_MACHINE_ARM64	no
dlls/advpack/tests/aarch64-windows/advpack_test.exe	1376256	fd6b98c18d9f5c8ea96b26b7fca1116e5798d6f4b6458402fe5a484f80477c36	pe	0xAA64	IMAGE_FILE_MACHINE_ARM64	no
dlls/advpack/tests/aarch64-windows/selfreg.dll	458752	9bf531008f37df8f09f5ce817106587a396984c7f2f3bf7de91d0a92320aa9dd	pe	0xAA64	IMAGE_FILE_MACHINE_ARM64	no
dlls/aero.msstyles/aarch64-windows/aero.msstyles	7667712	3d2cd766f6be0763238ddbe38eaa2eb65ac3253c1c6890b97ac753e845d8ea7b	pe-data	0xAA64	IMAGE_FILE_MACHINE_ARM64	yes
dlls/amsi/aarch64-windows/amsi.dll	458752	96f60c8aafd330e020ab20a193527f1277e426daf4064dffa546e1f90e7daaa1	pe	0xAA64	IMAGE_FILE_MACHINE_ARM64	yes
dlls/amstream/aarch64-windows/amstream.dll	786432	0cdfbd6d8f48aee32c0e081db14ba338454a8af95ea0909f66353c92aacbfd2a	pe	0xAA64	IMAGE_FILE_MACHINE_ARM64	yes
dlls/amstream/tests/aarch64-windows/amstream_test-stripped.exe	1245184	753ebb7d60642ce4dd1ccf0fa7f26aa0a5ddf21cea812c5f7c57ff9dfeab2fbb	pe	0xAA64	IMAGE_FILE_MACHINE_ARM64	no
dlls/amstream/tests/aarch64-windows/amstream_test.exe	1245184	753ebb7d60642ce4dd1ccf0fa7f26aa0a5ddf21cea812c5f7c57ff9dfeab2fbb	pe	0xAA64	IMAGE_FILE_MACHINE_ARM64	no
dlls/apisetschema/aarch64-windows/apisetschema.dll	196608	678533718e811293367b8d82374d7dee3673cdf25f179e06d0152011425d0d19	pe-data	0xAA64	IMAGE_FILE_MACHINE_ARM64	yes
dlls/apphelp/aarch64-windows/apphelp.dll	458752	712a762e904b19e286220a28135cfdddc9dd1fa72c64d4bdbf704ed6c58414a1	pe	0xAA64	IMAGE_FILE_MACHINE_ARM64	yes
dlls/apphelp/tests/aarch64-windows/apphelp_test-stripped.exe	458752	05b3b51cb9b682fee37353848058fd6e44b24b24e262d9d0e021782d8c2ebf54	pe	0xAA64	IMAGE_FILE_MACHINE_ARM64	no
dlls/apphelp/tests/aarch64-windows/apphelp_test.exe	458752	05b3b51cb9b682fee37353848058fd6e44b24b24e262d9d0e021782d8c2ebf54	pe	0xAA64	IMAGE_FILE_MACHINE_ARM64	no
dlls/appwiz.cpl/aarch64-windows/appwiz.cpl	917504	051c6e7a53366f9ff1d323a9f150f26e85512cfc03563235ab7ad08c787d4fa3	pe	0xAA64	IMAGE_FILE_MACHINE_ARM64	yes
dlls/appxdeploymentclient/aarch64-windows/appxdeploymentclient.dll	524288	795fe526377c0b5a7bd0d3a0d834f401ff529e8d11cac197e1fc465f2973b2b7	pe	0xAA64	IMAGE_FILE_MACHINE_ARM64	yes
dlls/atl/aarch64-windows/atl.dll	720896	2f17b338b0ca49c97cb3cebe94cc156a5c7727bd6bd3471610062fd096c66457	pe	0xAA64	IMAGE_FILE_MACHINE_ARM64	yes
dlls/atl/tests/aarch64-windows/atl_test-stripped.exe	589824	af657550f7d17f63aef682fe917b2508f869071a23c7cc3df73a442ef64a30e6	pe	0xAA64	IMAGE_FILE_MACHINE_ARM64	no
dlls/atl/tests/aarch64-windows/atl_test.exe	589824	af657550f7d17f63aef682fe917b2508f869071a23c7cc3df73a442ef64a30e6	pe	0xAA64	IMAGE_FILE_MACHINE_ARM64	no
dlls/atl100/aarch64-windows/atl100.dll	720896	97d698a9554e4cb89678245dc553322fa5f1b2e6bbc2ff8710184a6e05de7ac6	pe	0xAA64	IMAGE_FILE_MACHINE_ARM64	yes
dlls/atl100/tests/aarch64-windows/atl100_test-stripped.exe	589824	cf35b0a809bc22029ffa701963ceec0888a9496ab86bba43dcb0f06bc0c3fe41	pe	0xAA64	IMAGE_FILE_MACHINE_ARM64	no
dlls/atl100/tests/aarch64-windows/atl100_test.exe	589824	cf35b0a809bc22029ffa701963ceec0888a9496ab86bba43dcb0f06bc0c3fe41	pe	0xAA64	IMAGE_FILE_MACHINE_ARM64	no
dlls/atl110/aarch64-windows/atl110.dll	720896	4e0782022b95623121b749fa1c099fdad8bc6f5be860aba3c985d312ca1902c8	pe	0xAA64	IMAGE_FILE_MACHINE_ARM64	yes
dlls/atl110/tests/aarch64-windows/atl110_test-stripped.exe	524288	1f99f26f86e99cf8b84bd413a2f38eab0ec9da4e8a8e3a91e83738290ec88562	pe	0xAA64	IMAGE_FILE_MACHINE_ARM64	no
dlls/atl110/tests/aarch64-windows/atl110_test.exe	524288	1f99f26f86e99cf8b84bd413a2f38eab0ec9da4e8a8e3a91e83738290ec88562	pe	0xAA64	IMAGE_FILE_MACHINE_ARM64	no
dlls/atl80/aarch64-windows/atl80.dll	720896	045e2f73ac6fe89fd0737ad004f11a4d5e26a487e95629e24ec21b4aa35bb9fe	pe	0xAA64	IMAGE_FILE_MACHINE_ARM64	yes
dlls/atl80/tests/aarch64-windows/atl80_test-stripped.exe	524288	1f09bba8317bec971af3609387f0abfeb4103f9c0e1cb2cbc13e1c24a48cc585	pe	0xAA64	IMAGE_FILE_MACHINE_ARM64	no
dlls/atl80/tests/aarch64-windows/atl80_test.exe	524288	1f09bba8317bec971af3609387f0abfeb4103f9c0e1cb2cbc13e1c24a48cc585	pe	0xAA64	IMAGE_FILE_MACHINE_ARM64	no
dlls/atl90/aarch64-windows/atl90.dll	720896	5132ad75a16a0623c7d4b5e9647b1fb242a1b58dec154931f52dac8507b0bf3f	pe	0xAA64	IMAGE_FILE_MACHINE_ARM64	yes
dlls/atlthunk/aarch64-windows/atlthunk.dll	458752	c6b2f208a04d248858c2cb953266f26f9063ee2a9e577f9aa4bdf5908061811a	pe	0xAA64	IMAGE_FILE_MACHINE_ARM64	yes
dlls/atlthunk/tests/aarch64-windows/atlthunk_test-stripped.exe	458752	d5d432123eef111f8afb5669596f2c85764a3b01b95e87d1bff2a6a450db2a18	pe	0xAA64	IMAGE_FILE_MACHINE_ARM64	no
dlls/atlthunk/tests/aarch64-windows/atlthunk_test.exe	458752	d5d432123eef111f8afb5669596f2c85764a3b01b95e87d1bff2a6a450db2a18	pe	0xAA64	IMAGE_FILE_MACHINE_ARM64	no
dlls/atmlib/aarch64-windows/atmlib.dll	458752	8979fd0ccb69d97ca18f486caf3ee3213be26764cb4b8fbdb1d247ec054ec190	pe	0xAA64	IMAGE_FILE_MACHINE_ARM64	yes
dlls/authz/aarch64-windows/authz.dll	458752	fbb1200881405aa10fb80366ed27255551b9810b26f05f54bfe376a5a524e273	pe	0xAA64	IMAGE_FILE_MACHINE_ARM64	yes
dlls/avicap32/aarch64-windows/avicap32.dll	458752	8e1bfdce19fa3d0bd292fa4411530b540ec0255e4f8803adc8b49e67e244757d	pe	0xAA64	IMAGE_FILE_MACHINE_ARM64	yes
dlls/avifil32/aarch64-windows/avifil32.dll	786432	b4b243dcf329260803e5a93d21ed07c987d2f24205b9da2dbe402b13461c2faf	pe	0xAA64	IMAGE_FILE_MACHINE_ARM64	yes
dlls/avifil32/tests/aarch64-windows/avifil32_test-stripped.exe	458752	eb1f84dfc0b157a16b60ed643023fd1a4179d3d1597737ffd83dbe448f6cb787	pe	0xAA64	IMAGE_FILE_MACHINE_ARM64	no
dlls/avifil32/tests/aarch64-windows/avifil32_test.exe	458752	eb1f84dfc0b157a16b60ed643023fd1a4179d3d1597737ffd83dbe448f6cb787	pe	0xAA64	IMAGE_FILE_MACHINE_ARM64	no
dlls/avrt/aarch64-windows/avrt.dll	458752	7459e38289c4f83e526831b4aeca9d26572fb10c1afe67e3392fc21bb11147fc	pe	0xAA64	IMAGE_FILE_MACHINE_ARM64	yes
dlls/bcp47langs/aarch64-windows/bcp47langs.dll	458752	65ad5b512e02c21bacabca6322a3add2f06a34b94e4a23f9899129f63d4891a8	pe	0xAA64	IMAGE_FILE_MACHINE_ARM64	yes
dlls/bcp47langs/tests/aarch64-windows/bcp47langs_test-stripped.exe	458752	890394b7177d88ada6431ba446f5ddee748d7b7f265aa50d50970109aafc9b06	pe	0xAA64	IMAGE_FILE_MACHINE_ARM64	no
dlls/bcp47langs/tests/aarch64-windows/bcp47langs_test.exe	458752	890394b7177d88ada6431ba446f5ddee748d7b7f265aa50d50970109aafc9b06	pe	0xAA64	IMAGE_FILE_MACHINE_ARM64	no
dlls/bcrypt/aarch64-windows/bcrypt.dll	786432	872454b6a04f7329a78784a7ce645f12bdf554de277dc959c2dec186a1c98b40	pe	0xAA64	IMAGE_FILE_MACHINE_ARM64	yes
dlls/bcrypt/tests/aarch64-windows/bcrypt_test-stripped.exe	655360	e557802b35f0ea93316bc9ebe60933e3aace1f025ce773a7ddde1dc71839c567	pe	0xAA64	IMAGE_FILE_MACHINE_ARM64	no
dlls/bcrypt/tests/aarch64-windows/bcrypt_test.exe	655360	e557802b35f0ea93316bc9ebe60933e3aace1f025ce773a7ddde1dc71839c567	pe	0xAA64	IMAGE_FILE_MACHINE_ARM64	no
dlls/bcryptprimitives/aarch64-windows/bcryptprimitives.dll	458752	bbd438fbc77d4c9f1786d4d36498944deed5f1ae090064a9bdbf9a7cf7675b4d	pe	0xAA64	IMAGE_FILE_MACHINE_ARM64	yes
dlls/bluetoothapis/aarch64-windows/bluetoothapis.dll	524288	0e7bde69af4b0c99b0b250723a0ba7de0589026320868d6310933240f117f6b2	pe	0xAA64	IMAGE_FILE_MACHINE_ARM64	yes
dlls/bluetoothapis/tests/aarch64-windows/bluetoothapis_test-stripped.exe	524288	0534ab433fbe7e9c429281dc5cb36673ff84da072d7906c530addeda9d92f3f4	pe	0xAA64	IMAGE_FILE_MACHINE_ARM64	no
dlls/bluetoothapis/tests/aarch64-windows/bluetoothapis_test.exe	524288	0534ab433fbe7e9c429281dc5cb36673ff84da072d7906c530addeda9d92f3f4	pe	0xAA64	IMAGE_FILE_MACHINE_ARM64	no
dlls/browseui/aarch64-windows/browseui.dll	655360	be233aeb4ea858c4ca390238441b3982335036386e88922d1cb4087b5391b918	pe	0xAA64	IMAGE_FILE_MACHINE_ARM64	yes
dlls/browseui/tests/aarch64-windows/browseui_test-stripped.exe	458752	d5f232cb630af8317ae583221830584b54a221cdf5df52302c6c88119822d854	pe	0xAA64	IMAGE_FILE_MACHINE_ARM64	no
dlls/browseui/tests/aarch64-windows/browseui_test.exe	458752	d5f232cb630af8317ae583221830584b54a221cdf5df52302c6c88119822d854	pe	0xAA64	IMAGE_FILE_MACHINE_ARM64	no
dlls/bthprops.cpl/aarch64-windows/bthprops.cpl	458752	598eb5f3fbd5cadec34c562ba12f3a25f43c0af72724aa95b6fc2217f068fa2f	pe	0xAA64	IMAGE_FILE_MACHINE_ARM64	yes
dlls/cabinet/aarch64-windows/cabinet.dll	589824	34df72691808958dcee1952da72384c567478b2ecf1233949eec4928059c1648	pe	0xAA64	IMAGE_FILE_MACHINE_ARM64	yes
dlls/cabinet/tests/aarch64-windows/cabinet_test-stripped.exe	524288	0f918da3e21f3385428e2d96106059bf72c1b08ad5298300e19704289db0263d	pe	0xAA64	IMAGE_FILE_MACHINE_ARM64	no
dlls/cabinet/tests/aarch64-windows/cabinet_test.exe	524288	0f918da3e21f3385428e2d96106059bf72c1b08ad5298300e19704289db0263d	pe	0xAA64	IMAGE_FILE_MACHINE_ARM64	no
dlls/cards/aarch64-windows/cards.dll	720896	0832c98cd45a97a670929fc9ac66552bd5bc562494f146223ef588fb53297dc3	pe	0xAA64	IMAGE_FILE_MACHINE_ARM64	yes
dlls/cdosys/aarch64-windows/cdosys.dll	458752	191d4b4f1a7ca8fa184df02727d27a8c417fdbdb16aa5e60d73cea90eca36515	pe	0xAA64	IMAGE_FILE_MACHINE_ARM64	yes
dlls/cfgmgr32/aarch64-windows/cfgmgr32.dll	589824	f5649f84bca6c1de70db403a165f6267a8ab9ad1644403389741e669b84a45ca	pe	0xAA64	IMAGE_FILE_MACHINE_ARM64	yes
dlls/cfgmgr32/tests/aarch64-windows/cfgmgr32_test-stripped.exe	851968	6f9de8c70f25f7c690e89b974c2dbf5eab557f85baa8729e1ca4c4d99205c2a9	pe	0xAA64	IMAGE_FILE_MACHINE_ARM64	no
dlls/cfgmgr32/tests/aarch64-windows/cfgmgr32_test.exe	851968	6f9de8c70f25f7c690e89b974c2dbf5eab557f85baa8729e1ca4c4d99205c2a9	pe	0xAA64	IMAGE_FILE_MACHINE_ARM64	no
dlls/chakra/aarch64-windows/chakra.dll	458752	128d3403259f4b72e304dfa9738f53bf6890db61724806cca0164a302d7b0db4	pe	0xAA64	IMAGE_FILE_MACHINE_ARM64	yes
dlls/cldapi/aarch64-windows/cldapi.dll	458752	356b048c7175c89a604f51a4d061abbc6321479712e713b84632c8f1d748c087	pe	0xAA64	IMAGE_FILE_MACHINE_ARM64	yes
dlls/clusapi/aarch64-windows/clusapi.dll	458752	cf0b5ed7f91e503a0b19cc01bf2e85396331810eb8bfc05657a0bf2abca303aa	pe	0xAA64	IMAGE_FILE_MACHINE_ARM64	yes
dlls/cng.sys/aarch64-windows/cng.sys	458752	5c574a38a9600c0948bf4716133bf035f808d70c27044276ce560b111db0a009	pe	0xAA64	IMAGE_FILE_MACHINE_ARM64	yes
dlls/colorcnv/aarch64-windows/colorcnv.dll	2031616	e54a746936bd26d592d620576eafd8cb68940df5045b00f528fdf542efca1809	pe	0xAA64	IMAGE_FILE_MACHINE_ARM64	yes
dlls/combase/aarch64-windows/combase.dll	851968	2537d2cd339257c66dd7fe94e318495ec3090aa6af7f53e6e7e84b5e21e15ba7	pe	0xAA64	IMAGE_FILE_MACHINE_ARM64	yes
dlls/combase/tests/aarch64-windows/combase_test-stripped.exe	1572864	d62665ab1e95b5190b358a6ce69853234563024d00b625375632154a2cc2d0d0	pe	0xAA64	IMAGE_FILE_MACHINE_ARM64	no
dlls/combase/tests/aarch64-windows/combase_test.exe	1572864	d62665ab1e95b5190b358a6ce69853234563024d00b625375632154a2cc2d0d0	pe	0xAA64	IMAGE_FILE_MACHINE_ARM64	no
dlls/combase/tests/aarch64-windows/wine.combase.test.dll	458752	2d0683a624eeede9e661d59efb4719a9d3f32e5c8e1e952445095688dad3f41f	pe	0xAA64	IMAGE_FILE_MACHINE_ARM64	no
dlls/comcat/aarch64-windows/comcat.dll	524288	103af8941b2f587619223b4c1305c4d6402922235d91f903bf483e07364aed8a	pe	0xAA64	IMAGE_FILE_MACHINE_ARM64	yes
dlls/comcat/tests/aarch64-windows/comcat_test-stripped.exe	458752	75c82baa8538b25e5ad8f4eb1dff7cc22b3f21bd9c19d6833d54f5454424c297	pe	0xAA64	IMAGE_FILE_MACHINE_ARM64	no
dlls/comcat/tests/aarch64-windows/comcat_test.exe	458752	75c82baa8538b25e5ad8f4eb1dff7cc22b3f21bd9c19d6833d54f5454424c297	pe	0xAA64	IMAGE_FILE_MACHINE_ARM64	no
dlls/comctl32/aarch64-windows/comctl32.dll	1835008	2bbaeee7eab2a2f4f7bf16ac61dabda5add126d7925a6128cab44682298dca38	pe	0xAA64	IMAGE_FILE_MACHINE_ARM64	yes
dlls/comctl32/tests/aarch64-windows/comctl32_test-stripped.exe	2686976	474bedbe475835cc70c7ea221f6523e2eb4b8bd2370df400c6e4f0445c0e902b	pe	0xAA64	IMAGE_FILE_MACHINE_ARM64	no
dlls/comctl32/tests/aarch64-windows/comctl32_test.exe	2686976	474bedbe475835cc70c7ea221f6523e2eb4b8bd2370df400c6e4f0445c0e902b	pe	0xAA64	IMAGE_FILE_MACHINE_ARM64	no
dlls/comctl32_v6/aarch64-windows/comctl32_v6.dll	1966080	33cfa3cded3e0a33a2feace33ef6769376db350037c598fad7e12bac2131409c	pe	0xAA64	IMAGE_FILE_MACHINE_ARM64	yes
dlls/comdlg32/aarch64-windows/comdlg32.dll	1572864	7cf6f0ee3f27714bed0e17855f29073092ac2f005715f4c8dc053d95a1c0234e	pe	0xAA64	IMAGE_FILE_MACHINE_ARM64	yes
dlls/comdlg32/tests/aarch64-windows/comdlg32_test-stripped.exe	851968	110a5d1fffd97766c1ea217f8902408d55b8f34c382d2bb916913cb5dc858ec3	pe	0xAA64	IMAGE_FILE_MACHINE_ARM64	no
dlls/comdlg32/tests/aarch64-windows/comdlg32_test.exe	851968	110a5d1fffd97766c1ea217f8902408d55b8f34c382d2bb916913cb5dc858ec3	pe	0xAA64	IMAGE_FILE_MACHINE_ARM64	no
dlls/coml2/aarch64-windows/coml2.dll	524288	3228eaf25c0d90b8f77c71c196e7c22e8490c5f904c2f76de2fcd655ff177b0a	pe	0xAA64	IMAGE_FILE_MACHINE_ARM64	yes
dlls/compstui/aarch64-windows/compstui.dll	524288	8f05416ba39ab4d52b3b567fb3ec8bb3dbc01d67141c5a584672f5faea00b474	pe	0xAA64	IMAGE_FILE_MACHINE_ARM64	yes
dlls/compstui/tests/aarch64-windows/compstui_test-stripped.exe	524288	1a8ce7bb36bdd661fe8763f71d9a006a0f6d3fcd01b804e68d5aa5103b1f7511	pe	0xAA64	IMAGE_FILE_MACHINE_ARM64	no
dlls/compstui/tests/aarch64-windows/compstui_test.exe	524288	1a8ce7bb36bdd661fe8763f71d9a006a0f6d3fcd01b804e68d5aa5103b1f7511	pe	0xAA64	IMAGE_FILE_MACHINE_ARM64	no
dlls/comsvcs/aarch64-windows/comsvcs.dll	655360	cd6126191a8ddb1a3ca909e3c7a78c49b19c49c3e817e7034b576a07030b1ff8	pe	0xAA64	IMAGE_FILE_MACHINE_ARM64	yes
dlls/comsvcs/tests/aarch64-windows/comsvcs_test-stripped.exe	589824	5904be7217cba717dd55cdb8537ad7b8c20dc28f81bda2f0742fb31929f6875c	pe	0xAA64	IMAGE_FILE_MACHINE_ARM64	no
dlls/comsvcs/tests/aarch64-windows/comsvcs_test.exe	589824	5904be7217cba717dd55cdb8537ad7b8c20dc28f81bda2f0742fb31929f6875c	pe	0xAA64	IMAGE_FILE_MACHINE_ARM64	no
dlls/concrt140/aarch64-windows/concrt140.dll	589824	2ee1d79f7647f70e88e6895d26e425c474cb9018c614e781586cdcdb8c1e3e43	pe	0xAA64	IMAGE_FILE_MACHINE_ARM64	yes
dlls/concrt140/tests/aarch64-windows/concrt140_test-stripped.exe	458752	acc9c3924ed0319c3301aaa3755ad67cc0505f4cf30b06b478b5a3a635af4ec3	pe	0xAA64	IMAGE_FILE_MACHINE_ARM64	no
dlls/concrt140/tests/aarch64-windows/concrt140_test.exe	458752	acc9c3924ed0319c3301aaa3755ad67cc0505f4cf30b06b478b5a3a635af4ec3	pe	0xAA64	IMAGE_FILE_MACHINE_ARM64	no
dlls/connect/aarch64-windows/connect.dll	458752	3ebb40d73dd68febac10e8e1beaac3478074a2f4be8f94be5d0adec9fdb62aa9	pe	0xAA64	IMAGE_FILE_MACHINE_ARM64	yes
dlls/coremessaging/aarch64-windows/coremessaging.dll	524288	912ca438195e068a73748d5fdad55c22a6e4bbfe901b2b3bb27b0d3aedca11ab	pe	0xAA64	IMAGE_FILE_MACHINE_ARM64	yes
dlls/coremessaging/tests/aarch64-windows/coremessaging_test-stripped.exe	458752	ad02b53d26f1cf9a181af65502460ebfff8925083e009ca1712dc96f3ebc7e6b	pe	0xAA64	IMAGE_FILE_MACHINE_ARM64	no
dlls/coremessaging/tests/aarch64-windows/coremessaging_test.exe	458752	ad02b53d26f1cf9a181af65502460ebfff8925083e009ca1712dc96f3ebc7e6b	pe	0xAA64	IMAGE_FILE_MACHINE_ARM64	no
dlls/credui/aarch64-windows/credui.dll	589824	2a20187f3ec293d03e70275fd39a92451dff8499f065ec3c4f470027cac13636	pe	0xAA64	IMAGE_FILE_MACHINE_ARM64	yes
dlls/credui/tests/aarch64-windows/credui_test-stripped.exe	458752	d2c6c0367ece8a0cd710020e260a256b68583a91c8c6b7916e72cd0126f5503e	pe	0xAA64	IMAGE_FILE_MACHINE_ARM64	no
dlls/credui/tests/aarch64-windows/credui_test.exe	458752	d2c6c0367ece8a0cd710020e260a256b68583a91c8c6b7916e72cd0126f5503e	pe	0xAA64	IMAGE_FILE_MACHINE_ARM64	no
dlls/crypt32/aarch64-windows/crypt32.dll	1310720	07421af34afee49f8857e3f8ad521bc9322bd95032504eb69b4c9fe168ceb8e4	pe	0xAA64	IMAGE_FILE_MACHINE_ARM64	yes
dlls/crypt32/tests/aarch64-windows/crypt32_test-stripped.exe	1507328	76f37dd26eac674ff4ee8f7567306ab4c34fcf32f527308c4218b96e25630fb0	pe	0xAA64	IMAGE_FILE_MACHINE_ARM64	no
dlls/crypt32/tests/aarch64-windows/crypt32_test.exe	1507328	76f37dd26eac674ff4ee8f7567306ab4c34fcf32f527308c4218b96e25630fb0	pe	0xAA64	IMAGE_FILE_MACHINE_ARM64	no
dlls/cryptbase/aarch64-windows/cryptbase.dll	458752	f2a27d085470d4200080fabb97ac99c2d07cace6fddf82598b721af0d3bb2feb	pe	0xAA64	IMAGE_FILE_MACHINE_ARM64	yes
dlls/cryptdlg/aarch64-windows/cryptdlg.dll	524288	af92d0812a9830376059e6c5107bd17987c95ff1ca1a7097f28dc30c8c6182c5	pe	0xAA64	IMAGE_FILE_MACHINE_ARM64	yes
dlls/cryptdll/aarch64-windows/cryptdll.dll	458752	642deeee17ec1111c231fe3cb283c89b400e8ae9523975640edd98aaa37089db	pe	0xAA64	IMAGE_FILE_MACHINE_ARM64	yes
dlls/cryptext/aarch64-windows/cryptext.dll	458752	367d32b521e6d0760a5c28f0b22ac4cdf5f0b05a07959c764b1039fe0b777ea9	pe	0xAA64	IMAGE_FILE_MACHINE_ARM64	yes
dlls/cryptext/tests/aarch64-windows/cryptext_test-stripped.exe	458752	ecfd4b5588848fbf7dc7311074475229c6b61da5900b56f71437f091bd6d806d	pe	0xAA64	IMAGE_FILE_MACHINE_ARM64	no
dlls/cryptext/tests/aarch64-windows/cryptext_test.exe	458752	ecfd4b5588848fbf7dc7311074475229c6b61da5900b56f71437f091bd6d806d	pe	0xAA64	IMAGE_FILE_MACHINE_ARM64	no
dlls/cryptnet/aarch64-windows/cryptnet.dll	458752	8ab435c657392236122ea3cdd560cb6e17728c6ce1ca91dadac5ea74907f2aaf	pe	0xAA64	IMAGE_FILE_MACHINE_ARM64	yes
dlls/cryptnet/tests/aarch64-windows/cryptnet_test-stripped.exe	458752	54f4d23603152000e3ea69c3bc11fd763e4b426194fffd38c30eaf169fd703e6	pe	0xAA64	IMAGE_FILE_MACHINE_ARM64	no
dlls/cryptnet/tests/aarch64-windows/cryptnet_test.exe	458752	54f4d23603152000e3ea69c3bc11fd763e4b426194fffd38c30eaf169fd703e6	pe	0xAA64	IMAGE_FILE_MACHINE_ARM64	no
dlls/cryptowinrt/aarch64-windows/cryptowinrt.dll	524288	50322701befe64109aff25ae095f8edf20f07bcc3f46df757f6a2aa9b49357f4	pe	0xAA64	IMAGE_FILE_MACHINE_ARM64	yes
dlls/cryptowinrt/tests/aarch64-windows/cryptowinrt_test-stripped.exe	458752	ffe6f67f0e7579263fbee6d38576e301e18ea9a78eb495932ce607869df27cd2	pe	0xAA64	IMAGE_FILE_MACHINE_ARM64	no
dlls/cryptowinrt/tests/aarch64-windows/cryptowinrt_test.exe	458752	ffe6f67f0e7579263fbee6d38576e301e18ea9a78eb495932ce607869df27cd2	pe	0xAA64	IMAGE_FILE_MACHINE_ARM64	no
dlls/cryptsp/aarch64-windows/cryptsp.dll	458752	561ead2cb29395642d63370538ed5e52468190d917a91cc33da346242daabb5c	pe	0xAA64	IMAGE_FILE_MACHINE_ARM64	yes
dlls/cryptui/aarch64-windows/cryptui.dll	1638400	ade853ea5c2d067852f13890cebe54b95bcbbb881c8820b8a71f8bbbeb468075	pe	0xAA64	IMAGE_FILE_MACHINE_ARM64	yes
dlls/cryptui/tests/aarch64-windows/cryptui_test-stripped.exe	458752	ada1da922fc60dbbc43231f13366e6f6694d22d26aafefe6b86ca3ce4548cb68	pe	0xAA64	IMAGE_FILE_MACHINE_ARM64	no
dlls/cryptui/tests/aarch64-windows/cryptui_test.exe	458752	ada1da922fc60dbbc43231f13366e6f6694d22d26aafefe6b86ca3ce4548cb68	pe	0xAA64	IMAGE_FILE_MACHINE_ARM64	no
dlls/cryptxml/aarch64-windows/cryptxml.dll	458752	a82a8776dfe74854df378691df5dbfc95a9ad4b609b2ad7e364701732556d084	pe	0xAA64	IMAGE_FILE_MACHINE_ARM64	yes
dlls/cryptxml/tests/aarch64-windows/cryptxml_test-stripped.exe	458752	0ce15d147a5ae87992a9d81741d8e90c057b986ce31619c668b46cb16529defe	pe	0xAA64	IMAGE_FILE_MACHINE_ARM64	no
dlls/cryptxml/tests/aarch64-windows/cryptxml_test.exe	458752	0ce15d147a5ae87992a9d81741d8e90c057b986ce31619c668b46cb16529defe	pe	0xAA64	IMAGE_FILE_MACHINE_ARM64	no
dlls/ctapi32/aarch64-windows/ctapi32.dll	458752	500ce3da39cfa57677e04c4e3c38f36ffb2075cd1ed975c361f582c4d6509fd1	pe	0xAA64	IMAGE_FILE_MACHINE_ARM64	yes
dlls/d2d1/aarch64-windows/d2d1.dll	1114112	8bda8e71c388563848ffa37ceca89b3991cbf23ede85ac18cda37fb615d3baa9	pe	0xAA64	IMAGE_FILE_MACHINE_ARM64	yes
dlls/d2d1/tests/aarch64-windows/d2d1_test-stripped.exe	1245184	0e9762f9097604cbb24acc1aff224f3b1f94f16dd393fb80a67cdd265c1e9aff	pe	0xAA64	IMAGE_FILE_MACHINE_ARM64	no
dlls/d2d1/tests/aarch64-windows/d2d1_test.exe	1245184	0e9762f9097604cbb24acc1aff224f3b1f94f16dd393fb80a67cdd265c1e9aff	pe	0xAA64	IMAGE_FILE_MACHINE_ARM64	no
dlls/d3d10/aarch64-windows/d3d10.dll	655360	be143b624fc092844e0df42870a03d5f92b19a653b87750fd5a77fcf6dbed573	pe	0xAA64	IMAGE_FILE_MACHINE_ARM64	yes
dlls/d3d10/tests/aarch64-windows/d3d10_test-stripped.exe	983040	2927e6a0cdac16cb29dba2b92cfabedd43692db742b7218c0575977924896243	pe	0xAA64	IMAGE_FILE_MACHINE_ARM64	no
dlls/d3d10/tests/aarch64-windows/d3d10_test.exe	983040	2927e6a0cdac16cb29dba2b92cfabedd43692db742b7218c0575977924896243	pe	0xAA64	IMAGE_FILE_MACHINE_ARM64	no
dlls/d3d10_1/aarch64-windows/d3d10_1.dll	524288	983c83b35c452289ff73118a2aafe0e29edd18e9dd7c6811e23b6d727439318a	pe	0xAA64	IMAGE_FILE_MACHINE_ARM64	yes
dlls/d3d10_1/tests/aarch64-windows/d3d10_1_test-stripped.exe	524288	bab880234614dd5e1025382adb8f426f7ad4512efa5928ffa9445577c998c8bb	pe	0xAA64	IMAGE_FILE_MACHINE_ARM64	no
dlls/d3d10_1/tests/aarch64-windows/d3d10_1_test.exe	524288	bab880234614dd5e1025382adb8f426f7ad4512efa5928ffa9445577c998c8bb	pe	0xAA64	IMAGE_FILE_MACHINE_ARM64	no
dlls/d3d10core/aarch64-windows/d3d10core.dll	524288	cd7283d7945909a18d4ca7a7617f1e8617cc5fadf69b93dd97497f5012eeeb56	pe	0xAA64	IMAGE_FILE_MACHINE_ARM64	yes
dlls/d3d10core/tests/aarch64-windows/d3d10core_test-stripped.exe	917504	1c90fe56b7663543af9879ce294f804b86804eab5441986a168d57b759771639	pe	0xAA64	IMAGE_FILE_MACHINE_ARM64	no
dlls/d3d10core/tests/aarch64-windows/d3d10core_test.exe	917504	1c90fe56b7663543af9879ce294f804b86804eab5441986a168d57b759771639	pe	0xAA64	IMAGE_FILE_MACHINE_ARM64	no
dlls/d3d11/aarch64-windows/d3d11.dll	1114112	1631f5b8c4706e415b6f4462aadff46b6e31699701cf5824da512a984c06dfba	pe	0xAA64	IMAGE_FILE_MACHINE_ARM64	yes
dlls/d3d11/tests/aarch64-windows/d3d11_test-stripped.exe	1507328	ae3d37f05fdef51fb5b8c61c84aefd6ad1628509d43538420f11fdbd266f6648	pe	0xAA64	IMAGE_FILE_MACHINE_ARM64	no
dlls/d3d11/tests/aarch64-windows/d3d11_test.exe	1507328	ae3d37f05fdef51fb5b8c61c84aefd6ad1628509d43538420f11fdbd266f6648	pe	0xAA64	IMAGE_FILE_MACHINE_ARM64	no
dlls/d3d12/aarch64-windows/d3d12.dll	589824	7ad80fead64265865868f371e2151a2fb77b43f3d19c571d952f4aa5291ebcc9	pe	0xAA64	IMAGE_FILE_MACHINE_ARM64	yes
dlls/d3d12/tests/aarch64-windows/d3d12_test-stripped.exe	458752	65c250dee1228f03a629893c57fe7f492f560270fd36d03759e48fed5dc26461	pe	0xAA64	IMAGE_FILE_MACHINE_ARM64	no
dlls/d3d12/tests/aarch64-windows/d3d12_test.exe	458752	65c250dee1228f03a629893c57fe7f492f560270fd36d03759e48fed5dc26461	pe	0xAA64	IMAGE_FILE_MACHINE_ARM64	no
dlls/d3d12core/aarch64-windows/d3d12core.dll	458752	380f34b8c7eb75a8e8d7d025651fecc0402b34cc3cb248458bc92340c058ab3d	pe	0xAA64	IMAGE_FILE_MACHINE_ARM64	yes
dlls/d3d8thk/aarch64-windows/d3d8thk.dll	524288	25680f185831e16c0133d3c41a5c898536a8deb5b80d89484f70adf37ca950c3	pe	0xAA64	IMAGE_FILE_MACHINE_ARM64	yes
dlls/d3d9/aarch64-windows/d3d9.dll	655360	7993cbc19fe9d8acf8372750797ca96285f445e9db252ae58452ed34b916fdb7	pe	0xAA64	IMAGE_FILE_MACHINE_ARM64	yes
dlls/d3d9/tests/aarch64-windows/d3d9_test-stripped.exe	2490368	6d7a5bda69f0a0bc8bd1de5e2af871fa33d50a7c6c1b2c3e8fa2073a55577e0d	pe	0xAA64	IMAGE_FILE_MACHINE_ARM64	no
dlls/d3d9/tests/aarch64-windows/d3d9_test.exe	2490368	6d7a5bda69f0a0bc8bd1de5e2af871fa33d50a7c6c1b2c3e8fa2073a55577e0d	pe	0xAA64	IMAGE_FILE_MACHINE_ARM64	no
dlls/d3dcompiler_33/aarch64-windows/d3dcompiler_33.dll	655360	bcb46d70ef82646bb426c77c214d940538b2e8da7f99fdd28e15d9ebc419346d	pe	0xAA64	IMAGE_FILE_MACHINE_ARM64	yes
dlls/d3dcompiler_34/aarch64-windows/d3dcompiler_34.dll	655360	8dccd7b0bd58825b9e6c13171d69202bb701cbc07078668501e4da579ac0e6c8	pe	0xAA64	IMAGE_FILE_MACHINE_ARM64	yes
dlls/d3dcompiler_35/aarch64-windows/d3dcompiler_35.dll	655360	80c2da5876ff19c18dedf3fb17bee3596dc413217bf8e8676abb53ee9b55aa13	pe	0xAA64	IMAGE_FILE_MACHINE_ARM64	yes
dlls/d3dcompiler_36/aarch64-windows/d3dcompiler_36.dll	655360	c4a677e6601ff3974b46bb3d6e4ec9b1f8e45219d3c697af1edd742204bf9eb1	pe	0xAA64	IMAGE_FILE_MACHINE_ARM64	yes
dlls/d3dcompiler_37/aarch64-windows/d3dcompiler_37.dll	655360	e861a47ff4a37e9e1dbd19d5b94f470a4b07a20881ccef95005c5e32f1526591	pe	0xAA64	IMAGE_FILE_MACHINE_ARM64	yes
dlls/d3dcompiler_38/aarch64-windows/d3dcompiler_38.dll	655360	816e8a40b0ef5cd1a83aef4a0a9ddb0d3701397c2913d668c9b1f5c0747af0db	pe	0xAA64	IMAGE_FILE_MACHINE_ARM64	yes
dlls/d3dcompiler_39/aarch64-windows/d3dcompiler_39.dll	655360	dbf789500e90c4d7c51ac259f59fd880efd43675ddfd7815da5fbef944a0243d	pe	0xAA64	IMAGE_FILE_MACHINE_ARM64	yes
dlls/d3dcompiler_40/aarch64-windows/d3dcompiler_40.dll	655360	b2a9f33e85b01b48a1a641a275aaba5dfb0d4b703f3558a012ff7b7589438756	pe	0xAA64	IMAGE_FILE_MACHINE_ARM64	yes
dlls/d3dcompiler_41/aarch64-windows/d3dcompiler_41.dll	655360	4ac77afe0dd8ba0f587d4e30e70f812f90d726c38e1c6a111161fd1a97cc05bd	pe	0xAA64	IMAGE_FILE_MACHINE_ARM64	yes
dlls/d3dcompiler_42/aarch64-windows/d3dcompiler_42.dll	655360	9d904b1347b379f550d0078856755a4a9a132c2cd44a3abfd46cef89127c6fde	pe	0xAA64	IMAGE_FILE_MACHINE_ARM64	yes
dlls/d3dcompiler_42/tests/aarch64-windows/d3dcompiler_42_test-stripped.exe	786432	f24ea3493c211c3f9da714a2393d3e98b0f6e6816437153f7fbad73cb9781937	pe	0xAA64	IMAGE_FILE_MACHINE_ARM64	no
dlls/d3dcompiler_42/tests/aarch64-windows/d3dcompiler_42_test.exe	786432	f24ea3493c211c3f9da714a2393d3e98b0f6e6816437153f7fbad73cb9781937	pe	0xAA64	IMAGE_FILE_MACHINE_ARM64	no
dlls/d3dcompiler_43/aarch64-windows/d3dcompiler_43.dll	655360	ec9b321e2015cd13ba2babcbb3d837900b5983128660fd0d00924825058be8ea	pe	0xAA64	IMAGE_FILE_MACHINE_ARM64	yes
dlls/d3dcompiler_43/tests/aarch64-windows/d3dcompiler_43_test-stripped.exe	786432	5d58cfa76136a9b3c348ba62754bc52d43ea8e76051170260c9ae3f8863d2787	pe	0xAA64	IMAGE_FILE_MACHINE_ARM64	no
dlls/d3dcompiler_43/tests/aarch64-windows/d3dcompiler_43_test.exe	786432	5d58cfa76136a9b3c348ba62754bc52d43ea8e76051170260c9ae3f8863d2787	pe	0xAA64	IMAGE_FILE_MACHINE_ARM64	no
dlls/d3dcompiler_46/aarch64-windows/d3dcompiler_46.dll	655360	b9116181da7dcfe9fbbef2367131478b7b8493619c379f9c23417c020efcd835	pe	0xAA64	IMAGE_FILE_MACHINE_ARM64	yes
dlls/d3dcompiler_46/tests/aarch64-windows/d3dcompiler_46_test-stripped.exe	786432	b87f3d06d07e83e8cf94dfb13344ff8433b7002da9f3114b0add30aeba293de3	pe	0xAA64	IMAGE_FILE_MACHINE_ARM64	no
dlls/d3dcompiler_46/tests/aarch64-windows/d3dcompiler_46_test.exe	786432	b87f3d06d07e83e8cf94dfb13344ff8433b7002da9f3114b0add30aeba293de3	pe	0xAA64	IMAGE_FILE_MACHINE_ARM64	no
dlls/d3dcompiler_47/aarch64-windows/d3dcompiler_47.dll	655360	d9befd94629cf3f41df71ed75e2756c1ff8ba4ff81407d17bae06c3554de2d85	pe	0xAA64	IMAGE_FILE_MACHINE_ARM64	yes
dlls/d3dcompiler_47/tests/aarch64-windows/d3dcompiler_47_test-stripped.exe	786432	ae1e3b83d0b8686eaa4a82b36236656e53d49481d08e8786174a3009c9e42e99	pe	0xAA64	IMAGE_FILE_MACHINE_ARM64	no
dlls/d3dcompiler_47/tests/aarch64-windows/d3dcompiler_47_test.exe	786432	ae1e3b83d0b8686eaa4a82b36236656e53d49481d08e8786174a3009c9e42e99	pe	0xAA64	IMAGE_FILE_MACHINE_ARM64	no
dlls/d3drm/aarch64-windows/d3drm.dll	786432	3ecb995d0dbc3fa0780eff5d7b448710155378b4ba236818b0fb7f794c1e2f8c	pe	0xAA64	IMAGE_FILE_MACHINE_ARM64	yes
dlls/d3drm/tests/aarch64-windows/d3drm_test-stripped.exe	983040	749840ce2b69986cebeb3935c33cf7dc61e285aeb59f99eb27318f97f64df17f	pe	0xAA64	IMAGE_FILE_MACHINE_ARM64	no
dlls/d3drm/tests/aarch64-windows/d3drm_test.exe	983040	749840ce2b69986cebeb3935c33cf7dc61e285aeb59f99eb27318f97f64df17f	pe	0xAA64	IMAGE_FILE_MACHINE_ARM64	no
dlls/d3dx10_33/aarch64-windows/d3dx10_33.dll	524288	c41556dcecfaeeccee7ac8cc056f7c164e86b39806d0a6b874aebde37fc21b2c	pe	0xAA64	IMAGE_FILE_MACHINE_ARM64	yes
dlls/d3dx10_33/tests/aarch64-windows/d3dx10_33_test-stripped.exe	589824	963354b9028f597248937af02f811329f9b7ca2de10e151842ad57b8de6f88cd	pe	0xAA64	IMAGE_FILE_MACHINE_ARM64	no
dlls/d3dx10_33/tests/aarch64-windows/d3dx10_33_test.exe	589824	963354b9028f597248937af02f811329f9b7ca2de10e151842ad57b8de6f88cd	pe	0xAA64	IMAGE_FILE_MACHINE_ARM64	no
dlls/d3dx10_34/aarch64-windows/d3dx10_34.dll	524288	a70473ab131acf9513265e8317c047097680494958b1651341e36d4586df0e21	pe	0xAA64	IMAGE_FILE_MACHINE_ARM64	yes
dlls/d3dx10_34/tests/aarch64-windows/d3dx10_34_test-stripped.exe	589824	94ca86f2ea2de956871da8f79b7f289946e7237cac588f0a703a78df6b6f6062	pe	0xAA64	IMAGE_FILE_MACHINE_ARM64	no
dlls/d3dx10_34/tests/aarch64-windows/d3dx10_34_test.exe	589824	94ca86f2ea2de956871da8f79b7f289946e7237cac588f0a703a78df6b6f6062	pe	0xAA64	IMAGE_FILE_MACHINE_ARM64	no
dlls/d3dx10_35/aarch64-windows/d3dx10_35.dll	524288	a42959c741035d108331dff6273e550aad39f4d7fdaa121981369961f0e45784	pe	0xAA64	IMAGE_FILE_MACHINE_ARM64	yes
dlls/d3dx10_35/tests/aarch64-windows/d3dx10_35_test-stripped.exe	655360	b737c9c31580414364745eb7db23a004d6b9756b60196a38482a04ea33d6cfe1	pe	0xAA64	IMAGE_FILE_MACHINE_ARM64	no
dlls/d3dx10_35/tests/aarch64-windows/d3dx10_35_test.exe	655360	b737c9c31580414364745eb7db23a004d6b9756b60196a38482a04ea33d6cfe1	pe	0xAA64	IMAGE_FILE_MACHINE_ARM64	no
dlls/d3dx10_36/aarch64-windows/d3dx10_36.dll	524288	acd4df629178a1e533db200358678915d29afdbfc60b05b27593a302d1d446ff	pe	0xAA64	IMAGE_FILE_MACHINE_ARM64	yes
dlls/d3dx10_36/tests/aarch64-windows/d3dx10_36_test-stripped.exe	655360	4d39ca18951e071b5ac7ca33e8006cdddf32cbe74633090faab8ddeab5611bbb	pe	0xAA64	IMAGE_FILE_MACHINE_ARM64	no
dlls/d3dx10_36/tests/aarch64-windows/d3dx10_36_test.exe	655360	4d39ca18951e071b5ac7ca33e8006cdddf32cbe74633090faab8ddeab5611bbb	pe	0xAA64	IMAGE_FILE_MACHINE_ARM64	no
dlls/d3dx10_37/aarch64-windows/d3dx10_37.dll	524288	2fbabc9fe95bb1ba0319ff6a40cc507491d6481ee86321e11680692c08258cd6	pe	0xAA64	IMAGE_FILE_MACHINE_ARM64	yes
dlls/d3dx10_37/tests/aarch64-windows/d3dx10_37_test-stripped.exe	655360	cedb3c4f212dd6b4e3122c29c7c3e928d92b2f4ba468c39b88d21e239a66d461	pe	0xAA64	IMAGE_FILE_MACHINE_ARM64	no
dlls/d3dx10_37/tests/aarch64-windows/d3dx10_37_test.exe	655360	cedb3c4f212dd6b4e3122c29c7c3e928d92b2f4ba468c39b88d21e239a66d461	pe	0xAA64	IMAGE_FILE_MACHINE_ARM64	no
dlls/d3dx10_38/aarch64-windows/d3dx10_38.dll	524288	9c34802067570bb8fece1e7cbf348c832b0fae3131cb24e005354642733f219a	pe	0xAA64	IMAGE_FILE_MACHINE_ARM64	yes
dlls/d3dx10_38/tests/aarch64-windows/d3dx10_38_test-stripped.exe	655360	b028f4aa4eecbfb198ec2a58cf6a0ea954aceaae02783d2179e6cddb71a50635	pe	0xAA64	IMAGE_FILE_MACHINE_ARM64	no
dlls/d3dx10_38/tests/aarch64-windows/d3dx10_38_test.exe	655360	b028f4aa4eecbfb198ec2a58cf6a0ea954aceaae02783d2179e6cddb71a50635	pe	0xAA64	IMAGE_FILE_MACHINE_ARM64	no
dlls/d3dx10_39/aarch64-windows/d3dx10_39.dll	524288	644df5379293ccbf71333f5c38dd8405d5f05dd5ee8972cf4ac4fdd5ce167a1f	pe	0xAA64	IMAGE_FILE_MACHINE_ARM64	yes
dlls/d3dx10_39/tests/aarch64-windows/d3dx10_39_test-stripped.exe	655360	b88bbbbf2bd174f24d74341273287356c39a9c3de12fe07082a0719f8b28aaea	pe	0xAA64	IMAGE_FILE_MACHINE_ARM64	no
dlls/d3dx10_39/tests/aarch64-windows/d3dx10_39_test.exe	655360	b88bbbbf2bd174f24d74341273287356c39a9c3de12fe07082a0719f8b28aaea	pe	0xAA64	IMAGE_FILE_MACHINE_ARM64	no
dlls/d3dx10_40/aarch64-windows/d3dx10_40.dll	524288	706c7fa1a465bcb52bfb242c3dc5ba96aad4d62808d4bce23e8dca33ff5809de	pe	0xAA64	IMAGE_FILE_MACHINE_ARM64	yes
dlls/d3dx10_40/tests/aarch64-windows/d3dx10_40_test-stripped.exe	655360	356b551c7c9bd8fe481506ee6f3ad368a659bf8c9fed67580b013f3ba85a3019	pe	0xAA64	IMAGE_FILE_MACHINE_ARM64	no
dlls/d3dx10_40/tests/aarch64-windows/d3dx10_40_test.exe	655360	356b551c7c9bd8fe481506ee6f3ad368a659bf8c9fed67580b013f3ba85a3019	pe	0xAA64	IMAGE_FILE_MACHINE_ARM64	no
dlls/d3dx10_41/aarch64-windows/d3dx10_41.dll	524288	358c11c4d528de26c2387546aa693367fef2f2309cb953e2c4661fd782e173fe	pe	0xAA64	IMAGE_FILE_MACHINE_ARM64	yes
dlls/d3dx10_41/tests/aarch64-windows/d3dx10_41_test-stripped.exe	655360	131e704b98435e145dc3c1b4f855e7ae4704059246984be691145d7b66925a2a	pe	0xAA64	IMAGE_FILE_MACHINE_ARM64	no
dlls/d3dx10_41/tests/aarch64-windows/d3dx10_41_test.exe	655360	131e704b98435e145dc3c1b4f855e7ae4704059246984be691145d7b66925a2a	pe	0xAA64	IMAGE_FILE_MACHINE_ARM64	no
dlls/d3dx10_42/aarch64-windows/d3dx10_42.dll	524288	a3bf069db91b5e90e7bc827b0ab51d05f5dea5d39fc919a33e73343e3925f1c2	pe	0xAA64	IMAGE_FILE_MACHINE_ARM64	yes
dlls/d3dx10_42/tests/aarch64-windows/d3dx10_42_test-stripped.exe	655360	1a7be1a5a22b6062a5283cb08d4becba6b33e09ec0b204474681efa3ae618803	pe	0xAA64	IMAGE_FILE_MACHINE_ARM64	no
dlls/d3dx10_42/tests/aarch64-windows/d3dx10_42_test.exe	655360	1a7be1a5a22b6062a5283cb08d4becba6b33e09ec0b204474681efa3ae618803	pe	0xAA64	IMAGE_FILE_MACHINE_ARM64	no
dlls/d3dx10_43/aarch64-windows/d3dx10_43.dll	917504	5162c19c3830cd090f0a5060c4fdd485974f768b5ca5f6b17801b6f33249479c	pe	0xAA64	IMAGE_FILE_MACHINE_ARM64	yes
dlls/d3dx10_43/tests/aarch64-windows/d3dx10_43_test-stripped.exe	655360	187f4ff79421e828564b64ac94d0f397caed5d54da2a569d4e043271bffae519	pe	0xAA64	IMAGE_FILE_MACHINE_ARM64	no
dlls/d3dx10_43/tests/aarch64-windows/d3dx10_43_test.exe	655360	187f4ff79421e828564b64ac94d0f397caed5d54da2a569d4e043271bffae519	pe	0xAA64	IMAGE_FILE_MACHINE_ARM64	no
dlls/d3dx11_42/aarch64-windows/d3dx11_42.dll	524288	0fd1e087a684e66d165b4cca05fb1f6a4fbe7af2e96e9874e5c86ed2870c015a	pe	0xAA64	IMAGE_FILE_MACHINE_ARM64	yes
dlls/d3dx11_42/tests/aarch64-windows/d3dx11_42_test-stripped.exe	524288	0a1efa9ef356bfc0304a95e0d07b862938521734d0efc92adc389331ac2ed9c7	pe	0xAA64	IMAGE_FILE_MACHINE_ARM64	no
dlls/d3dx11_42/tests/aarch64-windows/d3dx11_42_test.exe	524288	0a1efa9ef356bfc0304a95e0d07b862938521734d0efc92adc389331ac2ed9c7	pe	0xAA64	IMAGE_FILE_MACHINE_ARM64	no
dlls/d3dx11_43/aarch64-windows/d3dx11_43.dll	524288	dc603640bbf96c1014fddb4abdced96784bb34dceb68ce3cfc6107591e1a59a5	pe	0xAA64	IMAGE_FILE_MACHINE_ARM64	yes
dlls/d3dx11_43/tests/aarch64-windows/d3dx11_43_test-stripped.exe	524288	e178c298d1c2c89096d615cd59e5643ff6f5a5d3c0cb5acce48e6e98990df1d0	pe	0xAA64	IMAGE_FILE_MACHINE_ARM64	no
dlls/d3dx11_43/tests/aarch64-windows/d3dx11_43_test.exe	524288	e178c298d1c2c89096d615cd59e5643ff6f5a5d3c0cb5acce48e6e98990df1d0	pe	0xAA64	IMAGE_FILE_MACHINE_ARM64	no
dlls/d3dx9_24/aarch64-windows/d3dx9_24.dll	1245184	519479789defd53a87f2a25bd51877ecea1186ace7991afbabe6713c371dfae4	pe	0xAA64	IMAGE_FILE_MACHINE_ARM64	yes
dlls/d3dx9_25/aarch64-windows/d3dx9_25.dll	1245184	434ee87eb8fb214c6c518347c7d0d184607fe41f2daaea2ebadcb9f5ed37a663	pe	0xAA64	IMAGE_FILE_MACHINE_ARM64	yes
dlls/d3dx9_26/aarch64-windows/d3dx9_26.dll	1245184	beed0921da79fb7ce374cc4da505dbef41a0e80efbd3e822593c546895b1ffab	pe	0xAA64	IMAGE_FILE_MACHINE_ARM64	yes
dlls/d3dx9_27/aarch64-windows/d3dx9_27.dll	1245184	ac8ed032cc68dc6ab44f893c82861e0a6ec95c24b09695a71bbc2d03d9495af2	pe	0xAA64	IMAGE_FILE_MACHINE_ARM64	yes
dlls/d3dx9_28/aarch64-windows/d3dx9_28.dll	1245184	d259b0bc4f444becfba3fad0c11520a40ac1767f30aa4a5d742c2d8b54e24965	pe	0xAA64	IMAGE_FILE_MACHINE_ARM64	yes
dlls/d3dx9_29/aarch64-windows/d3dx9_29.dll	1245184	3946cc63536a7ce1a9038c61e747d9c59df52fa7365fca568d7c1fec9f5237aa	pe	0xAA64	IMAGE_FILE_MACHINE_ARM64	yes
dlls/d3dx9_30/aarch64-windows/d3dx9_30.dll	1245184	dd0d418830fc35e086e991ac1d79a87a714e0405550e5ac9416526bce99f5f43	pe	0xAA64	IMAGE_FILE_MACHINE_ARM64	yes
dlls/d3dx9_31/aarch64-windows/d3dx9_31.dll	1245184	e84f854af4c2a0a1674aeaa45d3efeb3a7ae62e061fc563af0efd882d1afb700	pe	0xAA64	IMAGE_FILE_MACHINE_ARM64	yes
dlls/d3dx9_32/aarch64-windows/d3dx9_32.dll	1245184	f649b364b62ff5d297929be5e70d56304b6e2a09663c9a9b88eae17cec7f329e	pe	0xAA64	IMAGE_FILE_MACHINE_ARM64	yes
dlls/d3dx9_33/aarch64-windows/d3dx9_33.dll	1245184	3ed8263e4b51ca0e43f36d3ba52e31dc369f95dc16afa8e453b0d6a5f8c6090f	pe	0xAA64	IMAGE_FILE_MACHINE_ARM64	yes
dlls/d3dx9_34/aarch64-windows/d3dx9_34.dll	1245184	5ee97e23c5b983ce0b1acf41f81f0e90ba0f17ed07d3f38c91cab7c0bd02aee8	pe	0xAA64	IMAGE_FILE_MACHINE_ARM64	yes
dlls/d3dx9_35/aarch64-windows/d3dx9_35.dll	1245184	fccdc29e7b8ddca40fb8cbf7986bd44d4ecd0f3f3333e97eb255aa94455d5e0f	pe	0xAA64	IMAGE_FILE_MACHINE_ARM64	yes
dlls/d3dx9_35/tests/aarch64-windows/d3dx9_35_test-stripped.exe	2424832	177f48b36d294467b904ea82cb3beee3084c9caf2b2978ab0a2e3d4a78162016	pe	0xAA64	IMAGE_FILE_MACHINE_ARM64	no
dlls/d3dx9_35/tests/aarch64-windows/d3dx9_35_test.exe	2424832	177f48b36d294467b904ea82cb3beee3084c9caf2b2978ab0a2e3d4a78162016	pe	0xAA64	IMAGE_FILE_MACHINE_ARM64	no
dlls/d3dx9_36/aarch64-windows/d3dx9_36.dll	1245184	3f109cc413a12884b216a1c39623cd25145ecb3bc5deeef064c5e84a4d58e74a	pe	0xAA64	IMAGE_FILE_MACHINE_ARM64	yes
dlls/d3dx9_36/tests/aarch64-windows/d3dx9_36_test-stripped.exe	2424832	f9761ff3d2753b060d2e669ff34f480503e9af0f67dc0e3b70bea5aff3a6a7c0	pe	0xAA64	IMAGE_FILE_MACHINE_ARM64	no
dlls/d3dx9_36/tests/aarch64-windows/d3dx9_36_test.exe	2424832	f9761ff3d2753b060d2e669ff34f480503e9af0f67dc0e3b70bea5aff3a6a7c0	pe	0xAA64	IMAGE_FILE_MACHINE_ARM64	no
dlls/d3dx9_37/aarch64-windows/d3dx9_37.dll	1245184	021a32f64478e8cc8c4860433d32175f83d70d0b4d787a1e3d77852398fd09bf	pe	0xAA64	IMAGE_FILE_MACHINE_ARM64	yes
dlls/d3dx9_38/aarch64-windows/d3dx9_38.dll	1245184	83af3efe9262bdd106a74f97abcddc40970d2353d50cb2c7270963960fe81ae9	pe	0xAA64	IMAGE_FILE_MACHINE_ARM64	yes
dlls/d3dx9_39/aarch64-windows/d3dx9_39.dll	1245184	d57cce4b5456175e1c36028dbd454982b3e96ffdd274d67bee5464593acc32b1	pe	0xAA64	IMAGE_FILE_MACHINE_ARM64	yes
dlls/d3dx9_40/aarch64-windows/d3dx9_40.dll	1245184	cadbd1e62f4b21abed69a3c2d531dbec3b86b741122d1d42c8902254e21cf478	pe	0xAA64	IMAGE_FILE_MACHINE_ARM64	yes
dlls/d3dx9_41/aarch64-windows/d3dx9_41.dll	1245184	59a5196e6a69695573ee12b560dc3b3149912f0a189f68fb19ff7c32aa04f732	pe	0xAA64	IMAGE_FILE_MACHINE_ARM64	yes
dlls/d3dx9_42/aarch64-windows/d3dx9_42.dll	1245184	a133dec29dd0a8a46489f3dac227bf158e8f5c56140555dd7c0f290d3677e2a8	pe	0xAA64	IMAGE_FILE_MACHINE_ARM64	yes
dlls/d3dx9_42/tests/aarch64-windows/d3dx9_42_test-stripped.exe	2424832	0e4d6dcb1a3106bcf6153058e9a6035c36942b6ee3f1e1dea3bfeb1728d20773	pe	0xAA64	IMAGE_FILE_MACHINE_ARM64	no
dlls/d3dx9_42/tests/aarch64-windows/d3dx9_42_test.exe	2424832	0e4d6dcb1a3106bcf6153058e9a6035c36942b6ee3f1e1dea3bfeb1728d20773	pe	0xAA64	IMAGE_FILE_MACHINE_ARM64	no
dlls/d3dx9_43/aarch64-windows/d3dx9_43.dll	1245184	ea63421d54cd34c5f3d62510007fb8957d2fe3a5cf89f0d93970d05e5789b78d	pe	0xAA64	IMAGE_FILE_MACHINE_ARM64	yes
dlls/d3dx9_43/tests/aarch64-windows/d3dx9_43_test-stripped.exe	2424832	f789b1d057dacc66e1c3e74115eeda656a53f21d8b147dd192fd792938834e7d	pe	0xAA64	IMAGE_FILE_MACHINE_ARM64	no
dlls/d3dx9_43/tests/aarch64-windows/d3dx9_43_test.exe	2424832	f789b1d057dacc66e1c3e74115eeda656a53f21d8b147dd192fd792938834e7d	pe	0xAA64	IMAGE_FILE_MACHINE_ARM64	no
dlls/d3dxof/aarch64-windows/d3dxof.dll	720896	b482188c24772e3bb50f352fb23ea5db7486bc6cce5f7a6143db255a3beaafab	pe	0xAA64	IMAGE_FILE_MACHINE_ARM64	yes
dlls/d3dxof/tests/aarch64-windows/d3dxof_test-stripped.exe	458752	25d08fd1c8bf9976f2c4ebe031e4c536ef8a761c06e9a784c03d98487e844d02	pe	0xAA64	IMAGE_FILE_MACHINE_ARM64	no
dlls/d3dxof/tests/aarch64-windows/d3dxof_test.exe	458752	25d08fd1c8bf9976f2c4ebe031e4c536ef8a761c06e9a784c03d98487e844d02	pe	0xAA64	IMAGE_FILE_MACHINE_ARM64	no
dlls/dataexchange/aarch64-windows/dataexchange.dll	524288	56e58b5af36f3271fbb15753147b317b2d81f50da6cb96c02f3ae60e30b06b1d	pe	0xAA64	IMAGE_FILE_MACHINE_ARM64	yes
dlls/dataexchange/tests/aarch64-windows/dataexchange_test-stripped.exe	655360	dcd92f3fe5c39c3415622fdd9c43e3b2de6f97354c71f5d826e75c96d5420afd	pe	0xAA64	IMAGE_FILE_MACHINE_ARM64	no
dlls/dataexchange/tests/aarch64-windows/dataexchange_test.exe	655360	dcd92f3fe5c39c3415622fdd9c43e3b2de6f97354c71f5d826e75c96d5420afd	pe	0xAA64	IMAGE_FILE_MACHINE_ARM64	no
dlls/davclnt/aarch64-windows/davclnt.dll	458752	c9cbc3c811bd4599061ca9bdb8eb911dc1e94d6c0e2cb8dec073ede77166af48	pe	0xAA64	IMAGE_FILE_MACHINE_ARM64	yes
dlls/dbgeng/aarch64-windows/dbgeng.dll	524288	2af58c6f97819bde17d0a2dbf9f232fb3a8b5a3740ef8c6b9225f242ca679a7f	pe	0xAA64	IMAGE_FILE_MACHINE_ARM64	yes
dlls/dbgeng/tests/aarch64-windows/dbgeng_test-stripped.exe	458752	41587ae7e2ac9e35f4a1f7569fccac8e400b53777060025a9461d97d18e08c25	pe	0xAA64	IMAGE_FILE_MACHINE_ARM64	no
dlls/dbgeng/tests/aarch64-windows/dbgeng_test.exe	458752	41587ae7e2ac9e35f4a1f7569fccac8e400b53777060025a9461d97d18e08c25	pe	0xAA64	IMAGE_FILE_MACHINE_ARM64	no
dlls/dbghelp/aarch64-windows/dbghelp.dll	1048576	8dc45df7167a2ce36e38923ea7e6c553421327f2ff8192ad6fd5d1b830227f03	pe	0xAA64	IMAGE_FILE_MACHINE_ARM64	yes
dlls/dbghelp/tests/aarch64-windows/dbghelp_test-stripped.exe	524288	511f71d892f20c0411c6415587b12a1fceeb952e8fa6fedb967055bf2b5e82cf	pe	0xAA64	IMAGE_FILE_MACHINE_ARM64	no
dlls/dbghelp/tests/aarch64-windows/dbghelp_test.exe	524288	511f71d892f20c0411c6415587b12a1fceeb952e8fa6fedb967055bf2b5e82cf	pe	0xAA64	IMAGE_FILE_MACHINE_ARM64	no
dlls/dciman32/aarch64-windows/dciman32.dll	458752	94cd26687592ea1c2b981468cfbaff5acc9e3b8d14d00e657e01a77f5b67a8e2	pe	0xAA64	IMAGE_FILE_MACHINE_ARM64	yes
dlls/dcomp/aarch64-windows/dcomp.dll	524288	a261da7147f2d9d8b5102b1e523f9376fc639013bce11951883fa14e7c9b2b7b	pe	0xAA64	IMAGE_FILE_MACHINE_ARM64	yes
dlls/ddraw/aarch64-windows/ddraw.dll	1114112	e89ee7f66901748bb09e57f4ab500796efcb5a74ac50f11d5b922c4a5fa948a2	pe	0xAA64	IMAGE_FILE_MACHINE_ARM64	yes
dlls/ddraw/tests/aarch64-windows/ddraw_test-stripped.exe	3473408	5575206e46c703c7d80d2c4ac219814deacec4fe04039cc9085618cb154f01cb	pe	0xAA64	IMAGE_FILE_MACHINE_ARM64	no
dlls/ddraw/tests/aarch64-windows/ddraw_test.exe	3473408	5575206e46c703c7d80d2c4ac219814deacec4fe04039cc9085618cb154f01cb	pe	0xAA64	IMAGE_FILE_MACHINE_ARM64	no
dlls/ddrawex/aarch64-windows/ddrawex.dll	720896	ceeff1786ddd3afc41e2fa3e7f9aff1b637800c771cd4d1610f4cd3213496bab	pe	0xAA64	IMAGE_FILE_MACHINE_ARM64	yes
dlls/ddrawex/tests/aarch64-windows/ddrawex_test-stripped.exe	458752	f555b0f18ddcbd0a483e5d544d35f6762a5332bdd9a2113da24a5103d8cfa55d	pe	0xAA64	IMAGE_FILE_MACHINE_ARM64	no
dlls/ddrawex/tests/aarch64-windows/ddrawex_test.exe	458752	f555b0f18ddcbd0a483e5d544d35f6762a5332bdd9a2113da24a5103d8cfa55d	pe	0xAA64	IMAGE_FILE_MACHINE_ARM64	no
dlls/desk.cpl/aarch64-windows/desk.cpl	589824	8fd592e7005d290da88c8c108b2e4e9eeab370bf4184d93c2ba71f0846f9b9ac	pe	0xAA64	IMAGE_FILE_MACHINE_ARM64	yes
dlls/devenum/aarch64-windows/devenum.dll	720896	4ca8c48299f2de4157d9b7e56f26344573afd5ed091ca3f9ac1cb196aa92d83c	pe	0xAA64	IMAGE_FILE_MACHINE_ARM64	yes
dlls/devenum/tests/aarch64-windows/devenum_test-stripped.exe	458752	8e0a1fa0db01d78fc11c7621b187aaf9aec2dd6613245ecfef8376068e1c9b8b	pe	0xAA64	IMAGE_FILE_MACHINE_ARM64	no
dlls/devenum/tests/aarch64-windows/devenum_test.exe	458752	8e0a1fa0db01d78fc11c7621b187aaf9aec2dd6613245ecfef8376068e1c9b8b	pe	0xAA64	IMAGE_FILE_MACHINE_ARM64	no
dlls/dhcpcsvc/aarch64-windows/dhcpcsvc.dll	458752	89635870e7f75325d28d22ee60e9fdf2ace4c01f7125573b09e7b6d17eb49b0c	pe	0xAA64	IMAGE_FILE_MACHINE_ARM64	yes
dlls/dhcpcsvc/tests/aarch64-windows/dhcpcsvc_test-stripped.exe	458752	0d70bd8d9c75bb266dee23d92db7fb16100af1a9c0aad2ef0d1bbd70f0a62917	pe	0xAA64	IMAGE_FILE_MACHINE_ARM64	no
dlls/dhcpcsvc/tests/aarch64-windows/dhcpcsvc_test.exe	458752	0d70bd8d9c75bb266dee23d92db7fb16100af1a9c0aad2ef0d1bbd70f0a62917	pe	0xAA64	IMAGE_FILE_MACHINE_ARM64	no
dlls/dhcpcsvc6/aarch64-windows/dhcpcsvc6.dll	458752	6ed08e4063493a14fc7dbbd0cd108453a0607d6f5dec0bb17c40e36fce75d58d	pe	0xAA64	IMAGE_FILE_MACHINE_ARM64	yes
dlls/dhtmled.ocx/aarch64-windows/dhtmled.ocx	786432	e3ce663894f9532b98ba496c9d4584422913f9c56d8b445225d1d2ba26d15663	pe	0xAA64	IMAGE_FILE_MACHINE_ARM64	yes
dlls/diasymreader/aarch64-windows/diasymreader.dll	655360	701777ca55f6e214773e0980be5a6c470c8d6b5b0bac2de76e5e11158946cbfe	pe	0xAA64	IMAGE_FILE_MACHINE_ARM64	yes
dlls/difxapi/aarch64-windows/difxapi.dll	458752	192eb808b7b810a2b18a4b1e4cf11f4dd3b3481faf8dcdd3005953ad4bb7902f	pe	0xAA64	IMAGE_FILE_MACHINE_ARM64	yes
dlls/dinput/aarch64-windows/dinput.dll	851968	d9b162842c7bed9ecba4135fec7ffb0814b78e07e9415fcf45e1d0e1dd797004	pe	0xAA64	IMAGE_FILE_MACHINE_ARM64	yes
dlls/dinput/tests/aarch64-windows/dinput_test-stripped.exe	4915200	9ed5765f8868b4860199a1fa7f1b5eb57becdded361a646f151e80d4ff34441b	pe	0xAA64	IMAGE_FILE_MACHINE_ARM64	no
dlls/dinput/tests/aarch64-windows/dinput_test.exe	4915200	9ed5765f8868b4860199a1fa7f1b5eb57becdded361a646f151e80d4ff34441b	pe	0xAA64	IMAGE_FILE_MACHINE_ARM64	no
dlls/dinput/tests/aarch64-windows/driver_bus.dll	458752	40a112f6c91988910e9e3267a38a8407278c93b4dbce632497286b3f8d138572	pe	0xAA64	IMAGE_FILE_MACHINE_ARM64	no
dlls/dinput/tests/aarch64-windows/driver_hid.dll	458752	71d6a34e59177f5732f994ec3414dfea033fce7ebb8baef00d797e8e0e5ba69e	pe	0xAA64	IMAGE_FILE_MACHINE_ARM64	no
dlls/dinput/tests/aarch64-windows/driver_hid_poll.dll	458752	49cf269157c8618faa05404a9b39edf58f9ac08b4a637045835db44e7a88e42d	pe	0xAA64	IMAGE_FILE_MACHINE_ARM64	no
dlls/dinput8/aarch64-windows/dinput8.dll	851968	2777be48346b7532728301447cf2b8b3cccb05d3f08c6beca347a82ac9f081c4	pe	0xAA64	IMAGE_FILE_MACHINE_ARM64	yes
dlls/directmanipulation/aarch64-windows/directmanipulation.dll	655360	848adab759e2c55c7319c6759132803ad01cff01f35fb804ef3992499468c187	pe	0xAA64	IMAGE_FILE_MACHINE_ARM64	yes
dlls/directmanipulation/tests/aarch64-windows/directmanipulation_test-stripped.exe	524288	a12fb5a86beec451c7e6d467e30807bfef6bda080f96b3362616c8004a6ae47c	pe	0xAA64	IMAGE_FILE_MACHINE_ARM64	no
dlls/directmanipulation/tests/aarch64-windows/directmanipulation_test.exe	524288	a12fb5a86beec451c7e6d467e30807bfef6bda080f96b3362616c8004a6ae47c	pe	0xAA64	IMAGE_FILE_MACHINE_ARM64	no
dlls/dispex/aarch64-windows/dispex.dll	589824	8f81a5879b83ada30561bfc305b77cfcfdde93a4e33b1ac487dd2cbb01c51796	pe	0xAA64	IMAGE_FILE_MACHINE_ARM64	yes
dlls/dispex/tests/aarch64-windows/dispex_test-stripped.exe	458752	8ecd44d772c413c702b9db9820980fe2c2da1160bb093dd5ded094be96d01dbe	pe	0xAA64	IMAGE_FILE_MACHINE_ARM64	no
dlls/dispex/tests/aarch64-windows/dispex_test.exe	458752	8ecd44d772c413c702b9db9820980fe2c2da1160bb093dd5ded094be96d01dbe	pe	0xAA64	IMAGE_FILE_MACHINE_ARM64	no
dlls/dmloader/aarch64-windows/dmloader.dll	720896	4f4c134c5c19eb3edc3655aa1ad280422bbc72063f3119f0f130bb3a8bc4be2b	pe	0xAA64	IMAGE_FILE_MACHINE_ARM64	yes
dlls/dmloader/tests/aarch64-windows/dmloader_test-stripped.exe	458752	09cf8d326fb7945b5e5ab603607cbf7c8853a634fc0e5684afdc59482bea5160	pe	0xAA64	IMAGE_FILE_MACHINE_ARM64	no
dlls/dmloader/tests/aarch64-windows/dmloader_test.exe	458752	09cf8d326fb7945b5e5ab603607cbf7c8853a634fc0e5684afdc59482bea5160	pe	0xAA64	IMAGE_FILE_MACHINE_ARM64	no
dlls/dmsynth/aarch64-windows/dmsynth.dll	1114112	7bd6931313422133e524ab247f6333b87803a511df2d245652ebbe9fd99b1c57	pe	0xAA64	IMAGE_FILE_MACHINE_ARM64	yes
dlls/dmsynth/tests/aarch64-windows/dmsynth_test-stripped.exe	720896	a906a173fc619ea980c2b03a6a2c9871a2f3de1a3b492da45b3275dbd274b9ab	pe	0xAA64	IMAGE_FILE_MACHINE_ARM64	no
dlls/dmsynth/tests/aarch64-windows/dmsynth_test.exe	720896	a906a173fc619ea980c2b03a6a2c9871a2f3de1a3b492da45b3275dbd274b9ab	pe	0xAA64	IMAGE_FILE_MACHINE_ARM64	no
dlls/dmusic/aarch64-windows/dmusic.dll	786432	dfe6be0ff978f5f2a291ff0dea3d2780012a06a09fb927692f2282951ae02a42	pe	0xAA64	IMAGE_FILE_MACHINE_ARM64	yes
dlls/dmusic/tests/aarch64-windows/dmusic_test-stripped.exe	720896	588a884c159700241fba3eae93cf6f9bf17f6dd922df10991b7ab23dee813e27	pe	0xAA64	IMAGE_FILE_MACHINE_ARM64	no
dlls/dmusic/tests/aarch64-windows/dmusic_test.exe	720896	588a884c159700241fba3eae93cf6f9bf17f6dd922df10991b7ab23dee813e27	pe	0xAA64	IMAGE_FILE_MACHINE_ARM64	no
dlls/dmusic32/aarch64-windows/dmusic32.dll	524288	0e0dd34ff337ff1804418642137f19c4df4bb2831b27d1cdd500463fa7e5de28	pe	0xAA64	IMAGE_FILE_MACHINE_ARM64	yes
dlls/dnsapi/aarch64-windows/dnsapi.dll	524288	0cef18f580ac903469aef81635c31861b6ed1ba83f31871ca0610837cc5e1ed4	pe	0xAA64	IMAGE_FILE_MACHINE_ARM64	yes
dlls/dnsapi/tests/aarch64-windows/dnsapi_test-stripped.exe	458752	2d7abecf7741a18670fccfdfc1ea30755a13976d2bfd6f3b7e34ffafcf73435e	pe	0xAA64	IMAGE_FILE_MACHINE_ARM64	no
dlls/dnsapi/tests/aarch64-windows/dnsapi_test.exe	458752	2d7abecf7741a18670fccfdfc1ea30755a13976d2bfd6f3b7e34ffafcf73435e	pe	0xAA64	IMAGE_FILE_MACHINE_ARM64	no
dlls/dpnaddr/aarch64-windows/dpnaddr.dll	393216	19ea93d18e93c72c3d4d25794b582e9a97164e89bd6e28ff16af3140cef3b06e	pe	0xAA64	IMAGE_FILE_MACHINE_ARM64	yes
dlls/dpnet/aarch64-windows/dpnet.dll	720896	1d8532305913c880e000d413b4f1498577e18a9f9c84ff0cc5e250bb0d6f20e2	pe	0xAA64	IMAGE_FILE_MACHINE_ARM64	yes
dlls/dpnet/tests/aarch64-windows/dpnet_test-stripped.exe	720896	16701200c6f823ad7a627ac6b0b0e75a8d7aaa4f32273db87db206d1c9855a1e	pe	0xAA64	IMAGE_FILE_MACHINE_ARM64	no
dlls/dpnet/tests/aarch64-windows/dpnet_test.exe	720896	16701200c6f823ad7a627ac6b0b0e75a8d7aaa4f32273db87db206d1c9855a1e	pe	0xAA64	IMAGE_FILE_MACHINE_ARM64	no
dlls/dpnhpast/aarch64-windows/dpnhpast.dll	524288	79a07e43a1c163c40cdbd9bda7e5efb94c8a5a080ba345509d02108027fbb112	pe	0xAA64	IMAGE_FILE_MACHINE_ARM64	yes
dlls/dpnhupnp/aarch64-windows/dpnhupnp.dll	524288	aab6392913ae0c3215381cb2aa2dec20caee727dde026e55aa1dfddca22980d2	pe	0xAA64	IMAGE_FILE_MACHINE_ARM64	yes
dlls/dpnlobby/aarch64-windows/dpnlobby.dll	393216	fd517d4aeff69a93cffcb4a06a35994cd63b2ea5cbc43111794798831dc48365	pe	0xAA64	IMAGE_FILE_MACHINE_ARM64	yes
dlls/dpvoice/aarch64-windows/dpvoice.dll	655360	ff01d2f1c5214ac88a6486608379407fc447135c070b49d78d1667b355d5f3ab	pe	0xAA64	IMAGE_FILE_MACHINE_ARM64	yes
dlls/dpvoice/tests/aarch64-windows/dpvoice_test-stripped.exe	458752	0dd46c713a37bf90c48b8f46184b56169c384677f2e0c61a134942b9a93333ce	pe	0xAA64	IMAGE_FILE_MACHINE_ARM64	no
dlls/dpvoice/tests/aarch64-windows/dpvoice_test.exe	458752	0dd46c713a37bf90c48b8f46184b56169c384677f2e0c61a134942b9a93333ce	pe	0xAA64	IMAGE_FILE_MACHINE_ARM64	no
dlls/drmclien/aarch64-windows/drmclien.dll	458752	f436eed69c7cb259db9fae5eb2ba7863e9c54dbf775daacf2e0ed8465b9c4c37	pe	0xAA64	IMAGE_FILE_MACHINE_ARM64	yes
dlls/dsdmo/aarch64-windows/dsdmo.dll	720896	c9607ef898f33d3fcaac7eeecb7e794a2daccfb160e23c9e36c6d134b2923907	pe	0xAA64	IMAGE_FILE_MACHINE_ARM64	yes
dlls/dsdmo/tests/aarch64-windows/dsdmo_test-stripped.exe	655360	af635d04664ac47a3c959215aace0134193eb822148bf87adee1fa29d9de1b63	pe	0xAA64	IMAGE_FILE_MACHINE_ARM64	no
dlls/dsdmo/tests/aarch64-windows/dsdmo_test.exe	655360	af635d04664ac47a3c959215aace0134193eb822148bf87adee1fa29d9de1b63	pe	0xAA64	IMAGE_FILE_MACHINE_ARM64	no
dlls/dsound/aarch64-windows/dsound.dll	917504	f354caa400198d259c5379c05f5d3dd7b141d289556e8babc5d92263a8577f6b	pe	0xAA64	IMAGE_FILE_MACHINE_ARM64	yes
dlls/dsound/tests/aarch64-windows/dsound_test-stripped.exe	851968	f79f683be7314cccea3a08185b0f374246e4ca50c9a9a9675ba54c8eb64fda31	pe	0xAA64	IMAGE_FILE_MACHINE_ARM64	no
dlls/dsound/tests/aarch64-windows/dsound_test.exe	851968	f79f683be7314cccea3a08185b0f374246e4ca50c9a9a9675ba54c8eb64fda31	pe	0xAA64	IMAGE_FILE_MACHINE_ARM64	no
dlls/dsquery/aarch64-windows/dsquery.dll	589824	9355013ae9ad13d14aac48e99fd1e4d83f5d472b5e241ca8c93242351d49f006	pe	0xAA64	IMAGE_FILE_MACHINE_ARM64	yes
dlls/dsrole/aarch64-windows/dsrole.dll	458752	1904c324bc4233698200fc04600463ca9abd860a449d584dee17556239492932	pe	0xAA64	IMAGE_FILE_MACHINE_ARM64	yes
dlls/dssenh/aarch64-windows/dssenh.dll	589824	c852b81e2c7c7b33d09115396894890b771e7e90a174cebd34d38f2adc87898d	pe	0xAA64	IMAGE_FILE_MACHINE_ARM64	yes
dlls/dssenh/tests/aarch64-windows/dssenh_test-stripped.exe	458752	4a52f129a61154bbc3b9540314974802246f9895742b297ee64d56540974ebae	pe	0xAA64	IMAGE_FILE_MACHINE_ARM64	no
dlls/dssenh/tests/aarch64-windows/dssenh_test.exe	458752	4a52f129a61154bbc3b9540314974802246f9895742b297ee64d56540974ebae	pe	0xAA64	IMAGE_FILE_MACHINE_ARM64	no
dlls/dsuiext/aarch64-windows/dsuiext.dll	589824	1e9d1179df984458cec26b24bc41588bebaf3e5ec46c202619a9ff14c93b5da7	pe	0xAA64	IMAGE_FILE_MACHINE_ARM64	yes
dlls/dswave/aarch64-windows/dswave.dll	720896	afdf3204d078b43f1c5ad67a6567db44a9b56124113d8cf0f05e498238b9d073	pe	0xAA64	IMAGE_FILE_MACHINE_ARM64	yes
dlls/dswave/tests/aarch64-windows/dswave_test-stripped.exe	458752	b2d3541475c9bff150bf1e66391055ab68959d513b59de294075ba7a789768d4	pe	0xAA64	IMAGE_FILE_MACHINE_ARM64	no
dlls/dswave/tests/aarch64-windows/dswave_test.exe	458752	b2d3541475c9bff150bf1e66391055ab68959d513b59de294075ba7a789768d4	pe	0xAA64	IMAGE_FILE_MACHINE_ARM64	no
dlls/dwmapi/aarch64-windows/dwmapi.dll	524288	6d18bc1843683fbe4f2e2cafc715abdf80e50c4d45e4f0f4cc255c9df625ee9d	pe	0xAA64	IMAGE_FILE_MACHINE_ARM64	yes
dlls/dwmapi/tests/aarch64-windows/dwmapi_test-stripped.exe	458752	a9bfbca9995cf8f82cc4adb9ada09e79d479117a87bf713ba19328dfd74fccd9	pe	0xAA64	IMAGE_FILE_MACHINE_ARM64	no
dlls/dwmapi/tests/aarch64-windows/dwmapi_test.exe	458752	a9bfbca9995cf8f82cc4adb9ada09e79d479117a87bf713ba19328dfd74fccd9	pe	0xAA64	IMAGE_FILE_MACHINE_ARM64	no
dlls/dwrite/aarch64-windows/dwrite.dll	917504	262d03102e9ab961b0b7cdee10aab08403bfdf6079d6999d55cd7a1c86c0f728	pe	0xAA64	IMAGE_FILE_MACHINE_ARM64	yes
dlls/dwrite/tests/aarch64-windows/dwrite_test-stripped.exe	1310720	4757c40d655fefced837807aa0b1e522c85fc37f3ad6b541bfd3262f1be3dc6b	pe	0xAA64	IMAGE_FILE_MACHINE_ARM64	no
dlls/dwrite/tests/aarch64-windows/dwrite_test.exe	1310720	4757c40d655fefced837807aa0b1e522c85fc37f3ad6b541bfd3262f1be3dc6b	pe	0xAA64	IMAGE_FILE_MACHINE_ARM64	no
dlls/dx8vb/aarch64-windows/dx8vb.dll	720896	6689317df809ab0196fca59bbe2dc255830aca34212438823ed6c4e5f0dd468d	pe	0xAA64	IMAGE_FILE_MACHINE_ARM64	yes
dlls/dxcore/aarch64-windows/dxcore.dll	458752	e3e0b3c034ae0a7b608dc1c31d0e799b61f58a5c4935a36aadd373d94b104351	pe	0xAA64	IMAGE_FILE_MACHINE_ARM64	yes
dlls/dxcore/tests/aarch64-windows/dxcore_test-stripped.exe	458752	0f7697b7601575d312ece5cf8e9f4738121636f871b5eb29e502a2742e645714	pe	0xAA64	IMAGE_FILE_MACHINE_ARM64	no
dlls/dxcore/tests/aarch64-windows/dxcore_test.exe	458752	0f7697b7601575d312ece5cf8e9f4738121636f871b5eb29e502a2742e645714	pe	0xAA64	IMAGE_FILE_MACHINE_ARM64	no
dlls/dxdiagn/aarch64-windows/dxdiagn.dll	589824	00340ab395868a50e89a75f5620151b08cfd6a86a07f6ccc215ef4d606564c57	pe	0xAA64	IMAGE_FILE_MACHINE_ARM64	yes
dlls/dxdiagn/tests/aarch64-windows/dxdiagn_test-stripped.exe	458752	e56cb4b73b7622c916d030a20ae3edb3cbb158d179cdbeea08b049588f0f0c9d	pe	0xAA64	IMAGE_FILE_MACHINE_ARM64	no
dlls/dxdiagn/tests/aarch64-windows/dxdiagn_test.exe	458752	e56cb4b73b7622c916d030a20ae3edb3cbb158d179cdbeea08b049588f0f0c9d	pe	0xAA64	IMAGE_FILE_MACHINE_ARM64	no
dlls/dxgi/aarch64-windows/dxgi.dll	851968	3fdd770c9cd82fed295bc8596826c18e48018111ea973f8bf70f2c74c9906442	pe	0xAA64	IMAGE_FILE_MACHINE_ARM64	yes
dlls/dxgi/tests/aarch64-windows/dxgi_test-stripped.exe	786432	77ce230ced507ee945861135c651730a23b807f3decdc22a996eb0095cca7d7a	pe	0xAA64	IMAGE_FILE_MACHINE_ARM64	no
dlls/dxgi/tests/aarch64-windows/dxgi_test.exe	786432	77ce230ced507ee945861135c651730a23b807f3decdc22a996eb0095cca7d7a	pe	0xAA64	IMAGE_FILE_MACHINE_ARM64	no
dlls/dxtrans/aarch64-windows/dxtrans.dll	458752	e1cc3a5dbf9f84ae6ca56303e117114502e56f3526bd4fdac98cf3419ee1632d	pe	0xAA64	IMAGE_FILE_MACHINE_ARM64	yes
dlls/dxva2/aarch64-windows/dxva2.dll	589824	a3049fa8770ba60c258e9b6dcd997b150f67840a4f888e67404774b5ec944aa9	pe	0xAA64	IMAGE_FILE_MACHINE_ARM64	yes
dlls/dxva2/tests/aarch64-windows/dxva2_test-stripped.exe	458752	05f13309d0d64b74d91cc721b169f458ed602af92fc46d493fad1c034548dc1e	pe	0xAA64	IMAGE_FILE_MACHINE_ARM64	no
dlls/dxva2/tests/aarch64-windows/dxva2_test.exe	458752	05f13309d0d64b74d91cc721b169f458ed602af92fc46d493fad1c034548dc1e	pe	0xAA64	IMAGE_FILE_MACHINE_ARM64	no
dlls/esent/aarch64-windows/esent.dll	458752	cdc8c17ab8954f81deb0f8ddf2d07bc3f23b7dfa855ae88f2900cb20c6ce0e9d	pe	0xAA64	IMAGE_FILE_MACHINE_ARM64	yes
dlls/evr/aarch64-windows/evr.dll	917504	c5a4281703e62eae699b6016c18f873d107c670cae416920412ff3714691932a	pe	0xAA64	IMAGE_FILE_MACHINE_ARM64	yes
dlls/evr/tests/aarch64-windows/evr_test-stripped.exe	1048576	192020e9b0fbe1ac8ec7b2bac762c14ddd9280ee05f9d75d6f6a2e3cf0d5efa0	pe	0xAA64	IMAGE_FILE_MACHINE_ARM64	no
dlls/evr/tests/aarch64-windows/evr_test.exe	1048576	192020e9b0fbe1ac8ec7b2bac762c14ddd9280ee05f9d75d6f6a2e3cf0d5efa0	pe	0xAA64	IMAGE_FILE_MACHINE_ARM64	no
dlls/explorerframe/aarch64-windows/explorerframe.dll	655360	b5ddc3e659c976ddd7468f349fbcbe213a04cdb185c58ebff468bd958282c9cd	pe	0xAA64	IMAGE_FILE_MACHINE_ARM64	yes
dlls/explorerframe/tests/aarch64-windows/explorerframe_test-stripped.exe	655360	e4f071b566cab3b33c1c446e50e519d19816f2b629a9eaa63cae696ae8b5bbb6	pe	0xAA64	IMAGE_FILE_MACHINE_ARM64	no
dlls/explorerframe/tests/aarch64-windows/explorerframe_test.exe	655360	e4f071b566cab3b33c1c446e50e519d19816f2b629a9eaa63cae696ae8b5bbb6	pe	0xAA64	IMAGE_FILE_MACHINE_ARM64	no
dlls/faultrep/aarch64-windows/faultrep.dll	458752	2ff7dd024d1fd6cf56ce91b7c498d2d214e9d0a5f68bf8c17a83c46f0789e279	pe	0xAA64	IMAGE_FILE_MACHINE_ARM64	yes
dlls/faultrep/tests/aarch64-windows/faultrep_test-stripped.exe	458752	9de6a04c3d4d7d6855079a5a54b2267f67b74f9da212572eb4680ecdc8b26f32	pe	0xAA64	IMAGE_FILE_MACHINE_ARM64	no
dlls/faultrep/tests/aarch64-windows/faultrep_test.exe	458752	9de6a04c3d4d7d6855079a5a54b2267f67b74f9da212572eb4680ecdc8b26f32	pe	0xAA64	IMAGE_FILE_MACHINE_ARM64	no
dlls/feclient/aarch64-windows/feclient.dll	458752	1c4a7b70dd6407b31c143975cf949617042ec985d4eb05fa372b8b8086a1fd5c	pe	0xAA64	IMAGE_FILE_MACHINE_ARM64	yes
dlls/fltlib/aarch64-windows/fltlib.dll	524288	03d24acce3416f8b97e113a5acfa128a0d84d0ba95d334bf234c0c72557cecb3	pe	0xAA64	IMAGE_FILE_MACHINE_ARM64	yes
dlls/fltmgr.sys/aarch64-windows/fltmgr.sys	458752	2ebf08e36ec117608a0d6b75f864afb13dc2ac0cef926fce191582592499e2ad	pe	0xAA64	IMAGE_FILE_MACHINE_ARM64	yes
dlls/fntcache/aarch64-windows/fntcache.dll	458752	07e796815c67d0f22378af36867c8c5e18edfd2e298fff5da04549eafbbd5098	pe	0xAA64	IMAGE_FILE_MACHINE_ARM64	yes
dlls/fontsub/aarch64-windows/fontsub.dll	458752	87b0656bb2ce47a9f9a2bc7162d5201673319d96698ce4d427a6787484e6ebef	pe	0xAA64	IMAGE_FILE_MACHINE_ARM64	yes
dlls/fusion/aarch64-windows/fusion.dll	524288	119f5bd0c920a34db67b2d9cc294c7d398001ae7032711d266c95eaa60b63d50	pe	0xAA64	IMAGE_FILE_MACHINE_ARM64	yes
dlls/fusion/tests/aarch64-windows/fusion_test-stripped.exe	589824	7e3bfc5a41f4605c00e16d35e245e3b2e9b1aa975db917d8cb82ba5db36be709	pe	0xAA64	IMAGE_FILE_MACHINE_ARM64	no
dlls/fusion/tests/aarch64-windows/fusion_test.exe	589824	7e3bfc5a41f4605c00e16d35e245e3b2e9b1aa975db917d8cb82ba5db36be709	pe	0xAA64	IMAGE_FILE_MACHINE_ARM64	no
dlls/fwpuclnt/aarch64-windows/fwpuclnt.dll	458752	f72397ba9043724238eaeef5f401f8b07c14d78ed2a20b31173d34b5223f137f	pe	0xAA64	IMAGE_FILE_MACHINE_ARM64	yes
dlls/gameinput/aarch64-windows/gameinput.dll	458752	d4ad0b66da92836075254671bab350751c2cd1277fd406aafe7a670d2b21e34f	pe	0xAA64	IMAGE_FILE_MACHINE_ARM64	yes
dlls/gameux/aarch64-windows/gameux.dll	655360	87c74fc63fe68e102c10ad86afd33ad2ca99bbd4fbc025319bf9364c7bab4d23	pe	0xAA64	IMAGE_FILE_MACHINE_ARM64	yes
dlls/gameux/tests/aarch64-windows/gameux_test-stripped.exe	655360	21ac0c4ac7dbe0c08e5682aa3e9f2416abf9390792b1d2177f36344ac3fcf8ec	pe	0xAA64	IMAGE_FILE_MACHINE_ARM64	no
dlls/gameux/tests/aarch64-windows/gameux_test.exe	655360	21ac0c4ac7dbe0c08e5682aa3e9f2416abf9390792b1d2177f36344ac3fcf8ec	pe	0xAA64	IMAGE_FILE_MACHINE_ARM64	no
dlls/gamingtcui/aarch64-windows/gamingtcui.dll	458752	f111a9907ddf7e00441a740da31934acb3c8f7ad68c333efab18ce89b8c5d122	pe	0xAA64	IMAGE_FILE_MACHINE_ARM64	yes
dlls/gdi32/aarch64-windows/gdi32.dll	1048576	91dfddfe25ad711672759b045f26581a651bd18eb346f1cafb1c43a6646e12a6	pe	0xAA64	IMAGE_FILE_MACHINE_ARM64	yes
dlls/gdi32/tests/aarch64-windows/gdi32_test-stripped.exe	1966080	1f927b53dc3d3f39bf39fde57b4cd498f08445a36c94beb626b68683b2189535	pe	0xAA64	IMAGE_FILE_MACHINE_ARM64	no
dlls/gdi32/tests/aarch64-windows/gdi32_test.exe	1966080	1f927b53dc3d3f39bf39fde57b4cd498f08445a36c94beb626b68683b2189535	pe	0xAA64	IMAGE_FILE_MACHINE_ARM64	no
dlls/gdiplus/aarch64-windows/gdiplus.dll	1310720	dd2b4c1889e17ddbfd24103003890eb56bcedc6ed8f82ec95ff4bf472f291ebd	pe	0xAA64	IMAGE_FILE_MACHINE_ARM64	yes
dlls/gdiplus/tests/aarch64-windows/gdiplus_test-stripped.exe	1966080	85fef6605dfa43ec85ce261f2669975d65e57ac46af832b85824004be15df8e1	pe	0xAA64	IMAGE_FILE_MACHINE_ARM64	no
dlls/gdiplus/tests/aarch64-windows/gdiplus_test.exe	1966080	85fef6605dfa43ec85ce261f2669975d65e57ac46af832b85824004be15df8e1	pe	0xAA64	IMAGE_FILE_MACHINE_ARM64	no
dlls/geolocation/aarch64-windows/geolocation.dll	524288	e7f1258a42f5e0430d232571e5d872b6d7c2bd1dbb820798d1336b7f8ee6f437	pe	0xAA64	IMAGE_FILE_MACHINE_ARM64	yes
dlls/geolocation/tests/aarch64-windows/geolocation_test-stripped.exe	589824	125f83f26248be7f5e8d4ab91a4e2e8138aa7c79bd020983acba594beceab416	pe	0xAA64	IMAGE_FILE_MACHINE_ARM64	no
dlls/geolocation/tests/aarch64-windows/geolocation_test.exe	589824	125f83f26248be7f5e8d4ab91a4e2e8138aa7c79bd020983acba594beceab416	pe	0xAA64	IMAGE_FILE_MACHINE_ARM64	no
dlls/glu32/aarch64-windows/glu32.dll	524288	6920b013a919f2c5518f466b296fca0a027416b93d13f8bdc08179985fbb261c	pe	0xAA64	IMAGE_FILE_MACHINE_ARM64	yes
dlls/glu32/tests/aarch64-windows/glu32_test-stripped.exe	458752	ab3a8e48c2d223b2e5e481554063a883778b6afce1ab0469392d41de2ad883ff	pe	0xAA64	IMAGE_FILE_MACHINE_ARM64	no
dlls/glu32/tests/aarch64-windows/glu32_test.exe	458752	ab3a8e48c2d223b2e5e481554063a883778b6afce1ab0469392d41de2ad883ff	pe	0xAA64	IMAGE_FILE_MACHINE_ARM64	no
dlls/gpkcsp/aarch64-windows/gpkcsp.dll	458752	cbf6af6c7042871cc5626c9faf40e12d55d2f863777444f335ed1568010c223e	pe	0xAA64	IMAGE_FILE_MACHINE_ARM64	yes
dlls/graphicscapture/aarch64-windows/graphicscapture.dll	524288	a5fdf97592d612b9b6aae8d4827bd743bc64d70fbcde4b5081cb80d17f12c2c9	pe	0xAA64	IMAGE_FILE_MACHINE_ARM64	yes
dlls/graphicscapture/tests/aarch64-windows/graphicscapture_test-stripped.exe	458752	b5752f303c31da1ef15ada583500483c9850c86f32dbd1dffdf328da7f64e1e4	pe	0xAA64	IMAGE_FILE_MACHINE_ARM64	no
dlls/graphicscapture/tests/aarch64-windows/graphicscapture_test.exe	458752	b5752f303c31da1ef15ada583500483c9850c86f32dbd1dffdf328da7f64e1e4	pe	0xAA64	IMAGE_FILE_MACHINE_ARM64	no
dlls/hal/aarch64-windows/hal.dll	524288	1b56e350a93cf6a3786d755df637f18574852cb9d01170a29ccc62749a15a129	pe	0xAA64	IMAGE_FILE_MACHINE_ARM64	yes
dlls/hhctrl.ocx/aarch64-windows/hhctrl.ocx	720896	5b99a534e6672a4932a317aded5567bd689203ac310cc43379c749ba1bad090d	pe	0xAA64	IMAGE_FILE_MACHINE_ARM64	yes
dlls/hid/aarch64-windows/hid.dll	524288	67c679503b20062155949fcb21bb459e40cebc4c38c7aeab4b6417356a122799	pe	0xAA64	IMAGE_FILE_MACHINE_ARM64	yes
dlls/hid/tests/aarch64-windows/hid_test-stripped.exe	458752	b0f6351f1dc709b0a773b626ab1dcaa530b48da5fc7894d5ec4f9ba6fe31475b	pe	0xAA64	IMAGE_FILE_MACHINE_ARM64	no
dlls/hid/tests/aarch64-windows/hid_test.exe	458752	b0f6351f1dc709b0a773b626ab1dcaa530b48da5fc7894d5ec4f9ba6fe31475b	pe	0xAA64	IMAGE_FILE_MACHINE_ARM64	no
dlls/hidclass.sys/aarch64-windows/hidclass.sys	524288	38b2e8f9f5f3c4ccb910647c2259a44947920181eebab88d401d60399f530e5f	pe	0xAA64	IMAGE_FILE_MACHINE_ARM64	yes
dlls/hidparse.sys/aarch64-windows/hidparse.sys	458752	5eaf32a699c933a22081712588ca5f6051de845ce6af04600ec65b85ce0b2b81	pe	0xAA64	IMAGE_FILE_MACHINE_ARM64	yes
dlls/hlink/aarch64-windows/hlink.dll	655360	89bc4fab362a8230c29902fbe68fca85c62bc2e198c99ba2ef030a7fedf0cb39	pe	0xAA64	IMAGE_FILE_MACHINE_ARM64	yes
dlls/hlink/tests/aarch64-windows/hlink_test-stripped.exe	524288	840cc86b51a5a5ee4a30df02c6d0bbeaf0ea24c7a5e5226d2610300e68a20da7	pe	0xAA64	IMAGE_FILE_MACHINE_ARM64	no
dlls/hlink/tests/aarch64-windows/hlink_test.exe	524288	840cc86b51a5a5ee4a30df02c6d0bbeaf0ea24c7a5e5226d2610300e68a20da7	pe	0xAA64	IMAGE_FILE_MACHINE_ARM64	no
dlls/hnetcfg/aarch64-windows/hnetcfg.dll	589824	965f9738aa355968f680b4f786e78cdae68e0233672deb66bf229ddb8b496da5	pe	0xAA64	IMAGE_FILE_MACHINE_ARM64	yes
dlls/hnetcfg/tests/aarch64-windows/hnetcfg_test-stripped.exe	524288	0765aab445bb2153859534608a47e802cd018da71ced3a4785eee9b8a7d5e8f2	pe	0xAA64	IMAGE_FILE_MACHINE_ARM64	no
dlls/hnetcfg/tests/aarch64-windows/hnetcfg_test.exe	524288	0765aab445bb2153859534608a47e802cd018da71ced3a4785eee9b8a7d5e8f2	pe	0xAA64	IMAGE_FILE_MACHINE_ARM64	no
dlls/hrtfapo/aarch64-windows/hrtfapo.dll	458752	c646e8e5788bad5b90442de428c3fe872f7f35ad4b6c022dc073ef2e264f4952	pe	0xAA64	IMAGE_FILE_MACHINE_ARM64	yes
dlls/http.sys/aarch64-windows/http.sys	458752	6053aac4f18bd22b3ac92f81e40fd3077401e07f559e68e610a4128dd4609aae	pe	0xAA64	IMAGE_FILE_MACHINE_ARM64	yes
dlls/httpapi/aarch64-windows/httpapi.dll	458752	c49eb37624b18a4d652cb3b1cebf7da1036cf66dffce4d7fdd9a25e09fc328bf	pe	0xAA64	IMAGE_FILE_MACHINE_ARM64	yes
dlls/httpapi/tests/aarch64-windows/httpapi_test-stripped.exe	524288	6619fc10fdfe1ab571666a30b0d362796edb2bce73f44524af706bbcf3891737	pe	0xAA64	IMAGE_FILE_MACHINE_ARM64	no
dlls/httpapi/tests/aarch64-windows/httpapi_test.exe	524288	6619fc10fdfe1ab571666a30b0d362796edb2bce73f44524af706bbcf3891737	pe	0xAA64	IMAGE_FILE_MACHINE_ARM64	no
dlls/hvsimanagementapi/aarch64-windows/hvsimanagementapi.dll	524288	fd0e596c513fbeaf1b28ee7cb5f6b53b5ba2ec6d735c4d219604a582e412c84f	pe	0xAA64	IMAGE_FILE_MACHINE_ARM64	yes
dlls/hvsimanagementapi/tests/aarch64-windows/hvsimanagementapi_test-stripped.exe	458752	476b30b68c6fdd463347073eeff281977c8554956677ecbe0828d33fb3bd4270	pe	0xAA64	IMAGE_FILE_MACHINE_ARM64	no
dlls/hvsimanagementapi/tests/aarch64-windows/hvsimanagementapi_test.exe	458752	476b30b68c6fdd463347073eeff281977c8554956677ecbe0828d33fb3bd4270	pe	0xAA64	IMAGE_FILE_MACHINE_ARM64	no
dlls/ia2comproxy/aarch64-windows/ia2comproxy.dll	524288	f4f8b3f0bde915a3d7424f51fcfa6909c679866c499e87f6a10dd184378c1a47	pe	0xAA64	IMAGE_FILE_MACHINE_ARM64	yes
dlls/icmp/aarch64-windows/icmp.dll	131072	f0ddd5a1e432d8f8c1bc5bd8544dce84a0587f4bef580b909125899f190024f1	pe-data	0xAA64	IMAGE_FILE_MACHINE_ARM64	yes
dlls/icmui/aarch64-windows/icmui.dll	458752	f2ded3c6b97cf81ba016f9f1d4574553ac7435b0ae9a9759d02be0ac57202f75	pe	0xAA64	IMAGE_FILE_MACHINE_ARM64	yes
dlls/icmui/tests/aarch64-windows/icmui_test-stripped.exe	458752	c0c86ad33b677516cf9b894cc1cee9d763738e4148094d98270508efbfc7a5ab	pe	0xAA64	IMAGE_FILE_MACHINE_ARM64	no
dlls/icmui/tests/aarch64-windows/icmui_test.exe	458752	c0c86ad33b677516cf9b894cc1cee9d763738e4148094d98270508efbfc7a5ab	pe	0xAA64	IMAGE_FILE_MACHINE_ARM64	no
dlls/icu/aarch64-windows/icu.dll	7143424	f5ad929d9a4a5f8da30072aa0f724ccf6fed0d6ec55c0c6d0f82e682f9ead7ba	pe	0xAA64	IMAGE_FILE_MACHINE_ARM64	yes
dlls/icu/tests/aarch64-windows/icu_test-stripped.exe	458752	a8a48e2529c3e7e8f036730536f85ed834f7e82a117993fe0b2742a3b8ecb9f3	pe	0xAA64	IMAGE_FILE_MACHINE_ARM64	no
dlls/icu/tests/aarch64-windows/icu_test.exe	458752	a8a48e2529c3e7e8f036730536f85ed834f7e82a117993fe0b2742a3b8ecb9f3	pe	0xAA64	IMAGE_FILE_MACHINE_ARM64	no
dlls/icuin/aarch64-windows/icuin.dll	131072	90361f8f2b082e668e4b3895663da376be17facfc2674c141be03459ffe43f73	pe-data	0xAA64	IMAGE_FILE_MACHINE_ARM64	yes
dlls/icuuc/aarch64-windows/icuuc.dll	131072	e017367850f80d23936d5a8e4b439f27bba5108a3f86310f08f0264fe4aaa24b	pe-data	0xAA64	IMAGE_FILE_MACHINE_ARM64	yes
dlls/ieframe/aarch64-windows/ieframe.dll	1048576	f7fad8407b7f28806f12d5bfabfc2454e0e8eca40b4314f2b58a3d268b632582	pe	0xAA64	IMAGE_FILE_MACHINE_ARM64	yes
dlls/ieframe/tests/aarch64-windows/ieframe_test-stripped.exe	655360	4a30421f1506fc10c932a42930c42406ec600a00e32f50ad21630cf47ad48333	pe	0xAA64	IMAGE_FILE_MACHINE_ARM64	no
dlls/ieframe/tests/aarch64-windows/ieframe_test.exe	655360	4a30421f1506fc10c932a42930c42406ec600a00e32f50ad21630cf47ad48333	pe	0xAA64	IMAGE_FILE_MACHINE_ARM64	no
dlls/ieproxy/aarch64-windows/ieproxy.dll	589824	799e2adcc920a2bacb6ae37d944165a7e1995d65f321ea003c27efeffa9f4110	pe	0xAA64	IMAGE_FILE_MACHINE_ARM64	yes
dlls/iertutil/aarch64-windows/iertutil.dll	524288	857dfc582feba4a76770bf851422d2fdd1b747e487ccc45d5f2fc62032bddfb4	pe	0xAA64	IMAGE_FILE_MACHINE_ARM64	yes
dlls/iertutil/tests/aarch64-windows/iertutil_test-stripped.exe	458752	471e9d86737ee29c974d47e9201161d737f32dbd68114f0b281c45efa91ad9be	pe	0xAA64	IMAGE_FILE_MACHINE_ARM64	no
dlls/iertutil/tests/aarch64-windows/iertutil_test.exe	458752	471e9d86737ee29c974d47e9201161d737f32dbd68114f0b281c45efa91ad9be	pe	0xAA64	IMAGE_FILE_MACHINE_ARM64	no
dlls/imaadp32.acm/aarch64-windows/imaadp32.acm	458752	685b121f305d7080b56940bd50c8b18128492a77ccbd112e24f52d99aba3f1cf	pe	0xAA64	IMAGE_FILE_MACHINE_ARM64	yes
dlls/imagehlp/aarch64-windows/imagehlp.dll	458752	dac48e6fc982c1cfdcb2ed845668dcebc021efdf4db6f837a3592975b5526401	pe	0xAA64	IMAGE_FILE_MACHINE_ARM64	yes
dlls/imagehlp/tests/aarch64-windows/imagehlp_test-stripped.exe	1310720	175e7e7c87d3089d41f5f80ecf958cf7d6913ee36f51572d8ff1937375b00ea1	pe	0xAA64	IMAGE_FILE_MACHINE_ARM64	no
dlls/imagehlp/tests/aarch64-windows/imagehlp_test.exe	1310720	175e7e7c87d3089d41f5f80ecf958cf7d6913ee36f51572d8ff1937375b00ea1	pe	0xAA64	IMAGE_FILE_MACHINE_ARM64	no
dlls/imagehlp/tests/aarch64-windows/testdll.dll	458752	0f363a2f43a2fbcb9d9ad529955b8c6939338a951b3cce465257eebccf89cfb6	pe	0xAA64	IMAGE_FILE_MACHINE_ARM64	no
dlls/imm32/aarch64-windows/imm32.dll	524288	4b5dd1dbad3e9fb3f4db241f9e44bd9f7b2444d26c2494c479f4d65750084736	pe	0xAA64	IMAGE_FILE_MACHINE_ARM64	yes
dlls/imm32/tests/aarch64-windows/ime_wrapper.dll	524288	2164f85e35786f087c2b0add2ed6c0e33745249a919875a54066325b0b142d10	pe	0xAA64	IMAGE_FILE_MACHINE_ARM64	no
dlls/imm32/tests/aarch64-windows/imm32_test-stripped.exe	1835008	dea240dd4cf091eaf3ba819fd62fd231065da7f2cb18a74c104cec52169864ae	pe	0xAA64	IMAGE_FILE_MACHINE_ARM64	no
dlls/imm32/tests/aarch64-windows/imm32_test.exe	1835008	dea240dd4cf091eaf3ba819fd62fd231065da7f2cb18a74c104cec52169864ae	pe	0xAA64	IMAGE_FILE_MACHINE_ARM64	no
dlls/inetcomm/aarch64-windows/inetcomm.dll	851968	69d38296fb0b3ae42d28f8de0b43a3030046624475f2e28a3cd1b0b6c4beb251	pe	0xAA64	IMAGE_FILE_MACHINE_ARM64	yes
dlls/inetcomm/tests/aarch64-windows/inetcomm_test-stripped.exe	524288	28acbcab5b8d3489eadb28b7e229910b3836e9f525711bdf9737a12c04c89523	pe	0xAA64	IMAGE_FILE_MACHINE_ARM64	no
dlls/inetcomm/tests/aarch64-windows/inetcomm_test.exe	524288	28acbcab5b8d3489eadb28b7e229910b3836e9f525711bdf9737a12c04c89523	pe	0xAA64	IMAGE_FILE_MACHINE_ARM64	no
dlls/inetcpl.cpl/aarch64-windows/inetcpl.cpl	786432	c29a6bd3330fe75a0eec4f3a32b466b4a4f33ca839e0e11e3fd78b74a85bfadb	pe	0xAA64	IMAGE_FILE_MACHINE_ARM64	yes
dlls/inetmib1/aarch64-windows/inetmib1.dll	458752	5cca3bd6ea854843ba348a000ac85925b9e889569cc9081598f8bceea01f1dc7	pe	0xAA64	IMAGE_FILE_MACHINE_ARM64	yes
dlls/inetmib1/tests/aarch64-windows/inetmib1_test-stripped.exe	458752	382ade8a116b9988b770afb8d71b1f62e2788cba98ff12b30340aa59d1cc69af	pe	0xAA64	IMAGE_FILE_MACHINE_ARM64	no
dlls/inetmib1/tests/aarch64-windows/inetmib1_test.exe	458752	382ade8a116b9988b770afb8d71b1f62e2788cba98ff12b30340aa59d1cc69af	pe	0xAA64	IMAGE_FILE_MACHINE_ARM64	no
dlls/infosoft/aarch64-windows/infosoft.dll	589824	a55aa2564608538dd55157b756b32d3823475c17e9c8047621cda01cd4dca317	pe	0xAA64	IMAGE_FILE_MACHINE_ARM64	yes
dlls/infosoft/tests/aarch64-windows/infosoft_test-stripped.exe	458752	e65840e06e254d1e331aaacf0fec533419067b384e77edb87830c26e5bcc5f89	pe	0xAA64	IMAGE_FILE_MACHINE_ARM64	no
dlls/infosoft/tests/aarch64-windows/infosoft_test.exe	458752	e65840e06e254d1e331aaacf0fec533419067b384e77edb87830c26e5bcc5f89	pe	0xAA64	IMAGE_FILE_MACHINE_ARM64	no
dlls/initpki/aarch64-windows/initpki.dll	458752	cc2bd83cd9ea4ae067596e751e5cf4e744452209c947ef0454fca55d02beb672	pe	0xAA64	IMAGE_FILE_MACHINE_ARM64	yes
dlls/inkobj/aarch64-windows/inkobj.dll	458752	fb3842758798ef831e6fbaf1b4fcc221808d5103d8ae844230293ba57baf462b	pe	0xAA64	IMAGE_FILE_MACHINE_ARM64	yes
dlls/inseng/aarch64-windows/inseng.dll	589824	6d8a4a1a66d7fe7d61ba16f26be5fc13958ea90e00fc39a0cab1ba2e891463eb	pe	0xAA64	IMAGE_FILE_MACHINE_ARM64	yes
dlls/iphlpapi/aarch64-windows/iphlpapi.dll	720896	84423334d3f114eef885f033adba121ca713d095066ed889277bfa70b03869c5	pe	0xAA64	IMAGE_FILE_MACHINE_ARM64	yes
dlls/iphlpapi/tests/aarch64-windows/iphlpapi_test-stripped.exe	589824	253717bb3713c94a750c5a54891511304e1c5105577f550ec1219de975870088	pe	0xAA64	IMAGE_FILE_MACHINE_ARM64	no
dlls/iphlpapi/tests/aarch64-windows/iphlpapi_test.exe	589824	253717bb3713c94a750c5a54891511304e1c5105577f550ec1219de975870088	pe	0xAA64	IMAGE_FILE_MACHINE_ARM64	no
dlls/ir50_32/aarch64-windows/ir50_32.dll	524288	1b577dd46b7d03b03571b3c30e18fc014d9cc7d2e0fd551986dff13eb9f9c1b0	pe	0xAA64	IMAGE_FILE_MACHINE_ARM64	yes
dlls/ir50_32/tests/aarch64-windows/ir50_32_test-stripped.exe	524288	01e8c97af52518be08123df18f7a692d2e88356e3b1692689aec7d87d2c51d34	pe	0xAA64	IMAGE_FILE_MACHINE_ARM64	no
dlls/ir50_32/tests/aarch64-windows/ir50_32_test.exe	524288	01e8c97af52518be08123df18f7a692d2e88356e3b1692689aec7d87d2c51d34	pe	0xAA64	IMAGE_FILE_MACHINE_ARM64	no
dlls/irprops.cpl/aarch64-windows/irprops.cpl	458752	a32eb1535644c4adb3a543b02ec6bf04f2f3371e10483801d551da2001f450df	pe	0xAA64	IMAGE_FILE_MACHINE_ARM64	yes
dlls/itircl/aarch64-windows/itircl.dll	458752	d50b4be2cc5068a18d5777dfa6a0daf1b4570bf2b3bab0cb7e8addc42cb14851	pe	0xAA64	IMAGE_FILE_MACHINE_ARM64	yes
dlls/itss/aarch64-windows/itss.dll	655360	eb7255e4d69810f91aeb8f4eecc1532cf78b58ca132f00f115cc272c853f18d1	pe	0xAA64	IMAGE_FILE_MACHINE_ARM64	yes
dlls/itss/tests/aarch64-windows/itss_test-stripped.exe	524288	8dba96f50f8193edd8d92bee917c56fc9a9182eb66b0258512b9db663f58eb5f	pe	0xAA64	IMAGE_FILE_MACHINE_ARM64	no
dlls/itss/tests/aarch64-windows/itss_test.exe	524288	8dba96f50f8193edd8d92bee917c56fc9a9182eb66b0258512b9db663f58eb5f	pe	0xAA64	IMAGE_FILE_MACHINE_ARM64	no
dlls/iyuv_32/aarch64-windows/iyuv_32.dll	2031616	3eb6e997a5040c21d1d0bd895c381b6a44a3bcac38cc2b544dfe60e5c51dfa37	pe	0xAA64	IMAGE_FILE_MACHINE_ARM64	yes
dlls/iyuv_32/tests/aarch64-windows/iyuv_32_test-stripped.exe	589824	8e6b626707cb49d73ed602f73a21f38d85d9839f61461580afef58521d70f964	pe	0xAA64	IMAGE_FILE_MACHINE_ARM64	no
dlls/iyuv_32/tests/aarch64-windows/iyuv_32_test.exe	589824	8e6b626707cb49d73ed602f73a21f38d85d9839f61461580afef58521d70f964	pe	0xAA64	IMAGE_FILE_MACHINE_ARM64	no
dlls/joy.cpl/aarch64-windows/joy.cpl	655360	85506969bd9d5cf55c52eeb5cdb87f0868ddd92e0c747949977ebf613a2e6c19	pe	0xAA64	IMAGE_FILE_MACHINE_ARM64	yes
dlls/jscript/aarch64-windows/jscript.dll	1179648	eb79f1c6b22d4498737cd560d47c8e90220318f1ab398cacde9e7e5e7203c63c	pe	0xAA64	IMAGE_FILE_MACHINE_ARM64	yes
dlls/jscript/tests/aarch64-windows/jscript_test-stripped.exe	1310720	605e566307de90156e9ec03feac994dc037a95a1749ec5c2fe8f2fdd8350fe09	pe	0xAA64	IMAGE_FILE_MACHINE_ARM64	no
dlls/jscript/tests/aarch64-windows/jscript_test.exe	1310720	605e566307de90156e9ec03feac994dc037a95a1749ec5c2fe8f2fdd8350fe09	pe	0xAA64	IMAGE_FILE_MACHINE_ARM64	no
dlls/jsproxy/aarch64-windows/jsproxy.dll	589824	eab229be27564c34a0295526763ee66b27eb416e78b5a39e9ff51cc5c8d3917f	pe	0xAA64	IMAGE_FILE_MACHINE_ARM64	yes
dlls/jsproxy/tests/aarch64-windows/jsproxy_test-stripped.exe	458752	bb2b5e8a157799624815d68c2f3e1a64dad87de8f3fd2c8dc89ff4f681237ec9	pe	0xAA64	IMAGE_FILE_MACHINE_ARM64	no
dlls/jsproxy/tests/aarch64-windows/jsproxy_test.exe	458752	bb2b5e8a157799624815d68c2f3e1a64dad87de8f3fd2c8dc89ff4f681237ec9	pe	0xAA64	IMAGE_FILE_MACHINE_ARM64	no
dlls/kernel32/aarch64-windows/kernel32.dll	851968	7f24b0691ed42f12e360b0902331bb6baee2545a6a6011bf66b05c4d407f1297	pe	0xAA64	IMAGE_FILE_MACHINE_ARM64	yes
dlls/kernel32/tests/aarch64-windows/dummy.dll	458752	f5b59b07b7e9f2ed59ebf34b7f1d569ebd77c134785831f59e33e428cc3f9cfe	pe	0xAA64	IMAGE_FILE_MACHINE_ARM64	no
dlls/kernel32/tests/aarch64-windows/kernel32_test-stripped.exe	5308416	8989e4987456b4e511ff510297ad05347b3add337ee59fb362e612409f3491f0	pe	0xAA64	IMAGE_FILE_MACHINE_ARM64	no
dlls/kernel32/tests/aarch64-windows/kernel32_test.exe	5308416	8989e4987456b4e511ff510297ad05347b3add337ee59fb362e612409f3491f0	pe	0xAA64	IMAGE_FILE_MACHINE_ARM64	no
dlls/kernelbase/aarch64-windows/kernelbase.dll	3538944	017192a61f92b82110dc967ec2546f554fdb0d185b8f9fcade7994332db16062	pe	0xAA64	IMAGE_FILE_MACHINE_ARM64	yes
dlls/kernelbase/tests/aarch64-windows/kernelbase_test-stripped.exe	589824	48d0bd8a25fc3dc6627954c4252a48ca3bdfc7504851053800feaf350afd0fe8	pe	0xAA64	IMAGE_FILE_MACHINE_ARM64	no
dlls/kernelbase/tests/aarch64-windows/kernelbase_test.exe	589824	48d0bd8a25fc3dc6627954c4252a48ca3bdfc7504851053800feaf350afd0fe8	pe	0xAA64	IMAGE_FILE_MACHINE_ARM64	no
dlls/ksecdd.sys/aarch64-windows/ksecdd.sys	524288	889e2004ce82a621dcdd9e78ff8d031759706e3abea16526ec7f2c2c0c587d56	pe	0xAA64	IMAGE_FILE_MACHINE_ARM64	yes
dlls/ksproxy.ax/aarch64-windows/ksproxy.ax	524288	55235c0cc08966a48c35e3e627ea3cbaf7bf686017daa15de0ea07edb6c068af	pe	0xAA64	IMAGE_FILE_MACHINE_ARM64	yes
dlls/ksuser/aarch64-windows/ksuser.dll	524288	47840244c0985f11dbc5cbabada177a5707248933a09464111c7be12a8ffc130	pe	0xAA64	IMAGE_FILE_MACHINE_ARM64	yes
dlls/ktmw32/aarch64-windows/ktmw32.dll	458752	4d9dfb0dd15dd3bb0ddfc164f3a7b9e57334b62e2452871a0b84583580123cc9	pe	0xAA64	IMAGE_FILE_MACHINE_ARM64	yes
dlls/l3codeca.acm/aarch64-windows/l3codeca.acm	655360	0022c3ae4cb3154e339085fb456b16208b59be92e4e4fa7d698f29fcf6350ef5	pe	0xAA64	IMAGE_FILE_MACHINE_ARM64	yes
dlls/l3codecx.ax/aarch64-windows/l3codecx.ax	720896	8fa74f301c3f482d6c74a397ce2f9e1e9aaead1ceaab74a20ceed89d87803cc8	pe	0xAA64	IMAGE_FILE_MACHINE_ARM64	yes
dlls/loadperf/aarch64-windows/loadperf.dll	458752	de473ad7f4c3983954909a5a154bc494fbae5f14559629a9c27eac9e5813ad14	pe	0xAA64	IMAGE_FILE_MACHINE_ARM64	yes
dlls/localspl/aarch64-windows/localspl.dll	589824	48391ec3c602aa0dd32d8f063da0e3f8ddcc9851b0af2729cb870a5aba828333	pe	0xAA64	IMAGE_FILE_MACHINE_ARM64	yes
dlls/localspl/tests/aarch64-windows/localspl_test-stripped.exe	458752	579691a7c75bec835ae748ca5557d7345e6c945223e4755039ba9dc2c8e4067f	pe	0xAA64	IMAGE_FILE_MACHINE_ARM64	no
dlls/localspl/tests/aarch64-windows/localspl_test.exe	458752	579691a7c75bec835ae748ca5557d7345e6c945223e4755039ba9dc2c8e4067f	pe	0xAA64	IMAGE_FILE_MACHINE_ARM64	no
dlls/localui/aarch64-windows/localui.dll	524288	db2c81a30f3f9b059bf2aebf91f3250b9449c63fe061a241ed8a1ecbda3c47f0	pe	0xAA64	IMAGE_FILE_MACHINE_ARM64	yes
dlls/localui/tests/aarch64-windows/localui_test-stripped.exe	458752	97d98f31a641d7c3fe818bce2bd23132b6405484f345ffde62793739bb0367f9	pe	0xAA64	IMAGE_FILE_MACHINE_ARM64	no
dlls/localui/tests/aarch64-windows/localui_test.exe	458752	97d98f31a641d7c3fe818bce2bd23132b6405484f345ffde62793739bb0367f9	pe	0xAA64	IMAGE_FILE_MACHINE_ARM64	no
dlls/lz32/aarch64-windows/lz32.dll	196608	d5802bc96c7f6b3dc5093f76be381fc7d85d85d60629b08e84160667de27a6a4	pe-data	0xAA64	IMAGE_FILE_MACHINE_ARM64	yes
dlls/lz32/tests/aarch64-windows/lz32_test-stripped.exe	458752	78574985edac489830da115c09509aec84fe20f50d621038d6d3983aa0d24125	pe	0xAA64	IMAGE_FILE_MACHINE_ARM64	no
dlls/lz32/tests/aarch64-windows/lz32_test.exe	458752	78574985edac489830da115c09509aec84fe20f50d621038d6d3983aa0d24125	pe	0xAA64	IMAGE_FILE_MACHINE_ARM64	no
dlls/magnification/aarch64-windows/magnification.dll	458752	dee19e336094dc29734d2b0b3a208772185f1feb733c22ca4cd382046504488c	pe	0xAA64	IMAGE_FILE_MACHINE_ARM64	yes
dlls/mapi32/aarch64-windows/mapi32.dll	720896	ce87a380d688b444388b6ba4868ccd534518b47d9557dfe8c4eb821164a0b655	pe	0xAA64	IMAGE_FILE_MACHINE_ARM64	yes
dlls/mapi32/tests/aarch64-windows/mapi32_test-stripped.exe	458752	c6c4c8090a7912942f9f7aaa1c23dc69fdc8286e402fc3da34f63eba1d761fa3	pe	0xAA64	IMAGE_FILE_MACHINE_ARM64	no
dlls/mapi32/tests/aarch64-windows/mapi32_test.exe	458752	c6c4c8090a7912942f9f7aaa1c23dc69fdc8286e402fc3da34f63eba1d761fa3	pe	0xAA64	IMAGE_FILE_MACHINE_ARM64	no
dlls/mapistub/aarch64-windows/mapistub.dll	458752	cc7a6b1cc9172ff606db72ef241a513098fcd1ae35afa948fb17eb3f8978a714	pe	0xAA64	IMAGE_FILE_MACHINE_ARM64	yes
dlls/mciavi32/aarch64-windows/mciavi32.dll	524288	b428305493c3916b220ee756dee73890e10950a5518744b0d69613e81699b0a9	pe	0xAA64	IMAGE_FILE_MACHINE_ARM64	yes
dlls/mcicda/aarch64-windows/mcicda.dll	458752	990ba9e50afe19ef07b2a314c05ffef35d27eec375f5a700e92cd37600993e64	pe	0xAA64	IMAGE_FILE_MACHINE_ARM64	yes
dlls/mciqtz32/aarch64-windows/mciqtz32.dll	524288	e042ae210434c2d1117cdac75cb92c09f7cb1767eabdc1298bfb61fa20958380	pe	0xAA64	IMAGE_FILE_MACHINE_ARM64	yes
dlls/mciseq/aarch64-windows/mciseq.dll	458752	a8b01c1c0b1a793d70d01c56f0aa621e25309ea8dab968cf20f9cd745c7e1000	pe	0xAA64	IMAGE_FILE_MACHINE_ARM64	yes
dlls/mciwave/aarch64-windows/mciwave.dll	458752	604b231ca02a6802424dfe2d2d17e45ffa94b4def2849b776ea62e4d3ebb24ed	pe	0xAA64	IMAGE_FILE_MACHINE_ARM64	yes
dlls/mf/aarch64-windows/mf.dll	1114112	4e5bd480f1e99261a7d86d591113c53251b66c0cdcd85ce744957ff0950907da	pe	0xAA64	IMAGE_FILE_MACHINE_ARM64	yes
dlls/mf/tests/aarch64-windows/mf_test-stripped.exe	3735552	35e10571299a8e00ab47ee4c15d4bbecf4a8a81644ea462cdc780d53eb5871d9	pe	0xAA64	IMAGE_FILE_MACHINE_ARM64	no
dlls/mf/tests/aarch64-windows/mf_test.exe	3735552	35e10571299a8e00ab47ee4c15d4bbecf4a8a81644ea462cdc780d53eb5871d9	pe	0xAA64	IMAGE_FILE_MACHINE_ARM64	no
dlls/mf3216/aarch64-windows/mf3216.dll	458752	7ef264037a6bb98006ccda138367c62f700b386ee0bdf3e8cab55b0c5827c275	pe	0xAA64	IMAGE_FILE_MACHINE_ARM64	yes
dlls/mfasfsrcsnk/aarch64-windows/mfasfsrcsnk.dll	720896	970faff50dcd96a97dcfb3df970953493ad0503e7cfffe9517dae6d5ca578981	pe	0xAA64	IMAGE_FILE_MACHINE_ARM64	yes
dlls/mferror/aarch64-windows/mferror.dll	327680	77a76f22b193057e00910639bd6b67a134a8d438e22fe9b509354ba486ee39f5	pe-data	0xAA64	IMAGE_FILE_MACHINE_ARM64	yes
dlls/mfh264enc/aarch64-windows/mfh264enc.dll	720896	d84c29578c7c7ba27a668bd02090311082042f2a1b8a4879883f5459aecc1e4a	pe	0xAA64	IMAGE_FILE_MACHINE_ARM64	yes
dlls/mfmediaengine/aarch64-windows/mfmediaengine.dll	786432	8e6c9ed76c25af97adbbe0f5a50bcfb638bed6aa4609494a86248c6e8573fe1e	pe	0xAA64	IMAGE_FILE_MACHINE_ARM64	yes
dlls/mfmediaengine/tests/aarch64-windows/mfmediaengine_test-stripped.exe	851968	382c891f29ab35dfb8965987b7308b6675b54a7991c4b022c29bb793be3b5ee3	pe	0xAA64	IMAGE_FILE_MACHINE_ARM64	no
dlls/mfmediaengine/tests/aarch64-windows/mfmediaengine_test.exe	851968	382c891f29ab35dfb8965987b7308b6675b54a7991c4b022c29bb793be3b5ee3	pe	0xAA64	IMAGE_FILE_MACHINE_ARM64	no
dlls/mfmp4srcsnk/aarch64-windows/mfmp4srcsnk.dll	720896	676527c3960533bd150d64452f885826e4e88c142e2ab45904bf108db1b2f489	pe	0xAA64	IMAGE_FILE_MACHINE_ARM64	yes
dlls/mfplat/aarch64-windows/mfplat.dll	917504	12c6ee4cd5a9bd4e9fc5291ef93da556b3619a232aa3479cf57a2ac295d1fe84	pe	0xAA64	IMAGE_FILE_MACHINE_ARM64	yes
dlls/mfplat/tests/aarch64-windows/mfplat_test-stripped.exe	1703936	b3ab43cb35b3a5d7060bc1c84679be0d457b89d54cdecef52334d10d7e1f6ebc	pe	0xAA64	IMAGE_FILE_MACHINE_ARM64	no
dlls/mfplat/tests/aarch64-windows/mfplat_test.exe	1703936	b3ab43cb35b3a5d7060bc1c84679be0d457b89d54cdecef52334d10d7e1f6ebc	pe	0xAA64	IMAGE_FILE_MACHINE_ARM64	no
dlls/mfplay/aarch64-windows/mfplay.dll	655360	f8fe9905d6228650f230ce3424cbf211174d65be60226973b00eed21afa0ff00	pe	0xAA64	IMAGE_FILE_MACHINE_ARM64	yes
dlls/mfplay/tests/aarch64-windows/mfplay_test-stripped.exe	720896	fcd0211568cd46f243be656a04c1569666295322b458edd724ae0bae729ca7cd	pe	0xAA64	IMAGE_FILE_MACHINE_ARM64	no
dlls/mfplay/tests/aarch64-windows/mfplay_test.exe	720896	fcd0211568cd46f243be656a04c1569666295322b458edd724ae0bae729ca7cd	pe	0xAA64	IMAGE_FILE_MACHINE_ARM64	no
dlls/mfreadwrite/aarch64-windows/mfreadwrite.dll	720896	0e5ccb7334f9f9f633d4b80963b712e7c469e74ad00b483dafe217653d3208a2	pe	0xAA64	IMAGE_FILE_MACHINE_ARM64	yes
dlls/mfreadwrite/tests/aarch64-windows/mfreadwrite_test-stripped.exe	655360	d0f47853bb121c1d0203ffb5b22afdac04619a81dce125e81a92d5a95a157ea3	pe	0xAA64	IMAGE_FILE_MACHINE_ARM64	no
dlls/mfreadwrite/tests/aarch64-windows/mfreadwrite_test.exe	655360	d0f47853bb121c1d0203ffb5b22afdac04619a81dce125e81a92d5a95a157ea3	pe	0xAA64	IMAGE_FILE_MACHINE_ARM64	no
dlls/mfsrcsnk/aarch64-windows/mfsrcsnk.dll	720896	db3b0067829de17389b80abc79deeaa295d28b93d6b67cb8df453ae247b80a27	pe	0xAA64	IMAGE_FILE_MACHINE_ARM64	yes
dlls/mfsrcsnk/tests/aarch64-windows/mfsrcsnk_test-stripped.exe	720896	f2da6d5fb0668b291dd681ff8809fe0058fff0fc2a89f484ab8553e585d42e3b	pe	0xAA64	IMAGE_FILE_MACHINE_ARM64	no
dlls/mfsrcsnk/tests/aarch64-windows/mfsrcsnk_test.exe	720896	f2da6d5fb0668b291dd681ff8809fe0058fff0fc2a89f484ab8553e585d42e3b	pe	0xAA64	IMAGE_FILE_MACHINE_ARM64	no
dlls/mgmtapi/aarch64-windows/mgmtapi.dll	458752	c3459bcd84b9c0691fbe8077314744b57636f7e30e1cd033e6a79f7dc782ab15	pe	0xAA64	IMAGE_FILE_MACHINE_ARM64	yes
dlls/midimap/aarch64-windows/midimap.dll	458752	257ea5f3bd34e24dc64799e7e93d2ac0476e93ab38178c6a3b2a0d4623bcf4f8	pe	0xAA64	IMAGE_FILE_MACHINE_ARM64	yes
dlls/mlang/aarch64-windows/mlang.dll	720896	3f20a0f184efbb5d8a40272edce11a098e7b6247d6fd8c951f49bcc2a0ef8709	pe	0xAA64	IMAGE_FILE_MACHINE_ARM64	yes
dlls/mlang/tests/aarch64-windows/mlang_test-stripped.exe	524288	5fd5b509d9ac459c244418b2db3a32ab5342ef76dc78b61a3684e8e1f86d711d	pe	0xAA64	IMAGE_FILE_MACHINE_ARM64	no
dlls/mlang/tests/aarch64-windows/mlang_test.exe	524288	5fd5b509d9ac459c244418b2db3a32ab5342ef76dc78b61a3684e8e1f86d711d	pe	0xAA64	IMAGE_FILE_MACHINE_ARM64	no
dlls/mmcndmgr/aarch64-windows/mmcndmgr.dll	589824	40503296b78cb482a5b0f05a16a16fbe00ef614d8f2cf1d3845645ca4ae7ab61	pe	0xAA64	IMAGE_FILE_MACHINE_ARM64	yes
dlls/mmcndmgr/tests/aarch64-windows/mmcndmgr_test-stripped.exe	458752	456e14c0b5e0a3758de8c02984b56db166d46a28c8a2ee46f639f3b869776032	pe	0xAA64	IMAGE_FILE_MACHINE_ARM64	no
dlls/mmcndmgr/tests/aarch64-windows/mmcndmgr_test.exe	458752	456e14c0b5e0a3758de8c02984b56db166d46a28c8a2ee46f639f3b869776032	pe	0xAA64	IMAGE_FILE_MACHINE_ARM64	no
dlls/mmdevapi/aarch64-windows/mmdevapi.dll	655360	5aa69332c5bd4557bbc2cac686adc42c05d7c561e03e1f7e58be5997bbd74d02	pe	0xAA64	IMAGE_FILE_MACHINE_ARM64	yes
dlls/mmdevapi/tests/aarch64-windows/mmdevapi_test-stripped.exe	720896	3ee5032ff5f7fc45aeafaa16aa78343a5b850c754eac28be5b8b782d2cccbf1c	pe	0xAA64	IMAGE_FILE_MACHINE_ARM64	no
dlls/mmdevapi/tests/aarch64-windows/mmdevapi_test.exe	720896	3ee5032ff5f7fc45aeafaa16aa78343a5b850c754eac28be5b8b782d2cccbf1c	pe	0xAA64	IMAGE_FILE_MACHINE_ARM64	no
dlls/mouhid.sys/aarch64-windows/mouhid.sys	524288	863ef5376b034419580976b3a2a8952e55f5c3a9deff95eb843de42badbfc387	pe	0xAA64	IMAGE_FILE_MACHINE_ARM64	yes
dlls/mountmgr.sys/aarch64-windows/mountmgr.sys	458752	b70e934389ed5628f35b2289a6653652fe85e547cb5a2b4495e7c57f8ba69852	pe	0xAA64	IMAGE_FILE_MACHINE_ARM64	yes
dlls/mp3dmod/aarch64-windows/mp3dmod.dll	983040	1ebbc8097802f2ea9a8280bf7b9524fceab23d34537aa22e77efc47a0ce1d5b1	pe	0xAA64	IMAGE_FILE_MACHINE_ARM64	yes
dlls/mp3dmod/tests/aarch64-windows/mp3dmod_test-stripped.exe	655360	9d67b898247627ca66943c52fda1acd03a55a2733151e17266d055d1fc7979ba	pe	0xAA64	IMAGE_FILE_MACHINE_ARM64	no
dlls/mp3dmod/tests/aarch64-windows/mp3dmod_test.exe	655360	9d67b898247627ca66943c52fda1acd03a55a2733151e17266d055d1fc7979ba	pe	0xAA64	IMAGE_FILE_MACHINE_ARM64	no
dlls/mpr/aarch64-windows/mpr.dll	524288	a28408c26efa90b6c1981647c2f344fbe07b84466c893b3db9174e56ee67975e	pe	0xAA64	IMAGE_FILE_MACHINE_ARM64	yes
dlls/mpr/tests/aarch64-windows/mpr_test-stripped.exe	458752	29bcc1069a69ecf211162c87b003acd6aa76fd04319e84e929c013ab594e0cd9	pe	0xAA64	IMAGE_FILE_MACHINE_ARM64	no
dlls/mpr/tests/aarch64-windows/mpr_test.exe	458752	29bcc1069a69ecf211162c87b003acd6aa76fd04319e84e929c013ab594e0cd9	pe	0xAA64	IMAGE_FILE_MACHINE_ARM64	no
dlls/mprapi/aarch64-windows/mprapi.dll	458752	946bde5e2030574050ab836e5b6e700131703447bf20092eb8059c6e1c328102	pe	0xAA64	IMAGE_FILE_MACHINE_ARM64	yes
dlls/msacm32.drv/aarch64-windows/msacm32.drv	458752	72e775bf7179c4079ae299785d1af425420bcdde61a690fe4b20786583fba6ef	pe	0xAA64	IMAGE_FILE_MACHINE_ARM64	yes
dlls/msacm32/aarch64-windows/msacm32.dll	524288	a21c742b800447e99e2fd66cd8b45e533a54572f9e21832a39f9432fa8693dc6	pe	0xAA64	IMAGE_FILE_MACHINE_ARM64	yes
dlls/msacm32/tests/aarch64-windows/msacm32_test-stripped.exe	458752	224c3873a1a36923557ddd1aa2840d5be5d748b98169e08e145ababd4d9e0209	pe	0xAA64	IMAGE_FILE_MACHINE_ARM64	no
dlls/msacm32/tests/aarch64-windows/msacm32_test.exe	458752	224c3873a1a36923557ddd1aa2840d5be5d748b98169e08e145ababd4d9e0209	pe	0xAA64	IMAGE_FILE_MACHINE_ARM64	no
dlls/msado15/aarch64-windows/msado15.dll	655360	67997313d29b48bd4fdfc1da3613307ad2aa101f0578df78122aca07822746c5	pe	0xAA64	IMAGE_FILE_MACHINE_ARM64	yes
dlls/msado15/tests/aarch64-windows/msado15_test-stripped.exe	589824	d5fcd105987a64615e796b441ff0d9376fac12903b3c0c7c5227dc1443c29925	pe	0xAA64	IMAGE_FILE_MACHINE_ARM64	no
dlls/msado15/tests/aarch64-windows/msado15_test.exe	589824	d5fcd105987a64615e796b441ff0d9376fac12903b3c0c7c5227dc1443c29925	pe	0xAA64	IMAGE_FILE_MACHINE_ARM64	no
dlls/msadp32.acm/aarch64-windows/msadp32.acm	458752	68819aa39abf486f51b4e038665371a8f5034f7934a70f5baa2c8c7f97bcc8fc	pe	0xAA64	IMAGE_FILE_MACHINE_ARM64	yes
dlls/msasn1/aarch64-windows/msasn1.dll	458752	dc1f94ef154d767b3a453975b258d72b7bc8b1978c0a8efa85efaaf4e0fb8e2c	pe	0xAA64	IMAGE_FILE_MACHINE_ARM64	yes
dlls/msasn1/tests/aarch64-windows/msasn1_test-stripped.exe	458752	05db1b13967966de782ac77e9751152cd0dfaa29cdb1de30815599b33e278d03	pe	0xAA64	IMAGE_FILE_MACHINE_ARM64	no
dlls/msasn1/tests/aarch64-windows/msasn1_test.exe	458752	05db1b13967966de782ac77e9751152cd0dfaa29cdb1de30815599b33e278d03	pe	0xAA64	IMAGE_FILE_MACHINE_ARM64	no
dlls/msauddecmft/aarch64-windows/msauddecmft.dll	720896	ccfa41aa9159e8a6d7134d91a2b2c0f051124be9c0ddeb5857a826ecbfc96f5d	pe	0xAA64	IMAGE_FILE_MACHINE_ARM64	yes
dlls/mscat32/aarch64-windows/mscat32.dll	458752	ecbaeaa1b0d7de00f876aeb4f59a7fc45b931fcfd769d9127a06c1153fdbfff2	pe	0xAA64	IMAGE_FILE_MACHINE_ARM64	yes
dlls/mscms/aarch64-windows/mscms.dll	786432	02f7143349de77d0fca9c7bd8abdf32bc6c02f745dc2c59f5c87d3ef4c94559d	pe	0xAA64	IMAGE_FILE_MACHINE_ARM64	yes
dlls/mscms/tests/aarch64-windows/mscms_test-stripped.exe	458752	9c73befd75efdf8e9be3a727d287fc42057df55053ca5ff3b104ca18e9b52aa8	pe	0xAA64	IMAGE_FILE_MACHINE_ARM64	no
dlls/mscms/tests/aarch64-windows/mscms_test.exe	458752	9c73befd75efdf8e9be3a727d287fc42057df55053ca5ff3b104ca18e9b52aa8	pe	0xAA64	IMAGE_FILE_MACHINE_ARM64	no
dlls/mscoree/aarch64-windows/mscoree.dll	786432	8334f1b229018c01d74488b6fe0308fe8622734da03db1a635884c23ea76c141	pe	0xAA64	IMAGE_FILE_MACHINE_ARM64	yes
dlls/mscoree/tests/aarch64-windows/mscoree_test-stripped.exe	786432	c20d85547820b0c586c6d1b4a55aed0b66e0a3d8844a21f1219f2ae8a40658b4	pe	0xAA64	IMAGE_FILE_MACHINE_ARM64	no
dlls/mscoree/tests/aarch64-windows/mscoree_test.exe	786432	c20d85547820b0c586c6d1b4a55aed0b66e0a3d8844a21f1219f2ae8a40658b4	pe	0xAA64	IMAGE_FILE_MACHINE_ARM64	no
dlls/mscorwks/aarch64-windows/mscorwks.dll	458752	17292a478bd353fe7eef15f6abc066b4f605b470c7d7a04c6a28bfd5dcadc76d	pe	0xAA64	IMAGE_FILE_MACHINE_ARM64	yes
dlls/msctf/aarch64-windows/msctf.dll	786432	5d10564aa85dc4bbcb27c8fc4d1f42355637f52393d2a209fa9626302363e3c1	pe	0xAA64	IMAGE_FILE_MACHINE_ARM64	yes
dlls/msctf/tests/aarch64-windows/msctf_test-stripped.exe	589824	8cd06163bf56ad5afcc4915d8342b4bacdf34bb8c43f1f2402adf81b126d4148	pe	0xAA64	IMAGE_FILE_MACHINE_ARM64	no
dlls/msctf/tests/aarch64-windows/msctf_test.exe	589824	8cd06163bf56ad5afcc4915d8342b4bacdf34bb8c43f1f2402adf81b126d4148	pe	0xAA64	IMAGE_FILE_MACHINE_ARM64	no
dlls/msctfmonitor/aarch64-windows/msctfmonitor.dll	458752	5c61d4df7c0ad7d3a9968408a49dfa4a0506cf98ea47c0d212051f326fe1de75	pe	0xAA64	IMAGE_FILE_MACHINE_ARM64	yes
dlls/msctfp/aarch64-windows/msctfp.dll	524288	3dd696256d04fe9f43d1732925a9889ebcd53c1c70dd82c84b399b8752f0fde5	pe	0xAA64	IMAGE_FILE_MACHINE_ARM64	yes
dlls/msdaps/aarch64-windows/msdaps.dll	589824	e4278d734628cb827b66b0107e90622ff6593c4d05d7e6dbeb0b5abac16cb3c9	pe	0xAA64	IMAGE_FILE_MACHINE_ARM64	yes
dlls/msdasql/aarch64-windows/msdasql.dll	720896	b4b687b06d8bf05a59f32884446cdc33d113fac8cb64dcfbd55c2c1b7379451a	pe	0xAA64	IMAGE_FILE_MACHINE_ARM64	yes
dlls/msdasql/tests/aarch64-windows/msdasql_test-stripped.exe	589824	eef660987fd1da461bfb19c2fd898ff49bb4b6f6015b482d99e337237b8ecbaa	pe	0xAA64	IMAGE_FILE_MACHINE_ARM64	no
dlls/msdasql/tests/aarch64-windows/msdasql_test.exe	589824	eef660987fd1da461bfb19c2fd898ff49bb4b6f6015b482d99e337237b8ecbaa	pe	0xAA64	IMAGE_FILE_MACHINE_ARM64	no
dlls/msdelta/aarch64-windows/msdelta.dll	458752	dffc7eb74b91c96ae7c1a224ec1a4006797189330cf3dac1bafc0312a6e41f80	pe	0xAA64	IMAGE_FILE_MACHINE_ARM64	yes
dlls/msdmo/aarch64-windows/msdmo.dll	589824	10254a85de5e0634e2ecdb23e7076f93ea610fe9b8996a99a4a486b5afb4c391	pe	0xAA64	IMAGE_FILE_MACHINE_ARM64	yes
dlls/msdmo/tests/aarch64-windows/msdmo_test-stripped.exe	524288	b08059f286f932f56814e68ff98409bf73597b92b154b7016cf3e16cf84faebb	pe	0xAA64	IMAGE_FILE_MACHINE_ARM64	no
dlls/msdmo/tests/aarch64-windows/msdmo_test.exe	524288	b08059f286f932f56814e68ff98409bf73597b92b154b7016cf3e16cf84faebb	pe	0xAA64	IMAGE_FILE_MACHINE_ARM64	no
dlls/msdrm/aarch64-windows/msdrm.dll	458752	abb357a3d68feb513b6acfa7731c36686e2ef788c941438d11ef3ab9f417b9ef	pe	0xAA64	IMAGE_FILE_MACHINE_ARM64	yes
dlls/msftedit/aarch64-windows/msftedit.dll	589824	3c24829be39afdb658a3c21fd02011b1581e08468838cf6824bfe29f9535514e	pe	0xAA64	IMAGE_FILE_MACHINE_ARM64	yes
dlls/msftedit/tests/aarch64-windows/msftedit_test-stripped.exe	458752	410add73021c09faac58301083e35f5480e4228aa522cfec8c6ee708f3d920cf	pe	0xAA64	IMAGE_FILE_MACHINE_ARM64	no
dlls/msftedit/tests/aarch64-windows/msftedit_test.exe	458752	410add73021c09faac58301083e35f5480e4228aa522cfec8c6ee708f3d920cf	pe	0xAA64	IMAGE_FILE_MACHINE_ARM64	no
dlls/msg711.acm/aarch64-windows/msg711.acm	458752	1a44bb9b1a11eeba88912c6d9425241ed7e5019852a901260adaefa0e89237d4	pe	0xAA64	IMAGE_FILE_MACHINE_ARM64	yes
dlls/msgsm32.acm/aarch64-windows/msgsm32.acm	458752	014e002a9439bd0156448d50bcf3a47532f4ed36cafdd7f6dedba10376a6ab1d	pe	0xAA64	IMAGE_FILE_MACHINE_ARM64	yes
dlls/mshtml.tlb/aarch64-windows/mshtml.tlb	1310720	fb71cad2b6c379ec73e584fed2c605c0d607f17119a73b180167e0298fd9bdaa	pe-data	0xAA64	IMAGE_FILE_MACHINE_ARM64	yes
dlls/mshtml/aarch64-windows/mshtml.dll	2818048	e91a835f486f8b35f542bcc240661994230dee3f0374250818ce482e1809a1f0	pe	0xAA64	IMAGE_FILE_MACHINE_ARM64	yes
dlls/mshtml/tests/aarch64-windows/mshtml_test-stripped.exe	3211264	686f2c61ea998573f91c70c29f5241305736bc7da2f3a8130411d4158670b523	pe	0xAA64	IMAGE_FILE_MACHINE_ARM64	no
dlls/mshtml/tests/aarch64-windows/mshtml_test.exe	3211264	686f2c61ea998573f91c70c29f5241305736bc7da2f3a8130411d4158670b523	pe	0xAA64	IMAGE_FILE_MACHINE_ARM64	no
dlls/msi/aarch64-windows/msi.dll	1900544	f665005593978f8bffd20732921015925336de7192f1cbdb207bb84d9d09063d	pe	0xAA64	IMAGE_FILE_MACHINE_ARM64	yes
dlls/msi/tests/aarch64-windows/custom.dll	589824	4ff1f3f9da44c63dc7ccbfdd7bbc59194a89e13bdf05ebcd081c977f7289ec74	pe	0xAA64	IMAGE_FILE_MACHINE_ARM64	no
dlls/msi/tests/aarch64-windows/msi_test-stripped.exe	5111808	ddedbd1460782eb4820977a9fb7da3690b649217f492b7a78b6092bceceb43e0	pe	0xAA64	IMAGE_FILE_MACHINE_ARM64	no
dlls/msi/tests/aarch64-windows/msi_test.exe	5111808	ddedbd1460782eb4820977a9fb7da3690b649217f492b7a78b6092bceceb43e0	pe	0xAA64	IMAGE_FILE_MACHINE_ARM64	no
dlls/msi/tests/aarch64-windows/selfreg.dll	458752	6f944922555594c575a509a1d3ea3950865d8c354166fc93f55a5c4fe8ff87a3	pe	0xAA64	IMAGE_FILE_MACHINE_ARM64	no
dlls/msident/aarch64-windows/msident.dll	524288	4c21de05d2bc77f1d1a9847752d3586e0182b6f29894aa9695b744e7a06c9d21	pe	0xAA64	IMAGE_FILE_MACHINE_ARM64	yes
dlls/msimg32/aarch64-windows/msimg32.dll	458752	b6342213c5a2611c5e4830faefa4cf752638c10acefbc61371c15c6cdf3a6c66	pe	0xAA64	IMAGE_FILE_MACHINE_ARM64	yes
dlls/msimsg/aarch64-windows/msimsg.dll	131072	930cf8b70f9f4e8234168bd2faa5ee23dcbabfc3353e7e2b201020f086e1c618	pe-data	0xAA64	IMAGE_FILE_MACHINE_ARM64	yes
dlls/msimtf/aarch64-windows/msimtf.dll	655360	1c8276be8e1a2fb47ff2a3064a3ebe04d445cb97d089416320c36eacec151b31	pe	0xAA64	IMAGE_FILE_MACHINE_ARM64	yes
dlls/msisip/aarch64-windows/msisip.dll	458752	d049b38504139f35bd9669415f8ecfbb07abd1a5896dc1f7e18e27766da46f71	pe	0xAA64	IMAGE_FILE_MACHINE_ARM64	yes
dlls/msisys.ocx/aarch64-windows/msisys.ocx	458752	2e2a58d03b6d38ebb6e65e3213f17ccb7c9d44710c4b76c665ebbb7e460a13ff	pe	0xAA64	IMAGE_FILE_MACHINE_ARM64	yes
dlls/msls31/aarch64-windows/msls31.dll	458752	1c5d1bbf6cc9f8a5113232362d7452bf11203a5f1e860278c8ab32856d4f07ba	pe	0xAA64	IMAGE_FILE_MACHINE_ARM64	yes
dlls/msmpeg2vdec/aarch64-windows/msmpeg2vdec.dll	720896	e70b10ec4eab81c2791ea2de3a53424bfe561ba3746f10d1b99aa42b4a649aec	pe	0xAA64	IMAGE_FILE_MACHINE_ARM64	yes
dlls/msnet32/aarch64-windows/msnet32.dll	458752	48b6089e877a38c289c008a3b6af943ee89d0b65aa5da9d95f0630231f3830b0	pe	0xAA64	IMAGE_FILE_MACHINE_ARM64	yes
dlls/mspatcha/aarch64-windows/mspatcha.dll	524288	b93c01ed7b3902cd40d9891d0afb43dd395774040fb43ddab7048ed80ff5dbef	pe	0xAA64	IMAGE_FILE_MACHINE_ARM64	yes
dlls/mspatcha/tests/aarch64-windows/mspatcha_test-stripped.exe	524288	1cf1fb442326eecf2d993111f8e816a6551e6badbe3448c037be666af7b6f3e2	pe	0xAA64	IMAGE_FILE_MACHINE_ARM64	no
dlls/mspatcha/tests/aarch64-windows/mspatcha_test.exe	524288	1cf1fb442326eecf2d993111f8e816a6551e6badbe3448c037be666af7b6f3e2	pe	0xAA64	IMAGE_FILE_MACHINE_ARM64	no
dlls/msports/aarch64-windows/msports.dll	458752	4093e16a0479cf673eda27cca7dd6c23eaf8c1e2f7642047e0e69c276481eaf5	pe	0xAA64	IMAGE_FILE_MACHINE_ARM64	yes
dlls/msrle32/aarch64-windows/msrle32.dll	524288	3ec139653aefe7003781a42cf7735cb3e2ba993f4efd0b2b38a1205254ce4b32	pe	0xAA64	IMAGE_FILE_MACHINE_ARM64	yes
dlls/msrle32/tests/aarch64-windows/msrle32_test-stripped.exe	458752	d2bf1bcd91729506387403f3b2765c65fde715b0115f3ee7ef40aee4bea67c17	pe	0xAA64	IMAGE_FILE_MACHINE_ARM64	no
dlls/msrle32/tests/aarch64-windows/msrle32_test.exe	458752	d2bf1bcd91729506387403f3b2765c65fde715b0115f3ee7ef40aee4bea67c17	pe	0xAA64	IMAGE_FILE_MACHINE_ARM64	no
dlls/mssign32/aarch64-windows/mssign32.dll	458752	a073197446769df47ec8a1b19297ee5cda32d0c52ca8ab178c3605c1e666663b	pe	0xAA64	IMAGE_FILE_MACHINE_ARM64	yes
dlls/mssip32/aarch64-windows/mssip32.dll	458752	8c1e58ff46a4052991569ed793f722206de60f16aea2b5b67b3799b2b9b8d425	pe	0xAA64	IMAGE_FILE_MACHINE_ARM64	yes
dlls/mstask/aarch64-windows/mstask.dll	524288	423d604086ccb1064ecac24a887b3f7cc944c0f680149fbc91d89b3c5afe094e	pe	0xAA64	IMAGE_FILE_MACHINE_ARM64	yes
dlls/mstask/tests/aarch64-windows/mstask_test-stripped.exe	524288	9304eb076da47c84fbc60d1a815f45be9bbeb6944e43cd7ec13ebf88d2c6a901	pe	0xAA64	IMAGE_FILE_MACHINE_ARM64	no
dlls/mstask/tests/aarch64-windows/mstask_test.exe	524288	9304eb076da47c84fbc60d1a815f45be9bbeb6944e43cd7ec13ebf88d2c6a901	pe	0xAA64	IMAGE_FILE_MACHINE_ARM64	no
dlls/msttsengine/aarch64-windows/msttsengine.dll	524288	8a20b1ec9c7edb710cba5e1abd7200322f66bff513582db696a1d86b4fe6ea3b	pe	0xAA64	IMAGE_FILE_MACHINE_ARM64	yes
dlls/msv1_0/aarch64-windows/msv1_0.dll	458752	4d7037f6020455ce5e07c70476a471169f9658ccc8d5cba83af83baea31a1298	pe	0xAA64	IMAGE_FILE_MACHINE_ARM64	yes
dlls/msvcirt/aarch64-windows/msvcirt.dll	589824	a4b8c289007be6cf8a42159edc15d49e0a0f9329594c2cede0b828782e14c320	pe	0xAA64	IMAGE_FILE_MACHINE_ARM64	yes
dlls/msvcirt/tests/aarch64-windows/msvcirt_test-stripped.exe	1114112	e304931dd81e04cecd13ca43e209216e2f4b0415f294ce8b8f5c91c42c0ecfc9	pe	0xAA64	IMAGE_FILE_MACHINE_ARM64	no
dlls/msvcirt/tests/aarch64-windows/msvcirt_test.exe	1114112	e304931dd81e04cecd13ca43e209216e2f4b0415f294ce8b8f5c91c42c0ecfc9	pe	0xAA64	IMAGE_FILE_MACHINE_ARM64	no
dlls/msvcm80/aarch64-windows/msvcm80.dll	458752	a8b6a74a0efee5f27e1258da2bec83ec49a8fcef2d394ced51c640631b500d36	pe	0xAA64	IMAGE_FILE_MACHINE_ARM64	yes
dlls/msvcm90/aarch64-windows/msvcm90.dll	458752	da5aab71f5745a58fd62ed26f31c088c5b275237411e3d26539bbbc2d94143d6	pe	0xAA64	IMAGE_FILE_MACHINE_ARM64	yes
dlls/msvcp100/aarch64-windows/msvcp100.dll	1441792	79af022ddd8f9af6facd76a1d074202379ff03166e63e59d1d519e42c3b650dd	pe	0xAA64	IMAGE_FILE_MACHINE_ARM64	yes
dlls/msvcp100/tests/aarch64-windows/msvcp100_test-stripped.exe	458752	865af1b1b209bddbb486ac6b1bb4ac4f4e0ddaa3a3870caa4e8a91f31e47a19d	pe	0xAA64	IMAGE_FILE_MACHINE_ARM64	no
dlls/msvcp100/tests/aarch64-windows/msvcp100_test.exe	458752	865af1b1b209bddbb486ac6b1bb4ac4f4e0ddaa3a3870caa4e8a91f31e47a19d	pe	0xAA64	IMAGE_FILE_MACHINE_ARM64	no
dlls/msvcp110/aarch64-windows/msvcp110.dll	1441792	e2430579ad3cf6dd9b139e06f838c7d3491c382d7c9c34c1c4e3bb0e60abe057	pe	0xAA64	IMAGE_FILE_MACHINE_ARM64	yes
dlls/msvcp110/tests/aarch64-windows/msvcp110_test-stripped.exe	458752	c265b0ccfab4cc5e7b0dfeb35e623c3d633cef5f5d721868a52490dedc9a5a1a	pe	0xAA64	IMAGE_FILE_MACHINE_ARM64	no
dlls/msvcp110/tests/aarch64-windows/msvcp110_test.exe	458752	c265b0ccfab4cc5e7b0dfeb35e623c3d633cef5f5d721868a52490dedc9a5a1a	pe	0xAA64	IMAGE_FILE_MACHINE_ARM64	no
dlls/msvcp120/aarch64-windows/msvcp120.dll	1441792	21ded1d7f3e0cc00f6b5c5826aaf4d224a7609a730676ba9870ada126a042dc1	pe	0xAA64	IMAGE_FILE_MACHINE_ARM64	yes
dlls/msvcp120/tests/aarch64-windows/msvcp120_test-stripped.exe	589824	6e1e50493b163a6cba4d882dfc3d4197a95011cf29a5ee96be5250eb2d72897d	pe	0xAA64	IMAGE_FILE_MACHINE_ARM64	no
dlls/msvcp120/tests/aarch64-windows/msvcp120_test.exe	589824	6e1e50493b163a6cba4d882dfc3d4197a95011cf29a5ee96be5250eb2d72897d	pe	0xAA64	IMAGE_FILE_MACHINE_ARM64	no
dlls/msvcp120_app/aarch64-windows/msvcp120_app.dll	655360	986ad371c488ceb74bf42733dc26599828e7b5cb58a55ed74699a9b023171478	pe	0xAA64	IMAGE_FILE_MACHINE_ARM64	yes
dlls/msvcp140/aarch64-windows/msvcp140.dll	1507328	32c666e3b9717089ce0728166a2c1600faf742fd4cac406c0500de91eb47d4c5	pe	0xAA64	IMAGE_FILE_MACHINE_ARM64	yes
dlls/msvcp140/tests/aarch64-windows/msvcp140_test-stripped.exe	1441792	a8b709274c3cff50a45a0737cadd4f81d00377bc75b5d97ce1cbb6c4315f261d	pe	0xAA64	IMAGE_FILE_MACHINE_ARM64	no
dlls/msvcp140/tests/aarch64-windows/msvcp140_test.exe	1441792	a8b709274c3cff50a45a0737cadd4f81d00377bc75b5d97ce1cbb6c4315f261d	pe	0xAA64	IMAGE_FILE_MACHINE_ARM64	no
dlls/msvcp140/tests/aarch64-windows/threaddll.dll	458752	54326524f23238e16117df70d5cf2c38ebc999fced9e711e9ddbec8563f2fc3c	pe	0xAA64	IMAGE_FILE_MACHINE_ARM64	no
dlls/msvcp140_1/aarch64-windows/msvcp140_1.dll	458752	986374ab4470d9f5f2a088be1ed6805c4f8367fbb23b338415542bd33e108135	pe	0xAA64	IMAGE_FILE_MACHINE_ARM64	yes
dlls/msvcp140_1/tests/aarch64-windows/msvcp140_1_test-stripped.exe	458752	681c217809df3e542ad635222ef7cfbb2e0cd3233d3263000561b75b8be85d68	pe	0xAA64	IMAGE_FILE_MACHINE_ARM64	no
dlls/msvcp140_1/tests/aarch64-windows/msvcp140_1_test.exe	458752	681c217809df3e542ad635222ef7cfbb2e0cd3233d3263000561b75b8be85d68	pe	0xAA64	IMAGE_FILE_MACHINE_ARM64	no
dlls/msvcp140_2/aarch64-windows/msvcp140_2.dll	524288	4f9ec2d5c23430e920d2a34acd1edb42bb6c55b081ba0a48a6a332081495912c	pe	0xAA64	IMAGE_FILE_MACHINE_ARM64	yes
dlls/msvcp140_2/tests/aarch64-windows/msvcp140_2_test-stripped.exe	458752	de329b349d6e6dd6e7c7415654ba7e184bce651abd316f42f97d3e20e6d48242	pe	0xAA64	IMAGE_FILE_MACHINE_ARM64	no
dlls/msvcp140_2/tests/aarch64-windows/msvcp140_2_test.exe	458752	de329b349d6e6dd6e7c7415654ba7e184bce651abd316f42f97d3e20e6d48242	pe	0xAA64	IMAGE_FILE_MACHINE_ARM64	no
dlls/msvcp140_atomic_wait/aarch64-windows/msvcp140_atomic_wait.dll	458752	cfc112c8e7d6e321fef37f133fe99d4bae69cc185cd12ee08e3006fdda82164e	pe	0xAA64	IMAGE_FILE_MACHINE_ARM64	yes
dlls/msvcp140_atomic_wait/tests/aarch64-windows/msvcp140_atomic_wait_test-stripped.exe	458752	44fa1ac4fed8e15ca88c995d5f2a98bba2ce0129d888ee240bcca9426d066a3a	pe	0xAA64	IMAGE_FILE_MACHINE_ARM64	no
dlls/msvcp140_atomic_wait/tests/aarch64-windows/msvcp140_atomic_wait_test.exe	458752	44fa1ac4fed8e15ca88c995d5f2a98bba2ce0129d888ee240bcca9426d066a3a	pe	0xAA64	IMAGE_FILE_MACHINE_ARM64	no
dlls/msvcp140_codecvt_ids/aarch64-windows/msvcp140_codecvt_ids.dll	327680	746837fb73d8d67e0b44447ba5973d2dd4e002bff87244d8268a52577a28a0f1	pe	0xAA64	IMAGE_FILE_MACHINE_ARM64	yes
dlls/msvcp60/aarch64-windows/msvcp60.dll	1507328	674a8fcd091fe4598c5773829307cc569d9574fb9ff844091dc75bec75c9bc97	pe	0xAA64	IMAGE_FILE_MACHINE_ARM64	yes
dlls/msvcp60/tests/aarch64-windows/msvcp60_test-stripped.exe	524288	b0700f17e21f44c14da75115b2f9f72e52f3d01a84e576bf78eeb72c40b51c60	pe	0xAA64	IMAGE_FILE_MACHINE_ARM64	no
dlls/msvcp60/tests/aarch64-windows/msvcp60_test.exe	524288	b0700f17e21f44c14da75115b2f9f72e52f3d01a84e576bf78eeb72c40b51c60	pe	0xAA64	IMAGE_FILE_MACHINE_ARM64	no
dlls/msvcp80/aarch64-windows/msvcp80.dll	1703936	803424e0b9d7a7f30b988802977ba1908c1644b911b49b062e239b8efcd572d5	pe	0xAA64	IMAGE_FILE_MACHINE_ARM64	yes
dlls/msvcp90/aarch64-windows/msvcp90.dll	1703936	430476aba848cb62cdde4725251457d8a6ae4558f9096add39955ae94274a501	pe	0xAA64	IMAGE_FILE_MACHINE_ARM64	yes
dlls/msvcp90/tests/aarch64-windows/msvcp90_test-stripped.exe	589824	5291972f93a4039afd4ccc8b02291ba5de124f3ea7dedc33e9bbbc64954b456f	pe	0xAA64	IMAGE_FILE_MACHINE_ARM64	no
dlls/msvcp90/tests/aarch64-windows/msvcp90_test.exe	589824	5291972f93a4039afd4ccc8b02291ba5de124f3ea7dedc33e9bbbc64954b456f	pe	0xAA64	IMAGE_FILE_MACHINE_ARM64	no
dlls/msvcp_win/aarch64-windows/msvcp_win.dll	655360	93b169f1136bbc082594cc31437dd015269818c71462c009b50245b2672b43d1	pe	0xAA64	IMAGE_FILE_MACHINE_ARM64	yes
dlls/msvcr100/aarch64-windows/msvcr100.dll	1310720	f1af6c6c6a4344def2878beeeec1e9515e17f99ed0123fc5603f1c238145ec4b	pe	0xAA64	IMAGE_FILE_MACHINE_ARM64	yes
dlls/msvcr100/tests/aarch64-windows/msvcr100_test-stripped.exe	458752	047161c09d3a509eb9daf58737d77fa5e7a0e7bb41ea3e8a4f6f4d6eab32ac05	pe	0xAA64	IMAGE_FILE_MACHINE_ARM64	no
dlls/msvcr100/tests/aarch64-windows/msvcr100_test.exe	458752	047161c09d3a509eb9daf58737d77fa5e7a0e7bb41ea3e8a4f6f4d6eab32ac05	pe	0xAA64	IMAGE_FILE_MACHINE_ARM64	no
dlls/msvcr110/aarch64-windows/msvcr110.dll	1310720	fe12eb935554457c298f56b3a75955fd31d63ebf70024a5af538208e9d44151e	pe	0xAA64	IMAGE_FILE_MACHINE_ARM64	yes
dlls/msvcr110/tests/aarch64-windows/msvcr110_test-stripped.exe	458752	983fa92a8e0ee7a45e3cc1dfb2957b034a8e20effaceb590dfe54e5fd4c103d5	pe	0xAA64	IMAGE_FILE_MACHINE_ARM64	no
dlls/msvcr110/tests/aarch64-windows/msvcr110_test.exe	458752	983fa92a8e0ee7a45e3cc1dfb2957b034a8e20effaceb590dfe54e5fd4c103d5	pe	0xAA64	IMAGE_FILE_MACHINE_ARM64	no
dlls/msvcr120/aarch64-windows/msvcr120.dll	1507328	49b55831953dc17c862d1d41a9b00f055ecd36a0821d8c7cf066e96b00169515	pe	0xAA64	IMAGE_FILE_MACHINE_ARM64	yes
dlls/msvcr120/tests/aarch64-windows/msvcr120_test-stripped.exe	524288	77ca37ddae03239b6376ff49109fc5d7505435cdf2ff36d5d5401a3ec86ed6ff	pe	0xAA64	IMAGE_FILE_MACHINE_ARM64	no
dlls/msvcr120/tests/aarch64-windows/msvcr120_test.exe	524288	77ca37ddae03239b6376ff49109fc5d7505435cdf2ff36d5d5401a3ec86ed6ff	pe	0xAA64	IMAGE_FILE_MACHINE_ARM64	no
dlls/msvcr120_app/aarch64-windows/msvcr120_app.dll	524288	eff5db483b8217bed2e44a862923f8fb1d0ec60a5d2f50814823e34191ce5405	pe	0xAA64	IMAGE_FILE_MACHINE_ARM64	yes
dlls/msvcr80/aarch64-windows/msvcr80.dll	1179648	989f8d31930815a86c837723b2b76964eec4157f448b5bb9c32d733e41da9bcd	pe	0xAA64	IMAGE_FILE_MACHINE_ARM64	yes
dlls/msvcr80/tests/aarch64-windows/msvcr80_test-stripped.exe	524288	f83d2933aca754eb17e07efe0803dec35653013d7a52927b11de6528f3c82a29	pe	0xAA64	IMAGE_FILE_MACHINE_ARM64	no
dlls/msvcr80/tests/aarch64-windows/msvcr80_test.exe	524288	f83d2933aca754eb17e07efe0803dec35653013d7a52927b11de6528f3c82a29	pe	0xAA64	IMAGE_FILE_MACHINE_ARM64	no
dlls/msvcr90/aarch64-windows/msvcr90.dll	1179648	4d6361854dc001ebf950ac54acaff7184cddc35512d07c168094aecd13bc9314	pe	0xAA64	IMAGE_FILE_MACHINE_ARM64	yes
dlls/msvcr90/tests/aarch64-windows/msvcr90_test-stripped.exe	589824	230fc9d278554c57452a917acc6eac359f7790335cf5dec0bd04ee8537cf3e85	pe	0xAA64	IMAGE_FILE_MACHINE_ARM64	no
dlls/msvcr90/tests/aarch64-windows/msvcr90_test.exe	589824	230fc9d278554c57452a917acc6eac359f7790335cf5dec0bd04ee8537cf3e85	pe	0xAA64	IMAGE_FILE_MACHINE_ARM64	no
dlls/msvcrt/aarch64-windows/msvcrt.dll	1179648	b5a30502f4d50d76ec104be463476be4c00df0ff5b63b0f1054e8735ef5c69ea	pe	0xAA64	IMAGE_FILE_MACHINE_ARM64	yes
dlls/msvcrt/tests/aarch64-windows/msvcrt_test-stripped.exe	1376256	778e50f1ff85c1ae4b7ac88b6d738451ff39b0534c36e8743c89e1632aa129ae	pe	0xAA64	IMAGE_FILE_MACHINE_ARM64	no
dlls/msvcrt/tests/aarch64-windows/msvcrt_test.exe	1376256	778e50f1ff85c1ae4b7ac88b6d738451ff39b0534c36e8743c89e1632aa129ae	pe	0xAA64	IMAGE_FILE_MACHINE_ARM64	no
dlls/msvdsp/aarch64-windows/msvdsp.dll	524288	9baba32c37be0ef11098d0cc48e80e78795a81a7956d10cdcd790dbb63d6fe33	pe	0xAA64	IMAGE_FILE_MACHINE_ARM64	yes
dlls/msvfw32/aarch64-windows/msvfw32.dll	524288	0264f1fd879510b9a4ccc9689b30e27c0be37aca9dfaee5de9bc0dc00baad6ea	pe	0xAA64	IMAGE_FILE_MACHINE_ARM64	yes
dlls/msvfw32/tests/aarch64-windows/msvfw32_test-stripped.exe	524288	7427e1a46ee75becde5da467e86e82d60d6a4e4bc80f08887f14f8b75e295369	pe	0xAA64	IMAGE_FILE_MACHINE_ARM64	no
dlls/msvfw32/tests/aarch64-windows/msvfw32_test.exe	524288	7427e1a46ee75becde5da467e86e82d60d6a4e4bc80f08887f14f8b75e295369	pe	0xAA64	IMAGE_FILE_MACHINE_ARM64	no
dlls/msvidc32/aarch64-windows/msvidc32.dll	524288	6e7e660a39e1214bc204fda9e53f592fda3b3937bab6c5062c706ce6209c8174	pe	0xAA64	IMAGE_FILE_MACHINE_ARM64	yes
dlls/msvproc/aarch64-windows/msvproc.dll	2031616	4116f46cf42355e2d1c6795752be102a4206e6d7196b7a8e22f3f17d8aec8cf2	pe	0xAA64	IMAGE_FILE_MACHINE_ARM64	yes
dlls/mswsock/aarch64-windows/mswsock.dll	524288	678b65b97d1c8da638962d73eb76df8ce70dadc49838518ccf06281efe2befd2	pe	0xAA64	IMAGE_FILE_MACHINE_ARM64	yes
dlls/msxml/aarch64-windows/msxml.dll	524288	021853a0369897aea8d40e0c2a5cc3a07c564bab08a9f6cffaf2631fed574d57	pe	0xAA64	IMAGE_FILE_MACHINE_ARM64	yes
dlls/msxml2/aarch64-windows/msxml2.dll	524288	2ac439381803f89e7af3f7cbeeee692936da679b138e55653c27091d99b57bc9	pe	0xAA64	IMAGE_FILE_MACHINE_ARM64	yes
dlls/msxml3/aarch64-windows/msxml3.dll	3145728	68665d5c1c53ee50a422a3dc2469312a6b28aef63821254119b9365a74839182	pe	0xAA64	IMAGE_FILE_MACHINE_ARM64	yes
dlls/msxml3/tests/aarch64-windows/msxml3_test-stripped.exe	2031616	16ed10bcd954fce4f2dd61762460f9b9bac043bd788d8891f10c8258b77b6cfd	pe	0xAA64	IMAGE_FILE_MACHINE_ARM64	no
dlls/msxml3/tests/aarch64-windows/msxml3_test.exe	2031616	16ed10bcd954fce4f2dd61762460f9b9bac043bd788d8891f10c8258b77b6cfd	pe	0xAA64	IMAGE_FILE_MACHINE_ARM64	no
dlls/msxml4/aarch64-windows/msxml4.dll	589824	6aca57ddd339d95a1d30e5c05bc95878eec8e19d931bd0cee5aec0ad4ea2138a	pe	0xAA64	IMAGE_FILE_MACHINE_ARM64	yes
dlls/msxml4/tests/aarch64-windows/msxml4_test-stripped.exe	655360	4f8c0c993da10dd42844fc52e4a8bf88dd13ed4bbbc4493acc01e4e1dde41dee	pe	0xAA64	IMAGE_FILE_MACHINE_ARM64	no
dlls/msxml4/tests/aarch64-windows/msxml4_test.exe	655360	4f8c0c993da10dd42844fc52e4a8bf88dd13ed4bbbc4493acc01e4e1dde41dee	pe	0xAA64	IMAGE_FILE_MACHINE_ARM64	no
dlls/msxml6/aarch64-windows/msxml6.dll	589824	1132e1f59eea0f72479ebabb91708b880a08fb6421330df00a088441d9cc8210	pe	0xAA64	IMAGE_FILE_MACHINE_ARM64	yes
dlls/msxml6/tests/aarch64-windows/msxml6_test-stripped.exe	851968	b684d3eef783057e3a99c0b0d9ae9d62436484c7ea25f4040194d0e547a0af1f	pe	0xAA64	IMAGE_FILE_MACHINE_ARM64	no
dlls/msxml6/tests/aarch64-windows/msxml6_test.exe	851968	b684d3eef783057e3a99c0b0d9ae9d62436484c7ea25f4040194d0e547a0af1f	pe	0xAA64	IMAGE_FILE_MACHINE_ARM64	no
dlls/mtxdm/aarch64-windows/mtxdm.dll	524288	b56a7d99505dce5b9394df7cf97cc0e6608b549075b32ef3f3435ebc03882d52	pe	0xAA64	IMAGE_FILE_MACHINE_ARM64	yes
dlls/ncrypt/aarch64-windows/ncrypt.dll	458752	c2270ee72d25f05f9a8fc83f423b0f31b6ec9d17cbdb6858f26fbaa8af2f6060	pe	0xAA64	IMAGE_FILE_MACHINE_ARM64	yes
dlls/ncrypt/tests/aarch64-windows/ncrypt_test-stripped.exe	458752	db83caa8e4bd47e8848705ef0d365c94045e78d35a9064947edd631df0fe0bda	pe	0xAA64	IMAGE_FILE_MACHINE_ARM64	no
dlls/ncrypt/tests/aarch64-windows/ncrypt_test.exe	458752	db83caa8e4bd47e8848705ef0d365c94045e78d35a9064947edd631df0fe0bda	pe	0xAA64	IMAGE_FILE_MACHINE_ARM64	no
dlls/nddeapi/aarch64-windows/nddeapi.dll	458752	17e4faaca5d4943f1b0cfe17a66015da85ba2d0613fb84d054f42116b670da43	pe	0xAA64	IMAGE_FILE_MACHINE_ARM64	yes
dlls/ndfapi/aarch64-windows/ndfapi.dll	458752	6e63439edd9dcfc0fcaceebd6a691849f06d543b46a7f365d0625965feb28ace	pe	0xAA64	IMAGE_FILE_MACHINE_ARM64	yes
dlls/ndis.sys/aarch64-windows/ndis.sys	458752	a20b5993713a07a8fe5f4491a3452300539a9c9a2a1b2bd8bb679bc08b9e263b	pe	0xAA64	IMAGE_FILE_MACHINE_ARM64	yes
dlls/ndis.sys/tests/aarch64-windows/ndis.sys_test-stripped.exe	458752	4d005dbf93e54a1079ae978c3e34f9a5366d25678e44517f1610339c15a99bf5	pe	0xAA64	IMAGE_FILE_MACHINE_ARM64	no
dlls/ndis.sys/tests/aarch64-windows/ndis.sys_test.exe	458752	4d005dbf93e54a1079ae978c3e34f9a5366d25678e44517f1610339c15a99bf5	pe	0xAA64	IMAGE_FILE_MACHINE_ARM64	no
dlls/netapi32/aarch64-windows/netapi32.dll	524288	4bcf8ba27183359e2d2267f4a598861bd6e2dc77edfafda2096d59df2834937b	pe	0xAA64	IMAGE_FILE_MACHINE_ARM64	yes
dlls/netapi32/tests/aarch64-windows/netapi32_test-stripped.exe	458752	9440f8accddc61555f37adf05ecec49e2b48002572d1fbc2343eb01f184aabfa	pe	0xAA64	IMAGE_FILE_MACHINE_ARM64	no
dlls/netapi32/tests/aarch64-windows/netapi32_test.exe	458752	9440f8accddc61555f37adf05ecec49e2b48002572d1fbc2343eb01f184aabfa	pe	0xAA64	IMAGE_FILE_MACHINE_ARM64	no
dlls/netcfgx/aarch64-windows/netcfgx.dll	589824	2bf019e68aae81e508d18ec8ba5f5d76d1721b63867ba09d75fdd3c22c5bda04	pe	0xAA64	IMAGE_FILE_MACHINE_ARM64	yes
dlls/netcfgx/tests/aarch64-windows/netcfgx_test-stripped.exe	524288	0db15beea006cc8c6652def7397dd5724d1e8125ab132ce8ef72772c2b86ebf6	pe	0xAA64	IMAGE_FILE_MACHINE_ARM64	no
dlls/netcfgx/tests/aarch64-windows/netcfgx_test.exe	524288	0db15beea006cc8c6652def7397dd5724d1e8125ab132ce8ef72772c2b86ebf6	pe	0xAA64	IMAGE_FILE_MACHINE_ARM64	no
dlls/netio.sys/aarch64-windows/netio.sys	458752	26ccdc3653bec18736df7aecdf231c0162d13e95776127fe5b2f03f4687df699	pe	0xAA64	IMAGE_FILE_MACHINE_ARM64	yes
dlls/netprofm/aarch64-windows/netprofm.dll	524288	5581c24e39dae7d4efe720b2f78582c93010957caccbf1976339eaa7ec11b9dd	pe	0xAA64	IMAGE_FILE_MACHINE_ARM64	yes
dlls/netprofm/tests/aarch64-windows/netprofm_test-stripped.exe	458752	dc1835bb7b19aca802cc36aaeb3d4170d241e74a1389ab6c65aeff0c423f3129	pe	0xAA64	IMAGE_FILE_MACHINE_ARM64	no
dlls/netprofm/tests/aarch64-windows/netprofm_test.exe	458752	dc1835bb7b19aca802cc36aaeb3d4170d241e74a1389ab6c65aeff0c423f3129	pe	0xAA64	IMAGE_FILE_MACHINE_ARM64	no
dlls/netutils/aarch64-windows/netutils.dll	458752	3277bb41fd69dcb9962ae97bb037012f42ff234f6eab227dd0e3e89b13e96597	pe	0xAA64	IMAGE_FILE_MACHINE_ARM64	yes
dlls/newdev/aarch64-windows/newdev.dll	458752	ee7110a7836ed5494e88a84c1643f5107688e46d8fac57827e3770c520e9b076	pe	0xAA64	IMAGE_FILE_MACHINE_ARM64	yes
dlls/ninput/aarch64-windows/ninput.dll	458752	e27bcccf107e3b02d0958f90da13234cb868ac89a575aaeaa3c8dce9848ea214	pe	0xAA64	IMAGE_FILE_MACHINE_ARM64	yes
dlls/ninput/tests/aarch64-windows/ninput_test-stripped.exe	458752	6f57c42794d61b6d277857683a8a8a39a10afd5964fc6bf4aa7e3b5da199e1f8	pe	0xAA64	IMAGE_FILE_MACHINE_ARM64	no
dlls/ninput/tests/aarch64-windows/ninput_test.exe	458752	6f57c42794d61b6d277857683a8a8a39a10afd5964fc6bf4aa7e3b5da199e1f8	pe	0xAA64	IMAGE_FILE_MACHINE_ARM64	no
dlls/normaliz/aarch64-windows/normaliz.dll	131072	085aa10e1665d1a8717f4e5203cb589837bd68a150bd589b1b26e88e64b961de	pe-data	0xAA64	IMAGE_FILE_MACHINE_ARM64	yes
dlls/npmshtml/aarch64-windows/npmshtml.dll	524288	4aa2d7add1e2611956f2ec48f1d8cf6555aa4f14b8b4f1cfe974db8aba684384	pe	0xAA64	IMAGE_FILE_MACHINE_ARM64	yes
dlls/npptools/aarch64-windows/npptools.dll	458752	7ad4d8da7465f8009ea013147e0ccf06a932726dee9f04e14a20650a63a37c69	pe	0xAA64	IMAGE_FILE_MACHINE_ARM64	yes
dlls/nsi/aarch64-windows/nsi.dll	458752	0c51863bc63137572fcebbabea20c260210579621bacb63fc7fa72737223bd9e	pe	0xAA64	IMAGE_FILE_MACHINE_ARM64	yes
dlls/nsi/tests/aarch64-windows/nsi_test-stripped.exe	589824	5e691531a65745897805081afb206fb746f86497b8361b7a1214336d2f8b6b7e	pe	0xAA64	IMAGE_FILE_MACHINE_ARM64	no
dlls/nsi/tests/aarch64-windows/nsi_test.exe	589824	5e691531a65745897805081afb206fb746f86497b8361b7a1214336d2f8b6b7e	pe	0xAA64	IMAGE_FILE_MACHINE_ARM64	no
dlls/nsiproxy.sys/aarch64-windows/nsiproxy.sys	458752	e4674c50ab9bf7a6359f77365a1d8a759c1dbd009b43b048e7b2d5428a5864b1	pe	0xAA64	IMAGE_FILE_MACHINE_ARM64	yes
dlls/ntdll/aarch64-windows/ntdll.dll	1376256	a26f863c3df4bf1518a9baf83a9c99577f38364e06339a3c18dc20b4a8405d8c	pe	0xAA64	IMAGE_FILE_MACHINE_ARM64	yes
dlls/ntdll/tests/aarch64-windows/ntdll_test-stripped.exe	4063232	1b04ea2fd1dd07a1f445de3c8b196ac1a5fd24739481c66c6ce4895ad6880da4	pe	0xAA64	IMAGE_FILE_MACHINE_ARM64	no
dlls/ntdll/tests/aarch64-windows/ntdll_test.exe	4063232	1b04ea2fd1dd07a1f445de3c8b196ac1a5fd24739481c66c6ce4895ad6880da4	pe	0xAA64	IMAGE_FILE_MACHINE_ARM64	no
dlls/ntdll/tests/aarch64-windows/testdll.dll	327680	40f64cb75cb7a4355102f0b57f7ee96b0984300b7ad69c4ca01dab077d05ebe6	pe	0xAA64	IMAGE_FILE_MACHINE_ARM64	no
dlls/ntdsapi/aarch64-windows/ntdsapi.dll	458752	c038378450bcb9a44e466c0c98db3f342563c4bff4ab060dda94b919ea53f29b	pe	0xAA64	IMAGE_FILE_MACHINE_ARM64	yes
dlls/ntdsapi/tests/aarch64-windows/ntdsapi_test-stripped.exe	458752	121e7c7b6f301d1b99c337704003de579972a61491b8fdd69aa684c683b72779	pe	0xAA64	IMAGE_FILE_MACHINE_ARM64	no
dlls/ntdsapi/tests/aarch64-windows/ntdsapi_test.exe	458752	121e7c7b6f301d1b99c337704003de579972a61491b8fdd69aa684c683b72779	pe	0xAA64	IMAGE_FILE_MACHINE_ARM64	no
dlls/ntoskrnl.exe/aarch64-windows/ntoskrnl.exe	1048576	d8a343d53a7225c7fcd0ca1a1228dffa227e07365cbffa8b7c80db3a415ff188	pe	0xAA64	IMAGE_FILE_MACHINE_ARM64	yes
dlls/ntoskrnl.exe/tests/aarch64-windows/driver.dll	655360	21c429f27db712287a979611715ed20137339a24cfdc90d4fe396156e0911c89	pe	0xAA64	IMAGE_FILE_MACHINE_ARM64	no
dlls/ntoskrnl.exe/tests/aarch64-windows/driver2.dll	327680	58892996a9899949461e02f7a2c10996de60ac5c2718b1714bca2ed4b25cbca5	pe	0xAA64	IMAGE_FILE_MACHINE_ARM64	no
dlls/ntoskrnl.exe/tests/aarch64-windows/driver3.dll	327680	bfc726980e8da2603d6958c557ca5a6b935d6073a51a68e8a6dc39563668e5b4	pe	0xAA64	IMAGE_FILE_MACHINE_ARM64	no
dlls/ntoskrnl.exe/tests/aarch64-windows/driver_netio.dll	393216	2f04540b15c788c795011dd420f803cfc22ba51fb27019e5b359179dd8f3e3e0	pe	0xAA64	IMAGE_FILE_MACHINE_ARM64	no
dlls/ntoskrnl.exe/tests/aarch64-windows/driver_pnp.dll	524288	86ec6da62054eda85ca917b7756995ead07a945f6ad1046c1aaa80983f27171c	pe	0xAA64	IMAGE_FILE_MACHINE_ARM64	no
dlls/ntoskrnl.exe/tests/aarch64-windows/driver_pnp2.dll	458752	0b365ef285cede4e2cbf4efb7b8c32e2b0700e8cef685df18b9c920e7c02cd76	pe	0xAA64	IMAGE_FILE_MACHINE_ARM64	no
dlls/ntoskrnl.exe/tests/aarch64-windows/ntoskrnl.exe_test-stripped.exe	6422528	4d36547c5cada5f8c21ae0fc7fdc20a1817f3cb770033c820cb7436a94e13df2	pe	0xAA64	IMAGE_FILE_MACHINE_ARM64	no
dlls/ntoskrnl.exe/tests/aarch64-windows/ntoskrnl.exe_test.exe	6422528	4d36547c5cada5f8c21ae0fc7fdc20a1817f3cb770033c820cb7436a94e13df2	pe	0xAA64	IMAGE_FILE_MACHINE_ARM64	no
dlls/ntprint/aarch64-windows/ntprint.dll	524288	236011e195482df257fbce31a536d2902dfdd1cb9db4c207e47a9092f1ce78d1	pe	0xAA64	IMAGE_FILE_MACHINE_ARM64	yes
dlls/ntprint/tests/aarch64-windows/ntprint_test-stripped.exe	458752	4af56279ba19d1ab545b34d75fda27d8867c13e9272a2db9320b06b5d04d46ba	pe	0xAA64	IMAGE_FILE_MACHINE_ARM64	no
dlls/ntprint/tests/aarch64-windows/ntprint_test.exe	458752	4af56279ba19d1ab545b34d75fda27d8867c13e9272a2db9320b06b5d04d46ba	pe	0xAA64	IMAGE_FILE_MACHINE_ARM64	no
dlls/objsel/aarch64-windows/objsel.dll	589824	765122db0c7a88f13cb0efbd679ac420d7a3aeecb3d6adab774a897c8feb1ae5	pe	0xAA64	IMAGE_FILE_MACHINE_ARM64	yes
dlls/odbc32/aarch64-windows/odbc32.dll	589824	2866d59ced7f16a3c1fe87f392db942cdbd63ff97d501b597fbbd20fd8ce17ab	pe	0xAA64	IMAGE_FILE_MACHINE_ARM64	yes
dlls/odbc32/tests/aarch64-windows/driver.dll	458752	2b3bdfbb44e8fee0e8cb69cadbef9c91405f86c913875301d83825204b738058	pe	0xAA64	IMAGE_FILE_MACHINE_ARM64	no
dlls/odbc32/tests/aarch64-windows/odbc32_test-stripped.exe	1441792	6a4e61822df920db2884564580e5e7dae5e41b64b869283c433aba38c52c51d1	pe	0xAA64	IMAGE_FILE_MACHINE_ARM64	no
dlls/odbc32/tests/aarch64-windows/odbc32_test.exe	1441792	6a4e61822df920db2884564580e5e7dae5e41b64b869283c433aba38c52c51d1	pe	0xAA64	IMAGE_FILE_MACHINE_ARM64	no
dlls/odbcbcp/aarch64-windows/odbcbcp.dll	458752	4f085036d6cb3b10e3a9d2de6988a314b5014556befd7648e9aba778802410c2	pe	0xAA64	IMAGE_FILE_MACHINE_ARM64	yes
dlls/odbccp32/aarch64-windows/odbccp32.dll	458752	e29f4a0a2222566faec0f923503ec72c7aedcae1a9e926a82e200d892cc4d96b	pe	0xAA64	IMAGE_FILE_MACHINE_ARM64	yes
dlls/odbccp32/tests/aarch64-windows/odbccp32_test-stripped.exe	524288	31e488270ffb17ecc6c5186044c3b3967a2cf4aa01cdf2873b1fad291376c5d7	pe	0xAA64	IMAGE_FILE_MACHINE_ARM64	no
dlls/odbccp32/tests/aarch64-windows/odbccp32_test.exe	524288	31e488270ffb17ecc6c5186044c3b3967a2cf4aa01cdf2873b1fad291376c5d7	pe	0xAA64	IMAGE_FILE_MACHINE_ARM64	no
dlls/odbccu32/aarch64-windows/odbccu32.dll	524288	3dea6a86f425e604d1ddcff6a7d160c7d7ce2fb311dc1853e74ee7cea1091623	pe	0xAA64	IMAGE_FILE_MACHINE_ARM64	yes
dlls/ole32/aarch64-windows/ole32.dll	1310720	3f9913866dff126010b1e12458bdf124d7f08eeae86db9d3da3007c6ebe5fdda	pe	0xAA64	IMAGE_FILE_MACHINE_ARM64	yes
dlls/ole32/tests/aarch64-windows/ole32_test-stripped.exe	2686976	48b5b4f39917528a0c751f9cdd89d3660bb0722aa0c9480dd3880312cdd03e57	pe	0xAA64	IMAGE_FILE_MACHINE_ARM64	no
dlls/ole32/tests/aarch64-windows/ole32_test.exe	2686976	48b5b4f39917528a0c751f9cdd89d3660bb0722aa0c9480dd3880312cdd03e57	pe	0xAA64	IMAGE_FILE_MACHINE_ARM64	no
dlls/ole32/tests/aarch64-windows/testlib.dll	458752	df82fedac1fe5e88f3d7d5da08fce456bb944ea5560cb56ecd08276f2f055a21	pe	0xAA64	IMAGE_FILE_MACHINE_ARM64	no
dlls/oleacc/aarch64-windows/oleacc.dll	589824	37ce934246f4650d7516b26aee788ecc1279d1651706e2915d5d9e70c7ecb075	pe	0xAA64	IMAGE_FILE_MACHINE_ARM64	yes
dlls/oleacc/tests/aarch64-windows/oleacc_test-stripped.exe	524288	85d2b0ab0f53bb665d300e4ec348d0f8473a458b200c7b32aa26df64c4f0322d	pe	0xAA64	IMAGE_FILE_MACHINE_ARM64	no
dlls/oleacc/tests/aarch64-windows/oleacc_test.exe	524288	85d2b0ab0f53bb665d300e4ec348d0f8473a458b200c7b32aa26df64c4f0322d	pe	0xAA64	IMAGE_FILE_MACHINE_ARM64	no
dlls/oleaut32/aarch64-windows/oleaut32.dll	1310720	0df1cea2bf371cb55813b61545061bbbba2cd155d9751a4390f073af8d1261a8	pe	0xAA64	IMAGE_FILE_MACHINE_ARM64	yes
dlls/oleaut32/tests/aarch64-windows/oleaut32_test-stripped.exe	4980736	1e3565ff53ac28e84e69127f0cfdd8ffc0ce5dd1e668c92e6635fc3e2b2199e8	pe	0xAA64	IMAGE_FILE_MACHINE_ARM64	no
dlls/oleaut32/tests/aarch64-windows/oleaut32_test.exe	4980736	1e3565ff53ac28e84e69127f0cfdd8ffc0ce5dd1e668c92e6635fc3e2b2199e8	pe	0xAA64	IMAGE_FILE_MACHINE_ARM64	no
dlls/oledb32/aarch64-windows/oledb32.dll	786432	7611e7d7abfd025697ffb7f2953620564966b23cc799cb18b34c4a01b14e958f	pe	0xAA64	IMAGE_FILE_MACHINE_ARM64	yes
dlls/oledb32/tests/aarch64-windows/oledb32_test-stripped.exe	917504	1431dea16ad6e4ce98e2e16d2ae3d39c1c691fb518eb447d944b4e85be281a07	pe	0xAA64	IMAGE_FILE_MACHINE_ARM64	no
dlls/oledb32/tests/aarch64-windows/oledb32_test.exe	917504	1431dea16ad6e4ce98e2e16d2ae3d39c1c691fb518eb447d944b4e85be281a07	pe	0xAA64	IMAGE_FILE_MACHINE_ARM64	no
dlls/oledlg/aarch64-windows/oledlg.dll	655360	70826d572d175f19eb168bd93de6d37070a492ff25c138b566b6619769df11fe	pe	0xAA64	IMAGE_FILE_MACHINE_ARM64	yes
dlls/oledlg/tests/aarch64-windows/oledlg_test-stripped.exe	458752	898b3f08959b7e6796cb3969b6fb293f75d32b02d00e52cff9107e527c5fac7c	pe	0xAA64	IMAGE_FILE_MACHINE_ARM64	no
dlls/oledlg/tests/aarch64-windows/oledlg_test.exe	458752	898b3f08959b7e6796cb3969b6fb293f75d32b02d00e52cff9107e527c5fac7c	pe	0xAA64	IMAGE_FILE_MACHINE_ARM64	no
dlls/olesvr32/aarch64-windows/olesvr32.dll	458752	3bbf31fce701e7fa573185b6f44fa5f397e5ee570d51457f24d9fa245d0d290d	pe	0xAA64	IMAGE_FILE_MACHINE_ARM64	yes
dlls/opcservices/aarch64-windows/opcservices.dll	589824	67f66b9903e2db6f1275f126a2c0ef7f31316f7a279bf90026868c4faf0fb285	pe	0xAA64	IMAGE_FILE_MACHINE_ARM64	yes
dlls/opcservices/tests/aarch64-windows/opcservices_test-stripped.exe	458752	868fd99d04811d157bb559631869e95e776dc292b3228d0932e3a4dbaa7c7bb9	pe	0xAA64	IMAGE_FILE_MACHINE_ARM64	no
dlls/opcservices/tests/aarch64-windows/opcservices_test.exe	458752	868fd99d04811d157bb559631869e95e776dc292b3228d0932e3a4dbaa7c7bb9	pe	0xAA64	IMAGE_FILE_MACHINE_ARM64	no
dlls/opencl/aarch64-windows/opencl.dll	458752	9e512740db6b81a9a21e74943f309e900802007ac6f8f3dc0125d2c2fcd0a8e1	pe	0xAA64	IMAGE_FILE_MACHINE_ARM64	yes
dlls/opengl32/aarch64-windows/opengl32.dll	2293760	070de801e8a2658dce78ec5761cb57b945ea4d7ed2e327c20f5b910c2d4c5176	pe	0xAA64	IMAGE_FILE_MACHINE_ARM64	yes
dlls/opengl32/tests/aarch64-windows/opengl32_test-stripped.exe	983040	302a4aee37cd8591329e76a0197f6ad73bec22d110387bc638b92fcdffda9a0c	pe	0xAA64	IMAGE_FILE_MACHINE_ARM64	no
dlls/opengl32/tests/aarch64-windows/opengl32_test.exe	983040	302a4aee37cd8591329e76a0197f6ad73bec22d110387bc638b92fcdffda9a0c	pe	0xAA64	IMAGE_FILE_MACHINE_ARM64	no
dlls/packager/aarch64-windows/packager.dll	524288	8fa4400ed93d3f8c676698a40a88cd80ad62cc50626548b5c82dd037a648ae07	pe	0xAA64	IMAGE_FILE_MACHINE_ARM64	yes
dlls/packager/tests/aarch64-windows/packager_test-stripped.exe	458752	ff5b8bd931a60d804de37838a51c9baf2ba2938f6e5682c1e8013d54ddb2f2c3	pe	0xAA64	IMAGE_FILE_MACHINE_ARM64	no
dlls/packager/tests/aarch64-windows/packager_test.exe	458752	ff5b8bd931a60d804de37838a51c9baf2ba2938f6e5682c1e8013d54ddb2f2c3	pe	0xAA64	IMAGE_FILE_MACHINE_ARM64	no
dlls/pdh/aarch64-windows/pdh.dll	458752	2f4f4539ffd115ed60332c818c53ac005188c6deaa286f81168712d584a0fc11	pe	0xAA64	IMAGE_FILE_MACHINE_ARM64	yes
dlls/pdh/tests/aarch64-windows/pdh_test-stripped.exe	458752	236382ef152975b8d76aa24e4adf8a01d3818f85199e7eb004023bda0dc70061	pe	0xAA64	IMAGE_FILE_MACHINE_ARM64	no
dlls/pdh/tests/aarch64-windows/pdh_test.exe	458752	236382ef152975b8d76aa24e4adf8a01d3818f85199e7eb004023bda0dc70061	pe	0xAA64	IMAGE_FILE_MACHINE_ARM64	no
dlls/photometadatahandler/aarch64-windows/photometadatahandler.dll	524288	5faf97bd744e3bd38af5739f690d0eac5a05d28bb5df29364c5cc9c5530e1cd4	pe	0xAA64	IMAGE_FILE_MACHINE_ARM64	yes
dlls/pidgen/aarch64-windows/pidgen.dll	524288	2953a359cd7555b97567e2443a93fca150845986ef40f3f5b5e54ec916d94a22	pe	0xAA64	IMAGE_FILE_MACHINE_ARM64	yes
dlls/powrprof/aarch64-windows/powrprof.dll	458752	6bba482bd198b3e3908a47869ff465e43515bf2ce117864db941f2386c76e4bc	pe	0xAA64	IMAGE_FILE_MACHINE_ARM64	yes
dlls/printui/aarch64-windows/printui.dll	524288	735ef6beffb298d66e18f6aea7f08c2d85111fbe592344472d1bc95553116055	pe	0xAA64	IMAGE_FILE_MACHINE_ARM64	yes
dlls/prntvpt/aarch64-windows/prntvpt.dll	524288	8dec7f0e41d9dc28ffec83e056875419a60660a0d661732a299c33f1fc38045b	pe	0xAA64	IMAGE_FILE_MACHINE_ARM64	yes
dlls/prntvpt/tests/aarch64-windows/prntvpt_test-stripped.exe	458752	37f6d8389eaa9a360847826c9e724575ff0fec52f95d21e8ff5fceb225083477	pe	0xAA64	IMAGE_FILE_MACHINE_ARM64	no
dlls/prntvpt/tests/aarch64-windows/prntvpt_test.exe	458752	37f6d8389eaa9a360847826c9e724575ff0fec52f95d21e8ff5fceb225083477	pe	0xAA64	IMAGE_FILE_MACHINE_ARM64	no
dlls/profapi/aarch64-windows/profapi.dll	458752	eeddc5d9aa56f85002c60ffe29396b676de726311f1733cddc2b93c2f33c2867	pe	0xAA64	IMAGE_FILE_MACHINE_ARM64	yes
dlls/propsys/aarch64-windows/propsys.dll	720896	34224dd9af9e6f61486bd9123f3f8f39b907a632804c49e78fe5d71fc90102df	pe	0xAA64	IMAGE_FILE_MACHINE_ARM64	yes
dlls/propsys/tests/aarch64-windows/propsys_test-stripped.exe	655360	812384d365d293c557243fa8f3917a680bdb1ebceac9e5bb822f524194fae8ac	pe	0xAA64	IMAGE_FILE_MACHINE_ARM64	no
dlls/propsys/tests/aarch64-windows/propsys_test.exe	655360	812384d365d293c557243fa8f3917a680bdb1ebceac9e5bb822f524194fae8ac	pe	0xAA64	IMAGE_FILE_MACHINE_ARM64	no
dlls/psapi/aarch64-windows/psapi.dll	524288	e2393890b542ff7021b0ab6a2b01780bdd921cbd8084b1d15bed3df6a0521464	pe	0xAA64	IMAGE_FILE_MACHINE_ARM64	yes
dlls/psapi/tests/aarch64-windows/psapi_test-stripped.exe	458752	d1ed2dbc44bc80714090abcbf3cecfd8cded4935e284fba8019c48d71911b9f8	pe	0xAA64	IMAGE_FILE_MACHINE_ARM64	no
dlls/psapi/tests/aarch64-windows/psapi_test.exe	458752	d1ed2dbc44bc80714090abcbf3cecfd8cded4935e284fba8019c48d71911b9f8	pe	0xAA64	IMAGE_FILE_MACHINE_ARM64	no
dlls/pstorec/aarch64-windows/pstorec.dll	524288	58dcb458e853aa695018e66898c97c117143f31df375a0e6c9da00bf62deb6e8	pe	0xAA64	IMAGE_FILE_MACHINE_ARM64	yes
dlls/pstorec/tests/aarch64-windows/pstorec_test-stripped.exe	458752	5a84343257196bd55d6668b7c6676213a32cf338461cd4526e4647a6b083f659	pe	0xAA64	IMAGE_FILE_MACHINE_ARM64	no
dlls/pstorec/tests/aarch64-windows/pstorec_test.exe	458752	5a84343257196bd55d6668b7c6676213a32cf338461cd4526e4647a6b083f659	pe	0xAA64	IMAGE_FILE_MACHINE_ARM64	no
dlls/pwrshplugin/aarch64-windows/pwrshplugin.dll	524288	a6c2bb54ecad9a24bb0434ac419d4459d069d1a1a5f45eba0345ad4517c348b8	pe	0xAA64	IMAGE_FILE_MACHINE_ARM64	yes
dlls/qasf/aarch64-windows/qasf.dll	786432	a2442ee3e9840bfc0ad049cb4a7085a415bc95d806093fb66a95842cd31102cb	pe	0xAA64	IMAGE_FILE_MACHINE_ARM64	yes
dlls/qasf/tests/aarch64-windows/qasf_test-stripped.exe	917504	071cda4d98d603a226ddbc5813b33a6e1db072f1062cc3c64f04d18e5092f207	pe	0xAA64	IMAGE_FILE_MACHINE_ARM64	no
dlls/qasf/tests/aarch64-windows/qasf_test.exe	917504	071cda4d98d603a226ddbc5813b33a6e1db072f1062cc3c64f04d18e5092f207	pe	0xAA64	IMAGE_FILE_MACHINE_ARM64	no
dlls/qcap/aarch64-windows/qcap.dll	851968	4209367429c69cc148d0849658d367f441f6d0efbb254ec26caf357c6e094ca2	pe	0xAA64	IMAGE_FILE_MACHINE_ARM64	yes
dlls/qcap/tests/aarch64-windows/qcap_test-stripped.exe	1048576	fdccf58dcc8e11d7b1a29524b6fcb3c8b818f56d3e69512725c5d587d0b16d5c	pe	0xAA64	IMAGE_FILE_MACHINE_ARM64	no
dlls/qcap/tests/aarch64-windows/qcap_test.exe	1048576	fdccf58dcc8e11d7b1a29524b6fcb3c8b818f56d3e69512725c5d587d0b16d5c	pe	0xAA64	IMAGE_FILE_MACHINE_ARM64	no
dlls/qdvd/aarch64-windows/qdvd.dll	720896	1b7b10a25e1108af6d1c05e9f742513893eef1dc860d99a329166350b5832c4b	pe	0xAA64	IMAGE_FILE_MACHINE_ARM64	yes
dlls/qdvd/tests/aarch64-windows/qdvd_test-stripped.exe	655360	8d996a9c504cfcf3ff7a3fe9b7b907b56baf40b103a078fc9feca13ab17ae03f	pe	0xAA64	IMAGE_FILE_MACHINE_ARM64	no
dlls/qdvd/tests/aarch64-windows/qdvd_test.exe	655360	8d996a9c504cfcf3ff7a3fe9b7b907b56baf40b103a078fc9feca13ab17ae03f	pe	0xAA64	IMAGE_FILE_MACHINE_ARM64	no
dlls/qedit/aarch64-windows/qedit.dll	851968	79b16bc62cf5492cc49d977c66e9678ae6e2934f2a71d91b892347b960d85eb3	pe	0xAA64	IMAGE_FILE_MACHINE_ARM64	yes
dlls/qedit/tests/aarch64-windows/qedit_test-stripped.exe	917504	9516e22f7ac50840578083df25f406d03b2b603f952315ca8108af3aa6dd1b90	pe	0xAA64	IMAGE_FILE_MACHINE_ARM64	no
dlls/qedit/tests/aarch64-windows/qedit_test.exe	917504	9516e22f7ac50840578083df25f406d03b2b603f952315ca8108af3aa6dd1b90	pe	0xAA64	IMAGE_FILE_MACHINE_ARM64	no
dlls/qmgr/aarch64-windows/qmgr.dll	655360	7b63dd1dd3e145a2015b4c010584fd77c3a76aa39d0776df132a310bba2992b6	pe	0xAA64	IMAGE_FILE_MACHINE_ARM64	yes
dlls/qmgr/tests/aarch64-windows/qmgr_test-stripped.exe	589824	1e3a3413d8272c0132b01daa645d1150562f51a9ed47371b2853d8cdffa61744	pe	0xAA64	IMAGE_FILE_MACHINE_ARM64	no
dlls/qmgr/tests/aarch64-windows/qmgr_test.exe	589824	1e3a3413d8272c0132b01daa645d1150562f51a9ed47371b2853d8cdffa61744	pe	0xAA64	IMAGE_FILE_MACHINE_ARM64	no
dlls/qmgrprxy/aarch64-windows/qmgrprxy.dll	524288	45c1b2a63d99ba485ea8ae5943f4c473fac8ef2f8389051a3a2fd5a2ac1c1106	pe	0xAA64	IMAGE_FILE_MACHINE_ARM64	yes
dlls/quartz/aarch64-windows/quartz.dll	1179648	f670701c805e876c22cf2fac96f28c4f96e434011265f3f9a3a5babdbbc9adcd	pe	0xAA64	IMAGE_FILE_MACHINE_ARM64	yes
dlls/quartz/tests/aarch64-windows/quartz_test-stripped.exe	2555904	9e634da86c38eb6459b5062bfec85e6ca69e344c5861dbbc6b389f4a474b14d7	pe	0xAA64	IMAGE_FILE_MACHINE_ARM64	no
dlls/quartz/tests/aarch64-windows/quartz_test.exe	2555904	9e634da86c38eb6459b5062bfec85e6ca69e344c5861dbbc6b389f4a474b14d7	pe	0xAA64	IMAGE_FILE_MACHINE_ARM64	no
dlls/query/aarch64-windows/query.dll	458752	9e4771c9577513910a509acda09b4288bd018c35d94ee6274ca8e26e2115550c	pe	0xAA64	IMAGE_FILE_MACHINE_ARM64	yes
dlls/qwave/aarch64-windows/qwave.dll	458752	9a3b7207410ad9177069f7010c188ca7d5a4a04d54692b7b3d5ca5804b6c3456	pe	0xAA64	IMAGE_FILE_MACHINE_ARM64	yes
dlls/qwave/tests/aarch64-windows/qwave_test-stripped.exe	458752	411d07c16537c6fddc23c3f8ab2e2b5237bc61d4ff29b25c9da0af13edb120a3	pe	0xAA64	IMAGE_FILE_MACHINE_ARM64	no
dlls/qwave/tests/aarch64-windows/qwave_test.exe	458752	411d07c16537c6fddc23c3f8ab2e2b5237bc61d4ff29b25c9da0af13edb120a3	pe	0xAA64	IMAGE_FILE_MACHINE_ARM64	no
dlls/rasapi32/aarch64-windows/rasapi32.dll	458752	b82df81ee32f2a56f1155722d114f94f59eefce2a5bef46b69506e03b51fd312	pe	0xAA64	IMAGE_FILE_MACHINE_ARM64	yes
dlls/rasapi32/tests/aarch64-windows/rasapi32_test-stripped.exe	458752	543a7f87e50206da6a8e9df4f2d26f8bbda65f8d49691c90127061ab82f977f1	pe	0xAA64	IMAGE_FILE_MACHINE_ARM64	no
dlls/rasapi32/tests/aarch64-windows/rasapi32_test.exe	458752	543a7f87e50206da6a8e9df4f2d26f8bbda65f8d49691c90127061ab82f977f1	pe	0xAA64	IMAGE_FILE_MACHINE_ARM64	no
dlls/rasdlg/aarch64-windows/rasdlg.dll	458752	6bf534d083fd8857d12748cb5c6249ff14b43dd98ee1c2393e7b6cebf05a7ad9	pe	0xAA64	IMAGE_FILE_MACHINE_ARM64	yes
dlls/regapi/aarch64-windows/regapi.dll	458752	c8e96f0592cda61397fc810048ce544f0bfb853ac0682889df5c51c06368f0b7	pe	0xAA64	IMAGE_FILE_MACHINE_ARM64	yes
dlls/resampledmo/aarch64-windows/resampledmo.dll	1114112	67a2417e76fa10543f3d8ddaa86f119cec467efe60547b6b34eb94c06a6ff1ce	pe	0xAA64	IMAGE_FILE_MACHINE_ARM64	yes
dlls/resutils/aarch64-windows/resutils.dll	458752	85bf1f6e333f4874d2de48d1c9a6c82178db20569cda6da70d1f2a67315a44c8	pe	0xAA64	IMAGE_FILE_MACHINE_ARM64	yes
dlls/riched20/aarch64-windows/riched20.dll	1048576	63d4c3340b7ba289d1e94b2e47f65270bdec02c2df92b1025c5a53faca3ff5f4	pe	0xAA64	IMAGE_FILE_MACHINE_ARM64	yes
dlls/riched20/tests/aarch64-windows/riched20_test-stripped.exe	1048576	608f48134aa01bc4c497328fe8633a235d49f7ecc3037f8a68b33fac91223afa	pe	0xAA64	IMAGE_FILE_MACHINE_ARM64	no
dlls/riched20/tests/aarch64-windows/riched20_test.exe	1048576	608f48134aa01bc4c497328fe8633a235d49f7ecc3037f8a68b33fac91223afa	pe	0xAA64	IMAGE_FILE_MACHINE_ARM64	no
dlls/riched32/aarch64-windows/riched32.dll	524288	118bbcd82393c6a457c94918fe620aef273204d9d267ae56f56327be28597908	pe	0xAA64	IMAGE_FILE_MACHINE_ARM64	yes
dlls/riched32/tests/aarch64-windows/riched32_test-stripped.exe	458752	cec00b32798226b023c83d381680615228eceb9214fea015ddbe69f64c56b3e3	pe	0xAA64	IMAGE_FILE_MACHINE_ARM64	no
dlls/riched32/tests/aarch64-windows/riched32_test.exe	458752	cec00b32798226b023c83d381680615228eceb9214fea015ddbe69f64c56b3e3	pe	0xAA64	IMAGE_FILE_MACHINE_ARM64	no
dlls/rometadata/aarch64-windows/rometadata.dll	458752	b59637ed69c2dff1b4d8f0d1372b6e8806943c3f5aaa1ac333d653faac93d38e	pe	0xAA64	IMAGE_FILE_MACHINE_ARM64	yes
dlls/rometadata/tests/aarch64-windows/rometadata_test-stripped.exe	589824	2e8447d0780fcd4b693f567a54edad9cf02f7063b39ec7dc241273b4ed6c7e4f	pe	0xAA64	IMAGE_FILE_MACHINE_ARM64	no
dlls/rometadata/tests/aarch64-windows/rometadata_test.exe	589824	2e8447d0780fcd4b693f567a54edad9cf02f7063b39ec7dc241273b4ed6c7e4f	pe	0xAA64	IMAGE_FILE_MACHINE_ARM64	no
dlls/rpcrt4/aarch64-windows/rpcrt4.dll	1245184	f5f25d3cd73f9550a269c68349c66410bade009138fbc31ceea8103dbf92c6e9	pe	0xAA64	IMAGE_FILE_MACHINE_ARM64	yes
dlls/rpcrt4/tests/aarch64-windows/rpcrt4_test-stripped.exe	983040	1a74d658676a749b4887e610f88983403994811b44f0ebe9e297f3ed0f053372	pe	0xAA64	IMAGE_FILE_MACHINE_ARM64	no
dlls/rpcrt4/tests/aarch64-windows/rpcrt4_test.exe	983040	1a74d658676a749b4887e610f88983403994811b44f0ebe9e297f3ed0f053372	pe	0xAA64	IMAGE_FILE_MACHINE_ARM64	no
dlls/rsabase/aarch64-windows/rsabase.dll	393216	a8106f3ae8b4bdc9330deba1d1279854d89d6db15622e708a0a7fa5d3ea13f55	pe	0xAA64	IMAGE_FILE_MACHINE_ARM64	yes
dlls/rsaenh/aarch64-windows/rsaenh.dll	655360	891487829128b0bcb25c59afaa7f98416a31557a032aaf6ebc06e8d20efc2b99	pe	0xAA64	IMAGE_FILE_MACHINE_ARM64	yes
dlls/rsaenh/tests/aarch64-windows/rsaenh_test-stripped.exe	589824	66fb6f6d5c035ca9b51e0650d8d46dbe760f9aed3959fda1ca02157f3a3fa02d	pe	0xAA64	IMAGE_FILE_MACHINE_ARM64	no
dlls/rsaenh/tests/aarch64-windows/rsaenh_test.exe	589824	66fb6f6d5c035ca9b51e0650d8d46dbe760f9aed3959fda1ca02157f3a3fa02d	pe	0xAA64	IMAGE_FILE_MACHINE_ARM64	no
dlls/rstrtmgr/aarch64-windows/rstrtmgr.dll	458752	6642e71ad7d88d41e7ea7241cc9a3e6e2dfefee01c72bfefbf72ae339f6bfacb	pe	0xAA64	IMAGE_FILE_MACHINE_ARM64	yes
dlls/rtscom/aarch64-windows/rtscom.dll	524288	73e3ed7adb4debecaa9e2f36258286b9a8601bae872b5b008c07b069252da85a	pe	0xAA64	IMAGE_FILE_MACHINE_ARM64	yes
dlls/rtutils/aarch64-windows/rtutils.dll	458752	df8c79b733c325faa76979dd679392e6ab008df308ac1231ddb4bc18b5c24917	pe	0xAA64	IMAGE_FILE_MACHINE_ARM64	yes
dlls/rtworkq/aarch64-windows/rtworkq.dll	458752	60e7d9b607e791b47da957a2f47385aa31ba7816c1f73a18df85ab2f652b83df	pe	0xAA64	IMAGE_FILE_MACHINE_ARM64	yes
dlls/rtworkq/tests/aarch64-windows/rtworkq_test-stripped.exe	458752	d79d7ba6d5e689c50f0cd49b04276357399d29351e60c8e23e756ccc2599c9ca	pe	0xAA64	IMAGE_FILE_MACHINE_ARM64	no
dlls/rtworkq/tests/aarch64-windows/rtworkq_test.exe	458752	d79d7ba6d5e689c50f0cd49b04276357399d29351e60c8e23e756ccc2599c9ca	pe	0xAA64	IMAGE_FILE_MACHINE_ARM64	no
dlls/samlib/aarch64-windows/samlib.dll	458752	f766b682e8a72aad2a02a909b8e25472abaa57f4266f414e4902d1c9f9688229	pe	0xAA64	IMAGE_FILE_MACHINE_ARM64	yes
dlls/sapi/aarch64-windows/sapi.dll	983040	5825b510b08f088b7b0257c07adf08231a00f2ecf23b75b74c81da43a44a1ec9	pe	0xAA64	IMAGE_FILE_MACHINE_ARM64	yes
dlls/sapi/tests/aarch64-windows/sapi_test-stripped.exe	589824	4e97a5c2336797f481d497cac3f09ec3aa4b02ef2b9535f22ae380d5c93acd17	pe	0xAA64	IMAGE_FILE_MACHINE_ARM64	no
dlls/sapi/tests/aarch64-windows/sapi_test.exe	589824	4e97a5c2336797f481d497cac3f09ec3aa4b02ef2b9535f22ae380d5c93acd17	pe	0xAA64	IMAGE_FILE_MACHINE_ARM64	no
dlls/sas/aarch64-windows/sas.dll	458752	2c66ac284042d288f07021508854cb6ef65150e441af1a2ce283c32d22b08bdd	pe	0xAA64	IMAGE_FILE_MACHINE_ARM64	yes
dlls/scarddlg/aarch64-windows/scarddlg.dll	458752	f54f1993070a14d2403f3016a58c0c8625232c86624ee6d98549df3c61cca706	pe	0xAA64	IMAGE_FILE_MACHINE_ARM64	yes
dlls/scardsvr/aarch64-windows/scardsvr.dll	458752	2885779072a83f8b82e27ae1e55bc1ba2f6f1531393810bf20b4f825362a24b8	pe	0xAA64	IMAGE_FILE_MACHINE_ARM64	yes
dlls/sccbase/aarch64-windows/sccbase.dll	458752	443e32cf7b29d672d59fa6f06363634ff04e701c88ac2d2b1d9d0700f7a5b2a9	pe	0xAA64	IMAGE_FILE_MACHINE_ARM64	yes
dlls/schannel/aarch64-windows/schannel.dll	524288	13ac372979a0d33c44523f10149eaa7816070ca0e92ca2a5c5e35d42c738ba0e	pe	0xAA64	IMAGE_FILE_MACHINE_ARM64	yes
dlls/schannel/tests/aarch64-windows/schannel_test-stripped.exe	458752	83dcf9c67eabeca62a85b488a5c17a5700c69d78f1f5ca8f289fa0d41db8737e	pe	0xAA64	IMAGE_FILE_MACHINE_ARM64	no
dlls/schannel/tests/aarch64-windows/schannel_test.exe	458752	83dcf9c67eabeca62a85b488a5c17a5700c69d78f1f5ca8f289fa0d41db8737e	pe	0xAA64	IMAGE_FILE_MACHINE_ARM64	no
dlls/schedsvc/aarch64-windows/schedsvc.dll	458752	0013a52ee4c926c92bbeae62f6f68155ad6a7696fdf60b09dc53041242063311	pe	0xAA64	IMAGE_FILE_MACHINE_ARM64	yes
dlls/schedsvc/tests/aarch64-windows/schedsvc_test-stripped.exe	458752	36acca8394d1d618ab004a62240b33ef863d40ab4e2b16a7444b841b310bb8fc	pe	0xAA64	IMAGE_FILE_MACHINE_ARM64	no
dlls/schedsvc/tests/aarch64-windows/schedsvc_test.exe	458752	36acca8394d1d618ab004a62240b33ef863d40ab4e2b16a7444b841b310bb8fc	pe	0xAA64	IMAGE_FILE_MACHINE_ARM64	no
dlls/scrobj/aarch64-windows/scrobj.dll	655360	3bb8bbb84ab005ed21c84f059ec21aa956e3de7298a1f180cd1153c3685e76c5	pe	0xAA64	IMAGE_FILE_MACHINE_ARM64	yes
dlls/scrobj/tests/aarch64-windows/scrobj_test-stripped.exe	655360	a4397cbc8449bcaced1e438ae8f159720998473c3d2c89d808f566665c31f144	pe	0xAA64	IMAGE_FILE_MACHINE_ARM64	no
dlls/scrobj/tests/aarch64-windows/scrobj_test.exe	655360	a4397cbc8449bcaced1e438ae8f159720998473c3d2c89d808f566665c31f144	pe	0xAA64	IMAGE_FILE_MACHINE_ARM64	no
dlls/scrrun/aarch64-windows/scrrun.dll	786432	55044058e23f8e3aed4d8b55d478efbc9fa25edb1a175b19f385bb9b63904844	pe	0xAA64	IMAGE_FILE_MACHINE_ARM64	yes
dlls/scrrun/tests/aarch64-windows/scrrun_test-stripped.exe	786432	c74c1869c75eef86f0629a623a820ce7c5a5515bcaf7516483ca25e881689fdf	pe	0xAA64	IMAGE_FILE_MACHINE_ARM64	no
dlls/scrrun/tests/aarch64-windows/scrrun_test.exe	786432	c74c1869c75eef86f0629a623a820ce7c5a5515bcaf7516483ca25e881689fdf	pe	0xAA64	IMAGE_FILE_MACHINE_ARM64	no
dlls/scsiport.sys/aarch64-windows/scsiport.sys	458752	3961e2f448a28bac6cac5fc497ea81c13d3a7bfd3a7383154c14ccd00f375a36	pe	0xAA64	IMAGE_FILE_MACHINE_ARM64	yes
dlls/sechost/aarch64-windows/sechost.dll	458752	1c5064a3d761f8335cd3ba6d1cd91a4957097d44876737b27c6b955e5d8c6023	pe	0xAA64	IMAGE_FILE_MACHINE_ARM64	yes
dlls/secur32/aarch64-windows/secur32.dll	524288	5ddee0ffd8a88b9371ca14b18ed7b628ddfe9828acb200455e94d24a7e60a32d	pe	0xAA64	IMAGE_FILE_MACHINE_ARM64	yes
dlls/secur32/tests/aarch64-windows/secur32_test-stripped.exe	589824	c2700686767055e96f292ab7c472a8e652fb6e44ae512346f9262e06b335d8b6	pe	0xAA64	IMAGE_FILE_MACHINE_ARM64	no
dlls/secur32/tests/aarch64-windows/secur32_test.exe	589824	c2700686767055e96f292ab7c472a8e652fb6e44ae512346f9262e06b335d8b6	pe	0xAA64	IMAGE_FILE_MACHINE_ARM64	no
dlls/security/aarch64-windows/security.dll	131072	89b6b307bbaab8aff642d0160ceff67fed42d6ef1af196aa9b8234dc090e9b88	pe-data	0xAA64	IMAGE_FILE_MACHINE_ARM64	yes
dlls/sensapi/aarch64-windows/sensapi.dll	458752	9bd7a6557672661a21689412e521d761ee0391329de948a87b9598e9d0b976fb	pe	0xAA64	IMAGE_FILE_MACHINE_ARM64	yes
dlls/serialui/aarch64-windows/serialui.dll	524288	4db15d3634c21debebf91f11a56dc2c3ec2b81d678164b2c4e060e56a53f1eee	pe	0xAA64	IMAGE_FILE_MACHINE_ARM64	yes
dlls/serialui/tests/aarch64-windows/serialui_test-stripped.exe	458752	fe9a70d943bd9475435368647b254db36a1c063c175fc340dea0956117ddd735	pe	0xAA64	IMAGE_FILE_MACHINE_ARM64	no
dlls/serialui/tests/aarch64-windows/serialui_test.exe	458752	fe9a70d943bd9475435368647b254db36a1c063c175fc340dea0956117ddd735	pe	0xAA64	IMAGE_FILE_MACHINE_ARM64	no
dlls/setupapi/aarch64-windows/setupapi.dll	1048576	ba0a1ace17f3bec5816551dd45463f47a34269245e9eaab4d2ecddc87f04a179	pe	0xAA64	IMAGE_FILE_MACHINE_ARM64	yes
dlls/setupapi/tests/aarch64-windows/coinst.dll	458752	1175383c242c0c485c05ff49ac663e746342ab32d9212e92b066f0cc1e8ec83c	pe	0xAA64	IMAGE_FILE_MACHINE_ARM64	no
dlls/setupapi/tests/aarch64-windows/selfreg.dll	524288	49490e2bb1e4e9cec66119a154162e1a480df8f0279ebfc01f1c0dab066503f7	pe	0xAA64	IMAGE_FILE_MACHINE_ARM64	no
dlls/setupapi/tests/aarch64-windows/setupapi_test-stripped.exe	3145728	9a68a4e590ae7d7868a0ca42d1a3a6b8accae9d2a76645d03012cc9861836cec	pe	0xAA64	IMAGE_FILE_MACHINE_ARM64	no
dlls/setupapi/tests/aarch64-windows/setupapi_test.exe	3145728	9a68a4e590ae7d7868a0ca42d1a3a6b8accae9d2a76645d03012cc9861836cec	pe	0xAA64	IMAGE_FILE_MACHINE_ARM64	no
dlls/sfc/aarch64-windows/sfc.dll	131072	2bbd5f40ea01c6046503642dfc57c878fa4a9110d4ad346ca24eb60d1352393d	pe-data	0xAA64	IMAGE_FILE_MACHINE_ARM64	yes
dlls/sfc_os/aarch64-windows/sfc_os.dll	458752	46f2ec04e74ad57096924cee669e653df50aedba1404079d96847adffd87961a	pe	0xAA64	IMAGE_FILE_MACHINE_ARM64	yes
dlls/shcore/aarch64-windows/shcore.dll	458752	ba83352e7eeb92bada50798cfd94386af097b8a9b096ab47e1e12cdded011cf2	pe	0xAA64	IMAGE_FILE_MACHINE_ARM64	yes
dlls/shcore/tests/aarch64-windows/shcore_test-stripped.exe	458752	fc46f2864510995e0540562554cccbbd020b4da632a4afe3623340804cf3e339	pe	0xAA64	IMAGE_FILE_MACHINE_ARM64	no
dlls/shcore/tests/aarch64-windows/shcore_test.exe	458752	fc46f2864510995e0540562554cccbbd020b4da632a4afe3623340804cf3e339	pe	0xAA64	IMAGE_FILE_MACHINE_ARM64	no
dlls/shdoclc/aarch64-windows/shdoclc.dll	327680	44c8825020cc7c73e8fb29edd97851dda152686cb85d3d50a41c7659cd4fd5a1	pe-data	0xAA64	IMAGE_FILE_MACHINE_ARM64	yes
dlls/shdocvw/aarch64-windows/shdocvw.dll	655360	bf5ec71dc38bd3a326e9f6528d436273d2a16a4663ded35214a69c3e26ec1e6f	pe	0xAA64	IMAGE_FILE_MACHINE_ARM64	yes
dlls/shdocvw/tests/aarch64-windows/shdocvw_test-stripped.exe	458752	a56b9b6074997dfa18462522648ffaa8b77f7b58a4d2f0d6d93bc8b0e589e0f5	pe	0xAA64	IMAGE_FILE_MACHINE_ARM64	no
dlls/shdocvw/tests/aarch64-windows/shdocvw_test.exe	458752	a56b9b6074997dfa18462522648ffaa8b77f7b58a4d2f0d6d93bc8b0e589e0f5	pe	0xAA64	IMAGE_FILE_MACHINE_ARM64	no
dlls/shell32/aarch64-windows/shell32.dll	10420224	af5d44a21579d870445114959489e82b8d94f1c63fd55354e99f13de1244f632	pe	0xAA64	IMAGE_FILE_MACHINE_ARM64	yes
dlls/shell32/tests/aarch64-windows/shell32_test-stripped.exe	1638400	71c46c923ff6cf66289f30f27cf4b99453520056dfd57dd3cf8c579109d1ef2d	pe	0xAA64	IMAGE_FILE_MACHINE_ARM64	no
dlls/shell32/tests/aarch64-windows/shell32_test.exe	1638400	71c46c923ff6cf66289f30f27cf4b99453520056dfd57dd3cf8c579109d1ef2d	pe	0xAA64	IMAGE_FILE_MACHINE_ARM64	no
dlls/shfolder/aarch64-windows/shfolder.dll	393216	95277590457b3060a9188e60ea38f206d8a30ec620af3cab3b30862fb348b91c	pe	0xAA64	IMAGE_FILE_MACHINE_ARM64	yes
dlls/shlwapi/aarch64-windows/shlwapi.dll	851968	5692dcb225c29567d52564e36bf7df295ab63a9de425aff83a187e64f0b89f37	pe	0xAA64	IMAGE_FILE_MACHINE_ARM64	yes
dlls/shlwapi/tests/aarch64-windows/shlwapi_test-stripped.exe	1245184	0963e41cf0ff60ea3b2fa3b77ce22578b6e620876b8ff8e4621506e840d3708c	pe	0xAA64	IMAGE_FILE_MACHINE_ARM64	no
dlls/shlwapi/tests/aarch64-windows/shlwapi_test.exe	1245184	0963e41cf0ff60ea3b2fa3b77ce22578b6e620876b8ff8e4621506e840d3708c	pe	0xAA64	IMAGE_FILE_MACHINE_ARM64	no
dlls/slbcsp/aarch64-windows/slbcsp.dll	458752	c49121d6789398488ff5fa28f5369953835ee19be82b3df0699ddf8bbff5e39e	pe	0xAA64	IMAGE_FILE_MACHINE_ARM64	yes
dlls/slc/aarch64-windows/slc.dll	458752	2284ab531243e4caa307271c7876458dd72b3713ff1bd6b75ef8b56f4fc62e1e	pe	0xAA64	IMAGE_FILE_MACHINE_ARM64	yes
dlls/slc/tests/aarch64-windows/slc_test-stripped.exe	458752	b78f212092f628c6be8dce9567e201ad80ae33a9202c6b1eda502e71b8cebe56	pe	0xAA64	IMAGE_FILE_MACHINE_ARM64	no
dlls/slc/tests/aarch64-windows/slc_test.exe	458752	b78f212092f628c6be8dce9567e201ad80ae33a9202c6b1eda502e71b8cebe56	pe	0xAA64	IMAGE_FILE_MACHINE_ARM64	no
dlls/snmpapi/aarch64-windows/snmpapi.dll	458752	fa0b1b9717508479a56f6b645f992d50522a23229a7635247e7b3463d8fe8af7	pe	0xAA64	IMAGE_FILE_MACHINE_ARM64	yes
dlls/snmpapi/tests/aarch64-windows/snmpapi_test-stripped.exe	458752	d07eac44923843a331e937c8d9ff9dce9df68f4532b608fa2b781d6ad3d17fa2	pe	0xAA64	IMAGE_FILE_MACHINE_ARM64	no
dlls/snmpapi/tests/aarch64-windows/snmpapi_test.exe	458752	d07eac44923843a331e937c8d9ff9dce9df68f4532b608fa2b781d6ad3d17fa2	pe	0xAA64	IMAGE_FILE_MACHINE_ARM64	no
dlls/softpub/aarch64-windows/softpub.dll	458752	59bf52aacce21f7c3c86c0163c8aacf16a6fc031cf0838629e4954ce76424e3c	pe	0xAA64	IMAGE_FILE_MACHINE_ARM64	yes
dlls/spoolss/aarch64-windows/spoolss.dll	458752	47e7be1a0b30d5004905093aa268701ecb683cd52cb0915be89250859258d8b8	pe	0xAA64	IMAGE_FILE_MACHINE_ARM64	yes
dlls/spoolss/tests/aarch64-windows/spoolss_test-stripped.exe	458752	d487973cfd3639b9d04ae03a844b7831aa41e976d486be7ca4a8dc3755dddf8f	pe	0xAA64	IMAGE_FILE_MACHINE_ARM64	no
dlls/spoolss/tests/aarch64-windows/spoolss_test.exe	458752	d487973cfd3639b9d04ae03a844b7831aa41e976d486be7ca4a8dc3755dddf8f	pe	0xAA64	IMAGE_FILE_MACHINE_ARM64	no
dlls/sppc/aarch64-windows/sppc.dll	458752	3467dc0e7106b3fe09dca66488262cb5561ee77330b3ed879b131f30ae5c08e2	pe	0xAA64	IMAGE_FILE_MACHINE_ARM64	yes
dlls/srclient/aarch64-windows/srclient.dll	458752	f2872fea5d7873aa4e16e261017e831a62434ef85941f7ecb9435bf308de3c11	pe	0xAA64	IMAGE_FILE_MACHINE_ARM64	yes
dlls/srvcli/aarch64-windows/srvcli.dll	458752	9132815c1d4fdcb1b0bd7f58e9bc00b35ea72fad238ee5929ab85f9bdbbea0f1	pe	0xAA64	IMAGE_FILE_MACHINE_ARM64	yes
dlls/srvsvc/aarch64-windows/srvsvc.dll	458752	aa67bc848347611da2dc5a7900ce7f59184c834a4c92a100e889fbae3c366a2e	pe	0xAA64	IMAGE_FILE_MACHINE_ARM64	yes
dlls/sspicli/aarch64-windows/sspicli.dll	458752	16a91a0c956b86034b9a400306002d579270438619ad97f220f39bf1d83d9e14	pe	0xAA64	IMAGE_FILE_MACHINE_ARM64	yes
dlls/stdole2.tlb/aarch64-windows/stdole2.tlb	131072	860ee1a878d654c01abc8112f3cb13692c9dc87e88541a1d026fde631f79dfe7	pe-data	0xAA64	IMAGE_FILE_MACHINE_ARM64	yes
dlls/stdole32.tlb/aarch64-windows/stdole32.tlb	131072	41d19d3d4ade8f3917710f18510d6cbafcdf515c5341f00f75e130d8d268188f	pe-data	0xAA64	IMAGE_FILE_MACHINE_ARM64	yes
dlls/sti/aarch64-windows/sti.dll	720896	9995b223393a9d428dd7fe68da3ef6c66544dc07107067e7b4eb6b347b5eb0dd	pe	0xAA64	IMAGE_FILE_MACHINE_ARM64	yes
dlls/sti/tests/aarch64-windows/sti_test-stripped.exe	458752	b2ced4f340f762877822223483167fc0806f5bd6f04bc4e4a3fe05329bcc94fe	pe	0xAA64	IMAGE_FILE_MACHINE_ARM64	no
dlls/sti/tests/aarch64-windows/sti_test.exe	458752	b2ced4f340f762877822223483167fc0806f5bd6f04bc4e4a3fe05329bcc94fe	pe	0xAA64	IMAGE_FILE_MACHINE_ARM64	no
dlls/strmdll/aarch64-windows/strmdll.dll	524288	1be76d085757f6c31bf3756013a48dce32920c6b485634ccdb2f150cdb5111a9	pe	0xAA64	IMAGE_FILE_MACHINE_ARM64	yes
dlls/svrapi/aarch64-windows/svrapi.dll	458752	7b786c114a8e75d952adcacd76608a5a673ccd7440103bc54f330a3eb12fd0fb	pe	0xAA64	IMAGE_FILE_MACHINE_ARM64	yes
dlls/sxs/aarch64-windows/sxs.dll	458752	632aa78316557d5b3d5407d8748083fad083c06d3bd11cce261e9fded19941b5	pe	0xAA64	IMAGE_FILE_MACHINE_ARM64	yes
dlls/sxs/tests/aarch64-windows/sxs_test-stripped.exe	524288	8e4a5e0eddd5105e3d16287718cd4fa171e1ff7df72b783dc87dfa45275d5881	pe	0xAA64	IMAGE_FILE_MACHINE_ARM64	no
dlls/sxs/tests/aarch64-windows/sxs_test.exe	524288	8e4a5e0eddd5105e3d16287718cd4fa171e1ff7df72b783dc87dfa45275d5881	pe	0xAA64	IMAGE_FILE_MACHINE_ARM64	no
dlls/t2embed/aarch64-windows/t2embed.dll	458752	3d2b334b44e9d3aacd7ee4d72519a735bc60e80e6df824b3f3a4b943e2915e69	pe	0xAA64	IMAGE_FILE_MACHINE_ARM64	yes
dlls/t2embed/tests/aarch64-windows/t2embed_test-stripped.exe	458752	7de53a3feab38316476efbcc68d6ea2551a580f84d5a237de98cc63fe981a48e	pe	0xAA64	IMAGE_FILE_MACHINE_ARM64	no
dlls/t2embed/tests/aarch64-windows/t2embed_test.exe	458752	7de53a3feab38316476efbcc68d6ea2551a580f84d5a237de98cc63fe981a48e	pe	0xAA64	IMAGE_FILE_MACHINE_ARM64	no
dlls/tapi32/aarch64-windows/tapi32.dll	589824	414f0b91178c2921c80ef54ca519d513d88d7ec0c43e83509e8982e4dbb504a5	pe	0xAA64	IMAGE_FILE_MACHINE_ARM64	yes
dlls/tapi32/tests/aarch64-windows/tapi32_test-stripped.exe	458752	829bb507163e764b0a26e9585547c57c729b10adaaed455db98afa262280a321	pe	0xAA64	IMAGE_FILE_MACHINE_ARM64	no
dlls/tapi32/tests/aarch64-windows/tapi32_test.exe	458752	829bb507163e764b0a26e9585547c57c729b10adaaed455db98afa262280a321	pe	0xAA64	IMAGE_FILE_MACHINE_ARM64	no
dlls/taskschd/aarch64-windows/taskschd.dll	655360	00debfbd56d67f0ce00f902be37d25e4978a91d5e77ca3e75696f927ecb85204	pe	0xAA64	IMAGE_FILE_MACHINE_ARM64	yes
dlls/taskschd/tests/aarch64-windows/taskschd_test-stripped.exe	524288	b9b50812f1e0e05eff797284ee1f16d959202fed6c182e5bc6c112bfe261bd69	pe	0xAA64	IMAGE_FILE_MACHINE_ARM64	no
dlls/taskschd/tests/aarch64-windows/taskschd_test.exe	524288	b9b50812f1e0e05eff797284ee1f16d959202fed6c182e5bc6c112bfe261bd69	pe	0xAA64	IMAGE_FILE_MACHINE_ARM64	no
dlls/tbs/aarch64-windows/tbs.dll	458752	55dc96e108ba6b2f777a52a8e3b73410e81e521edf2c03c7fe06d5ec00bb5cfc	pe	0xAA64	IMAGE_FILE_MACHINE_ARM64	yes
dlls/tdh/aarch64-windows/tdh.dll	524288	ac9b2e5c9ff4700967a5f4e162b22b6d6ca59573f33e98a70d6aace4c1c746c3	pe	0xAA64	IMAGE_FILE_MACHINE_ARM64	yes
dlls/tdh/tests/aarch64-windows/tdh_test-stripped.exe	458752	2d16d9e6add0731e63888ac6755018eaa0f64f873de4426caac3974622a0cacb	pe	0xAA64	IMAGE_FILE_MACHINE_ARM64	no
dlls/tdh/tests/aarch64-windows/tdh_test.exe	458752	2d16d9e6add0731e63888ac6755018eaa0f64f873de4426caac3974622a0cacb	pe	0xAA64	IMAGE_FILE_MACHINE_ARM64	no
dlls/tdi.sys/aarch64-windows/tdi.sys	458752	adbac9c5e8cb90a0735d4c253b95de6121e6ea408b107d3350efb9390f1f0e9b	pe	0xAA64	IMAGE_FILE_MACHINE_ARM64	yes
dlls/threadpoolwinrt/aarch64-windows/threadpoolwinrt.dll	655360	e408ac6dc3e903e60971dc91d3623cb1144d7312b10662919af05f2475e2bfc0	pe	0xAA64	IMAGE_FILE_MACHINE_ARM64	yes
dlls/threadpoolwinrt/tests/aarch64-windows/threadpoolwinrt_test-stripped.exe	589824	e6ed8b6a7c450f5d3d497e92303ab22698db34da01246542957b20c54c37d640	pe	0xAA64	IMAGE_FILE_MACHINE_ARM64	no
dlls/threadpoolwinrt/tests/aarch64-windows/threadpoolwinrt_test.exe	589824	e6ed8b6a7c450f5d3d497e92303ab22698db34da01246542957b20c54c37d640	pe	0xAA64	IMAGE_FILE_MACHINE_ARM64	no
dlls/thumbcache/aarch64-windows/thumbcache.dll	589824	c6d3ef02e70e46b59eae339cc71a3675c552b01fe87f79021b8a0d4b5ec42312	pe	0xAA64	IMAGE_FILE_MACHINE_ARM64	yes
dlls/thumbcache/tests/aarch64-windows/thumbcache_test-stripped.exe	524288	f35841658b7e85c928b00f353e826c0c5dad44d8a856ae0d25a4b11a63465ef6	pe	0xAA64	IMAGE_FILE_MACHINE_ARM64	no
dlls/thumbcache/tests/aarch64-windows/thumbcache_test.exe	524288	f35841658b7e85c928b00f353e826c0c5dad44d8a856ae0d25a4b11a63465ef6	pe	0xAA64	IMAGE_FILE_MACHINE_ARM64	no
dlls/tiptsf/aarch64-windows/tiptsf.dll	524288	4486e80231caee0c0d9669e9f1662df40169486c97681b95a15f488b9c759f5b	pe	0xAA64	IMAGE_FILE_MACHINE_ARM64	yes
dlls/traffic/aarch64-windows/traffic.dll	458752	71d9f173af5fce17ab528bb516d9af95aa040970dcf1b1ec9fcbf2626978232d	pe	0xAA64	IMAGE_FILE_MACHINE_ARM64	yes
dlls/twaindsm/aarch64-windows/twaindsm.dll	524288	423290f93effa25b1f20ad2214ccbb6719c57fdc0263a87c839b01863032caa5	pe	0xAA64	IMAGE_FILE_MACHINE_ARM64	yes
dlls/twinapi.appcore/aarch64-windows/twinapi.appcore.dll	589824	247693f61f99cca26dad5c80f46461ef320d2251eb86cc414156c560b05a8b72	pe	0xAA64	IMAGE_FILE_MACHINE_ARM64	yes
dlls/twinapi.appcore/tests/aarch64-windows/twinapi.appcore_test-stripped.exe	524288	ca1053caf6806ce4912ceb4bd2f281207728f02f561eecd52756014c92a0560d	pe	0xAA64	IMAGE_FILE_MACHINE_ARM64	no
dlls/twinapi.appcore/tests/aarch64-windows/twinapi.appcore_test.exe	524288	ca1053caf6806ce4912ceb4bd2f281207728f02f561eecd52756014c92a0560d	pe	0xAA64	IMAGE_FILE_MACHINE_ARM64	no
dlls/tzres/aarch64-windows/tzres.dll	655360	20e7e1be6a7d945704c2181f26f8e050e3161ec9556cdc8e05277bf4ee776a2e	pe-data	0xAA64	IMAGE_FILE_MACHINE_ARM64	yes
dlls/ucrtbase/aarch64-windows/ucrtbase.dll	1507328	3cdec793ce484da5535bd76e740308a6764387adc8e100510898ebeb114aa0e8	pe	0xAA64	IMAGE_FILE_MACHINE_ARM64	yes
dlls/ucrtbase/tests/aarch64-windows/threaddll.dll	458752	0fc5bef4053bbee5eb99ca0158cc063c9e579ff83c197466f0a42dc5bb8a10ac	pe	0xAA64	IMAGE_FILE_MACHINE_ARM64	no
dlls/ucrtbase/tests/aarch64-windows/ucrtbase_test-stripped.exe	1638400	82379fc8fcd3198ed0e370043ffffb8b6e9347075d2bcc84e297240f9d27b4fb	pe	0xAA64	IMAGE_FILE_MACHINE_ARM64	no
dlls/ucrtbase/tests/aarch64-windows/ucrtbase_test.exe	1638400	82379fc8fcd3198ed0e370043ffffb8b6e9347075d2bcc84e297240f9d27b4fb	pe	0xAA64	IMAGE_FILE_MACHINE_ARM64	no
dlls/uianimation/aarch64-windows/uianimation.dll	655360	b55da7dc36df353a2fe7ca7486e9d32d38a14bb477ac695c3bf32839959e4fa6	pe	0xAA64	IMAGE_FILE_MACHINE_ARM64	yes
dlls/uianimation/tests/aarch64-windows/uianimation_test-stripped.exe	458752	288a003369d830c90a367829569be1edcb5f88dadc34237cef7289ed14ffe053	pe	0xAA64	IMAGE_FILE_MACHINE_ARM64	no
dlls/uianimation/tests/aarch64-windows/uianimation_test.exe	458752	288a003369d830c90a367829569be1edcb5f88dadc34237cef7289ed14ffe053	pe	0xAA64	IMAGE_FILE_MACHINE_ARM64	no
dlls/uiautomationcore/aarch64-windows/uiautomationcore.dll	1048576	55f7a572aad83e441cfa23dcf0ff6f66539f9031ea8bc7628a1f1fad3b050f6c	pe	0xAA64	IMAGE_FILE_MACHINE_ARM64	yes
dlls/uiautomationcore/tests/aarch64-windows/uiautomationcore_test-stripped.exe	1114112	8209858f446e88639ed9ea16cc0afe1db277265b403cfe92e0e8c8a9babe6652	pe	0xAA64	IMAGE_FILE_MACHINE_ARM64	no
dlls/uiautomationcore/tests/aarch64-windows/uiautomationcore_test.exe	1114112	8209858f446e88639ed9ea16cc0afe1db277265b403cfe92e0e8c8a9babe6652	pe	0xAA64	IMAGE_FILE_MACHINE_ARM64	no
dlls/uiribbon/aarch64-windows/uiribbon.dll	589824	18105dbb5ed73f75db7bf1ced41ce46f59f5d2933162906fe7f2bec55980ce3e	pe	0xAA64	IMAGE_FILE_MACHINE_ARM64	yes
dlls/unicows/aarch64-windows/unicows.dll	458752	f3d524d749aceaacc4bd0b135f03630d38366cacc71e40bb4b9693d6d8a6503b	pe	0xAA64	IMAGE_FILE_MACHINE_ARM64	yes
dlls/updspapi/aarch64-windows/updspapi.dll	458752	69cc9244eb9e5aa3e9119381b77906333a3005b9c9a8b7805c186ee835fef586	pe	0xAA64	IMAGE_FILE_MACHINE_ARM64	yes
dlls/url/aarch64-windows/url.dll	458752	deb00d3573ae332aef0ad48642dabf2be308d57482a22ac8f53f23f5983bdc40	pe	0xAA64	IMAGE_FILE_MACHINE_ARM64	yes
dlls/urlmon/aarch64-windows/urlmon.dll	983040	8ba623955d32c86cc005bd360d027f0395f75a737028f620b7b3cbcaf6b6c81a	pe	0xAA64	IMAGE_FILE_MACHINE_ARM64	yes
dlls/urlmon/tests/aarch64-windows/urlmon_test-stripped.exe	1572864	a5652ec77f05d2fb1dfb84fabb721f1a9ecec83d536d6a125ad84e46b66bb761	pe	0xAA64	IMAGE_FILE_MACHINE_ARM64	no
dlls/urlmon/tests/aarch64-windows/urlmon_test.exe	1572864	a5652ec77f05d2fb1dfb84fabb721f1a9ecec83d536d6a125ad84e46b66bb761	pe	0xAA64	IMAGE_FILE_MACHINE_ARM64	no
dlls/usbd.sys/aarch64-windows/usbd.sys	458752	1a86b45a7f23bcc29966cdbbe454d443498bfa8f0ecf1642a66478a79569e531	pe	0xAA64	IMAGE_FILE_MACHINE_ARM64	yes
dlls/user32/aarch64-windows/user32.dll	2490368	9069535e3cade27fcf7518a15bb019ba18eb2cc265d2915cff3bb4f5f3f6b3b7	pe	0xAA64	IMAGE_FILE_MACHINE_ARM64	yes
dlls/user32/tests/aarch64-windows/testdll.dll	458752	1f177321ee8b492bbdb161fca517f1063d71345f421571b14de6d6930bb737a6	pe	0xAA64	IMAGE_FILE_MACHINE_ARM64	no
dlls/user32/tests/aarch64-windows/user32_test-stripped.exe	5373952	869d08b4141b9d5967951882db25627e7fffa50bd52eda1da766d08aba7e09aa	pe	0xAA64	IMAGE_FILE_MACHINE_ARM64	no
dlls/user32/tests/aarch64-windows/user32_test.exe	5373952	869d08b4141b9d5967951882db25627e7fffa50bd52eda1da766d08aba7e09aa	pe	0xAA64	IMAGE_FILE_MACHINE_ARM64	no
dlls/userenv/aarch64-windows/userenv.dll	458752	870961c8946c7bce17cd026e3d49e8a1e16b09808faee4f4774ec36281811b52	pe	0xAA64	IMAGE_FILE_MACHINE_ARM64	yes
dlls/userenv/tests/aarch64-windows/userenv_test-stripped.exe	458752	9af55b896e49ebeeceb63713e28b6fefc1eb2aabc84a11a6e58f10caaf81a888	pe	0xAA64	IMAGE_FILE_MACHINE_ARM64	no
dlls/userenv/tests/aarch64-windows/userenv_test.exe	458752	9af55b896e49ebeeceb63713e28b6fefc1eb2aabc84a11a6e58f10caaf81a888	pe	0xAA64	IMAGE_FILE_MACHINE_ARM64	no
dlls/usp10/aarch64-windows/usp10.dll	131072	eb633038b647f2930ddcd659a4e15574af3fb915f47518495e48a63f18b4a5db	pe-data	0xAA64	IMAGE_FILE_MACHINE_ARM64	yes
dlls/usp10/tests/aarch64-windows/usp10_test-stripped.exe	589824	3b914c60df5c976307ccc8157a243ad4c18f32331775d8584ae55af1c5302b75	pe	0xAA64	IMAGE_FILE_MACHINE_ARM64	no
dlls/usp10/tests/aarch64-windows/usp10_test.exe	589824	3b914c60df5c976307ccc8157a243ad4c18f32331775d8584ae55af1c5302b75	pe	0xAA64	IMAGE_FILE_MACHINE_ARM64	no
dlls/utildll/aarch64-windows/utildll.dll	458752	c7f44f68f0a9bb19380bfcc8d5ad70c3bf402ef19dc85b34a309829955d85ff2	pe	0xAA64	IMAGE_FILE_MACHINE_ARM64	yes
dlls/uxtheme/aarch64-windows/uxtheme.dll	655360	bf7e4247d24fa93cab2775732771111eac501f6d8ecff364f173619503c5b3fd	pe	0xAA64	IMAGE_FILE_MACHINE_ARM64	yes
dlls/uxtheme/tests/aarch64-windows/uxtheme_test-stripped.exe	524288	3537f52ed054c0b0023a7c8192cf7545f15ceb402c7de2c4b4268fb3ee099dc3	pe	0xAA64	IMAGE_FILE_MACHINE_ARM64	no
dlls/uxtheme/tests/aarch64-windows/uxtheme_test.exe	524288	3537f52ed054c0b0023a7c8192cf7545f15ceb402c7de2c4b4268fb3ee099dc3	pe	0xAA64	IMAGE_FILE_MACHINE_ARM64	no
dlls/vbscript/aarch64-windows/vbscript.dll	1048576	9d1707058e5f1606e5faea188384eeca0611a0822ebc8e8615352ba96ff59944	pe	0xAA64	IMAGE_FILE_MACHINE_ARM64	yes
dlls/vbscript/tests/aarch64-windows/vbscript_test-stripped.exe	1376256	0ac0e3b84afe7676de4a440ca08bec888ca7eac2b4b89977e3b0c42e73eaded4	pe	0xAA64	IMAGE_FILE_MACHINE_ARM64	no
dlls/vbscript/tests/aarch64-windows/vbscript_test.exe	1376256	0ac0e3b84afe7676de4a440ca08bec888ca7eac2b4b89977e3b0c42e73eaded4	pe	0xAA64	IMAGE_FILE_MACHINE_ARM64	no
dlls/vccorlib140/aarch64-windows/vccorlib140.dll	524288	dfabf6307987108683a9f65dfc08364b9142aa9fb0d7ccd657d9ca7467aec9ac	pe	0xAA64	IMAGE_FILE_MACHINE_ARM64	yes
dlls/vccorlib140/tests/aarch64-windows/vccorlib140_test-stripped.exe	524288	5af32cd5fd504b69ca3086a871fcc67768b8b974daeb508b056136e2966f8261	pe	0xAA64	IMAGE_FILE_MACHINE_ARM64	no
dlls/vccorlib140/tests/aarch64-windows/vccorlib140_test.exe	524288	5af32cd5fd504b69ca3086a871fcc67768b8b974daeb508b056136e2966f8261	pe	0xAA64	IMAGE_FILE_MACHINE_ARM64	no
dlls/vcomp/aarch64-windows/vcomp.dll	458752	bde68046a842d45cc5cec9ab5985212faa788575b33de4dba0337aad86bfef7d	pe	0xAA64	IMAGE_FILE_MACHINE_ARM64	yes
dlls/vcomp/tests/aarch64-windows/vcomp_test-stripped.exe	524288	9eb459213ddc807a64f868b8c430ec32be187d67d52e59c685c64a8e6c839c90	pe	0xAA64	IMAGE_FILE_MACHINE_ARM64	no
dlls/vcomp/tests/aarch64-windows/vcomp_test.exe	524288	9eb459213ddc807a64f868b8c430ec32be187d67d52e59c685c64a8e6c839c90	pe	0xAA64	IMAGE_FILE_MACHINE_ARM64	no
dlls/vcomp100/aarch64-windows/vcomp100.dll	458752	9a09c0aae49501d2f62f9350934978925f4f69289c5d40dc6d74328d91338350	pe	0xAA64	IMAGE_FILE_MACHINE_ARM64	yes
dlls/vcomp110/aarch64-windows/vcomp110.dll	458752	eaa78272d4da7f12826a762a89dce6cfb73966d36c423159dbf9ee311eabcc84	pe	0xAA64	IMAGE_FILE_MACHINE_ARM64	yes
dlls/vcomp110/tests/aarch64-windows/vcomp110_test-stripped.exe	458752	1746e6dcb99424ee7e5622c39833e13522927851ad9bc7f252797cfea3d2a96f	pe	0xAA64	IMAGE_FILE_MACHINE_ARM64	no
dlls/vcomp110/tests/aarch64-windows/vcomp110_test.exe	458752	1746e6dcb99424ee7e5622c39833e13522927851ad9bc7f252797cfea3d2a96f	pe	0xAA64	IMAGE_FILE_MACHINE_ARM64	no
dlls/vcomp120/aarch64-windows/vcomp120.dll	458752	7559c3ac5949117907dbe41b4d90840088544427b94aa6fac9317d4b53bf0213	pe	0xAA64	IMAGE_FILE_MACHINE_ARM64	yes
dlls/vcomp140/aarch64-windows/vcomp140.dll	458752	ce43201be0382e6737c5a14d05e88400936d02067bbd616daf215a5a7a64458f	pe	0xAA64	IMAGE_FILE_MACHINE_ARM64	yes
dlls/vcomp90/aarch64-windows/vcomp90.dll	458752	ed9bf1d8c3298985a613f851b562c07943103ead5d092065b259612ee44c58f9	pe	0xAA64	IMAGE_FILE_MACHINE_ARM64	yes
dlls/vcruntime140/aarch64-windows/vcruntime140.dll	458752	93ace9143b7642b67a7cbc71937e2710f56643634d3d8998054d182ceb8daa3f	pe	0xAA64	IMAGE_FILE_MACHINE_ARM64	yes
dlls/version/aarch64-windows/version.dll	524288	3e887a0e8f0f6977308ad61f873739ae338393dad854f5ef859fb1ed6a75f56f	pe	0xAA64	IMAGE_FILE_MACHINE_ARM64	yes
dlls/version/tests/aarch64-windows/version_test-stripped.exe	524288	fac3f092f7755b93d4942f6bc8c40586c66bb579b95ff42dcd7ddbf034710a54	pe	0xAA64	IMAGE_FILE_MACHINE_ARM64	no
dlls/version/tests/aarch64-windows/version_test.exe	524288	fac3f092f7755b93d4942f6bc8c40586c66bb579b95ff42dcd7ddbf034710a54	pe	0xAA64	IMAGE_FILE_MACHINE_ARM64	no
dlls/vga/aarch64-windows/vga.dll	393216	177154ec68f33817d570f3ee31a0f2ba0a1c4dba088daa68029c664140d0b733	pe	0xAA64	IMAGE_FILE_MACHINE_ARM64	yes
dlls/vidreszr/aarch64-windows/vidreszr.dll	2031616	2bfbd2fb7c3767554bd785f524ba4ff2805e3e3414dc6695099e8a417858047d	pe	0xAA64	IMAGE_FILE_MACHINE_ARM64	yes
dlls/virtdisk/aarch64-windows/virtdisk.dll	458752	a9d7afda058b7b44b5d099d552e58953e04ada948011a839e730627163eb7074	pe	0xAA64	IMAGE_FILE_MACHINE_ARM64	yes
dlls/virtdisk/tests/aarch64-windows/virtdisk_test-stripped.exe	458752	f2b24b91b4892e1f938a260d16b3ee899fe788bbc80a3306455328f8ed59a723	pe	0xAA64	IMAGE_FILE_MACHINE_ARM64	no
dlls/virtdisk/tests/aarch64-windows/virtdisk_test.exe	458752	f2b24b91b4892e1f938a260d16b3ee899fe788bbc80a3306455328f8ed59a723	pe	0xAA64	IMAGE_FILE_MACHINE_ARM64	no
dlls/vssapi/aarch64-windows/vssapi.dll	458752	f3a540830015721230f1972ff2999bb78ac9d4526245217f701440853695dbe3	pe	0xAA64	IMAGE_FILE_MACHINE_ARM64	yes
dlls/vulkan-1/aarch64-windows/vulkan-1.dll	524288	428ee926da14e6dc81741ff66b298e0dfd5ed5fb44939acc83c6d4f03796a38e	pe	0xAA64	IMAGE_FILE_MACHINE_ARM64	yes
dlls/vulkan-1/tests/aarch64-windows/vulkan-1_test-stripped.exe	458752	13a8f722ebd1be5b31668115c3d063bd3aa1e9e9d3943f91c3449aa219de4fd6	pe	0xAA64	IMAGE_FILE_MACHINE_ARM64	no
dlls/vulkan-1/tests/aarch64-windows/vulkan-1_test.exe	458752	13a8f722ebd1be5b31668115c3d063bd3aa1e9e9d3943f91c3449aa219de4fd6	pe	0xAA64	IMAGE_FILE_MACHINE_ARM64	no
dlls/wbemdisp/aarch64-windows/wbemdisp.dll	524288	129142662427d10453e4b7c6c946d1fd975f6eebba56ee0a37072c8f06b7eb24	pe	0xAA64	IMAGE_FILE_MACHINE_ARM64	yes
dlls/wbemdisp/tests/aarch64-windows/wbemdisp_test-stripped.exe	458752	e2881dfd44bcb38017cf29db8202c5374b9ab01668dcd3c5d8f5f32bd76af2d2	pe	0xAA64	IMAGE_FILE_MACHINE_ARM64	no
dlls/wbemdisp/tests/aarch64-windows/wbemdisp_test.exe	458752	e2881dfd44bcb38017cf29db8202c5374b9ab01668dcd3c5d8f5f32bd76af2d2	pe	0xAA64	IMAGE_FILE_MACHINE_ARM64	no
dlls/wbemprox/aarch64-windows/wbemprox.dll	720896	42c483ed33bac5e1910478d863d1d6c7e44724105c21846991a884ac04cd6e81	pe	0xAA64	IMAGE_FILE_MACHINE_ARM64	yes
dlls/wbemprox/tests/aarch64-windows/wbemprox_test-stripped.exe	720896	9039c809cb422ddd4dfe3e85907c58a3bcd8c75b6ff9c6d1d9981bfc83d981e5	pe	0xAA64	IMAGE_FILE_MACHINE_ARM64	no
dlls/wbemprox/tests/aarch64-windows/wbemprox_test.exe	720896	9039c809cb422ddd4dfe3e85907c58a3bcd8c75b6ff9c6d1d9981bfc83d981e5	pe	0xAA64	IMAGE_FILE_MACHINE_ARM64	no
dlls/wdscore/aarch64-windows/wdscore.dll	458752	8a0180bbc1e671a19d5369f559741bae4f678adf32a823d4b6f5836c1ed9a263	pe	0xAA64	IMAGE_FILE_MACHINE_ARM64	yes
dlls/webservices/aarch64-windows/webservices.dll	786432	5bb38f935f38536ec828b245d969b2c355a2a5ec645371d10f73fa4f07d25afb	pe	0xAA64	IMAGE_FILE_MACHINE_ARM64	yes
dlls/webservices/tests/aarch64-windows/webservices_test-stripped.exe	1114112	1a2020b903ce930ce14f7a90978184293b9a95fd60cb48d33634ee9d08340f06	pe	0xAA64	IMAGE_FILE_MACHINE_ARM64	no
dlls/webservices/tests/aarch64-windows/webservices_test.exe	1114112	1a2020b903ce930ce14f7a90978184293b9a95fd60cb48d33634ee9d08340f06	pe	0xAA64	IMAGE_FILE_MACHINE_ARM64	no
dlls/websocket/aarch64-windows/websocket.dll	458752	a79f7be8eda435f858ea71b74f7d3ddd2a137cfbb1804fd8ed965aaeba3f792c	pe	0xAA64	IMAGE_FILE_MACHINE_ARM64	yes
dlls/wer/aarch64-windows/wer.dll	458752	7ce9a543791323569e993f9b894ebfbb7749e6486f732683e9ade9b782881519	pe	0xAA64	IMAGE_FILE_MACHINE_ARM64	yes
dlls/wer/tests/aarch64-windows/wer_test-stripped.exe	458752	eec11195c519d66f42111b5954b6f67ed06c902cc6f644f1c1610fa83e88bddd	pe	0xAA64	IMAGE_FILE_MACHINE_ARM64	no
dlls/wer/tests/aarch64-windows/wer_test.exe	458752	eec11195c519d66f42111b5954b6f67ed06c902cc6f644f1c1610fa83e88bddd	pe	0xAA64	IMAGE_FILE_MACHINE_ARM64	no
dlls/wevtapi/aarch64-windows/wevtapi.dll	458752	7b60c85f490a46f4417d64b84036fe6ef88dfa81804eeb5d9178d42acde5ef55	pe	0xAA64	IMAGE_FILE_MACHINE_ARM64	yes
dlls/wevtapi/tests/aarch64-windows/wevtapi_test-stripped.exe	458752	07966b75f28a81bf344aafaef65f09ed82e2745d79fa9194efdbd748d9129109	pe	0xAA64	IMAGE_FILE_MACHINE_ARM64	no
dlls/wevtapi/tests/aarch64-windows/wevtapi_test.exe	458752	07966b75f28a81bf344aafaef65f09ed82e2745d79fa9194efdbd748d9129109	pe	0xAA64	IMAGE_FILE_MACHINE_ARM64	no
dlls/wevtsvc/aarch64-windows/wevtsvc.dll	458752	13d7ac85bbc78ceb5205d4460755f88261f43a26fcf408c765cbab056070b4cd	pe	0xAA64	IMAGE_FILE_MACHINE_ARM64	yes
dlls/wiaservc/aarch64-windows/wiaservc.dll	655360	b922cdfe07d25f19a56d16cf3c355101e9258b6fc778d621c614938622a7952c	pe	0xAA64	IMAGE_FILE_MACHINE_ARM64	yes
dlls/wiaservc/tests/aarch64-windows/wiaservc_test-stripped.exe	458752	15440222035707e2351ea275d5cdc0579c20750b087c78eaf11e1cad77dcf988	pe	0xAA64	IMAGE_FILE_MACHINE_ARM64	no
dlls/wiaservc/tests/aarch64-windows/wiaservc_test.exe	458752	15440222035707e2351ea275d5cdc0579c20750b087c78eaf11e1cad77dcf988	pe	0xAA64	IMAGE_FILE_MACHINE_ARM64	no
dlls/wimgapi/aarch64-windows/wimgapi.dll	458752	69421454141435b93b317eba454597e5479e8665bc8d1075b4180a75da993ce7	pe	0xAA64	IMAGE_FILE_MACHINE_ARM64	yes
dlls/win32u/aarch64-windows/win32u.dll	786432	f4f04e251d48d70098647deae423fe956a354cc4f1d2f1509a60f4384a94f7ef	pe	0xAA64	IMAGE_FILE_MACHINE_ARM64	yes
dlls/win32u/tests/aarch64-windows/win32u_test-stripped.exe	851968	48441d0c4b9901d0878db97a3682d7712604764f9ef3f4322d870dcc20a462f3	pe	0xAA64	IMAGE_FILE_MACHINE_ARM64	no
dlls/win32u/tests/aarch64-windows/win32u_test.exe	851968	48441d0c4b9901d0878db97a3682d7712604764f9ef3f4322d870dcc20a462f3	pe	0xAA64	IMAGE_FILE_MACHINE_ARM64	no
dlls/winbio/aarch64-windows/winbio.dll	458752	7a23a4ffecc27004d0aede756223a9f7b4abfd9cbb869d182a1f03931688280f	pe	0xAA64	IMAGE_FILE_MACHINE_ARM64	yes
dlls/winbrand/aarch64-windows/winbrand.dll	458752	48c6f66a097709ea01aa29ad198b071c6458b79e62fc507a1376e3467412a788	pe	0xAA64	IMAGE_FILE_MACHINE_ARM64	yes
dlls/windows.applicationmodel/aarch64-windows/windows.applicationmodel.dll	524288	992bd102f6a3e29d17ebd008e6e0b9d029ee7a3de0d609aec55f6afb43dd71cd	pe	0xAA64	IMAGE_FILE_MACHINE_ARM64	yes
dlls/windows.applicationmodel/tests/aarch64-windows/application.exe	458752	1a4083d3bee76058bf8bf721ea10acba2b8764cd5eb9460538809ae375880816	pe	0xAA64	IMAGE_FILE_MACHINE_ARM64	no
dlls/windows.applicationmodel/tests/aarch64-windows/windows.applicationmodel_test-stripped.exe	1376256	20c56f2f1a4680ef8cb3dab6907c3da02893de6b97a463a75d7024ab23be5846	pe	0xAA64	IMAGE_FILE_MACHINE_ARM64	no
dlls/windows.applicationmodel/tests/aarch64-windows/windows.applicationmodel_test.exe	1376256	20c56f2f1a4680ef8cb3dab6907c3da02893de6b97a463a75d7024ab23be5846	pe	0xAA64	IMAGE_FILE_MACHINE_ARM64	no
dlls/windows.devices.bluetooth/aarch64-windows/windows.devices.bluetooth.dll	589824	1ddffe2718ada6aa62fc86120ea603351b08bda26094ac82578ace94ce04d75c	pe	0xAA64	IMAGE_FILE_MACHINE_ARM64	yes
dlls/windows.devices.bluetooth/tests/aarch64-windows/windows.devices.bluetooth_test-stripped.exe	524288	4451a411a5aac9fd6223aeb0aa51cb6cc1c305e5ef60d376d0768c76394c68c4	pe	0xAA64	IMAGE_FILE_MACHINE_ARM64	no
dlls/windows.devices.bluetooth/tests/aarch64-windows/windows.devices.bluetooth_test.exe	524288	4451a411a5aac9fd6223aeb0aa51cb6cc1c305e5ef60d376d0768c76394c68c4	pe	0xAA64	IMAGE_FILE_MACHINE_ARM64	no
dlls/windows.devices.enumeration/aarch64-windows/windows.devices.enumeration.dll	589824	cc6ee53a7d065e705a8d2741e596a0b8dcc38cd978a03baf32887e276e689f40	pe	0xAA64	IMAGE_FILE_MACHINE_ARM64	yes
dlls/windows.devices.enumeration/tests/aarch64-windows/windows.devices.enumeration_test-stripped.exe	655360	a34760f906106e017bdeaa999e39559c4726acba89550768e2d7860dd92360b6	pe	0xAA64	IMAGE_FILE_MACHINE_ARM64	no
dlls/windows.devices.enumeration/tests/aarch64-windows/windows.devices.enumeration_test.exe	655360	a34760f906106e017bdeaa999e39559c4726acba89550768e2d7860dd92360b6	pe	0xAA64	IMAGE_FILE_MACHINE_ARM64	no
dlls/windows.devices.radios/aarch64-windows/windows.devices.radios.dll	524288	996b236db3de165ca712f50b1e217878352b48f4b5f3458a76cadb291824174a	pe	0xAA64	IMAGE_FILE_MACHINE_ARM64	yes
dlls/windows.devices.radios/tests/aarch64-windows/windows.devices.radios_test-stripped.exe	458752	11082a04d65382d4ca31460311b299af17741bf29a77799b42d4149712037e55	pe	0xAA64	IMAGE_FILE_MACHINE_ARM64	no
dlls/windows.devices.radios/tests/aarch64-windows/windows.devices.radios_test.exe	458752	11082a04d65382d4ca31460311b299af17741bf29a77799b42d4149712037e55	pe	0xAA64	IMAGE_FILE_MACHINE_ARM64	no
dlls/windows.devices.usb/aarch64-windows/windows.devices.usb.dll	524288	183cb1bb0088bc417bf2389a4d962f402ffbae64318c124c9bd76a821ce8fba7	pe	0xAA64	IMAGE_FILE_MACHINE_ARM64	yes
dlls/windows.devices.usb/tests/aarch64-windows/windows.devices.usb_test-stripped.exe	458752	c8a7bdd0359022340182e3108b567a5f94b946eccd1dbbe66b8eb5e70e025e49	pe	0xAA64	IMAGE_FILE_MACHINE_ARM64	no
dlls/windows.devices.usb/tests/aarch64-windows/windows.devices.usb_test.exe	458752	c8a7bdd0359022340182e3108b567a5f94b946eccd1dbbe66b8eb5e70e025e49	pe	0xAA64	IMAGE_FILE_MACHINE_ARM64	no
dlls/windows.gaming.input/aarch64-windows/windows.gaming.input.dll	655360	de9f1b92159013b9093290d2376f7fa6cfda43a7d8250104f47c56f528b9a69b	pe	0xAA64	IMAGE_FILE_MACHINE_ARM64	yes
dlls/windows.gaming.input/tests/aarch64-windows/windows.gaming.input_test-stripped.exe	655360	d6f2908e7183db25db87af8606a7d62bfce2949dfbf74847ac19be1470241640	pe	0xAA64	IMAGE_FILE_MACHINE_ARM64	no
dlls/windows.gaming.input/tests/aarch64-windows/windows.gaming.input_test.exe	655360	d6f2908e7183db25db87af8606a7d62bfce2949dfbf74847ac19be1470241640	pe	0xAA64	IMAGE_FILE_MACHINE_ARM64	no
dlls/windows.gaming.ui.gamebar/aarch64-windows/windows.gaming.ui.gamebar.dll	524288	a28a7ea356992bc427e9ccd4e1b58443f28dcdce398e7def779393dfb12ffa83	pe	0xAA64	IMAGE_FILE_MACHINE_ARM64	yes
dlls/windows.gaming.ui.gamebar/tests/aarch64-windows/windows.gaming.ui.gamebar_test-stripped.exe	458752	20faa808cdb03ca2143b557fadd5ac5290ae1217e8f6cb40d4f274e881162db6	pe	0xAA64	IMAGE_FILE_MACHINE_ARM64	no
dlls/windows.gaming.ui.gamebar/tests/aarch64-windows/windows.gaming.ui.gamebar_test.exe	458752	20faa808cdb03ca2143b557fadd5ac5290ae1217e8f6cb40d4f274e881162db6	pe	0xAA64	IMAGE_FILE_MACHINE_ARM64	no
dlls/windows.globalization/aarch64-windows/windows.globalization.dll	524288	2cfcf6f66690a13bd2a0a28ae6f72e099a4dbaa48005f3418270d90876d42fdd	pe	0xAA64	IMAGE_FILE_MACHINE_ARM64	yes
dlls/windows.globalization/tests/aarch64-windows/windows.globalization_test-stripped.exe	655360	f584078eba300666ddd3a8e001c0bbf0fa22ea899478beb323762ac00023394e	pe	0xAA64	IMAGE_FILE_MACHINE_ARM64	no
dlls/windows.globalization/tests/aarch64-windows/windows.globalization_test.exe	655360	f584078eba300666ddd3a8e001c0bbf0fa22ea899478beb323762ac00023394e	pe	0xAA64	IMAGE_FILE_MACHINE_ARM64	no
dlls/windows.graphics/aarch64-windows/windows.graphics.dll	524288	6dad6c166fec6e80081c4e9864c60d26c61b330f6231edd27988301742727549	pe	0xAA64	IMAGE_FILE_MACHINE_ARM64	yes
dlls/windows.graphics/tests/aarch64-windows/windows.graphics_test-stripped.exe	458752	7c09371b30b66549d147ec5614bf63b38d55ae989cb991fe7a6767c172ad4484	pe	0xAA64	IMAGE_FILE_MACHINE_ARM64	no
dlls/windows.graphics/tests/aarch64-windows/windows.graphics_test.exe	458752	7c09371b30b66549d147ec5614bf63b38d55ae989cb991fe7a6767c172ad4484	pe	0xAA64	IMAGE_FILE_MACHINE_ARM64	no
dlls/windows.media.devices/aarch64-windows/windows.media.devices.dll	524288	801f9e908701d3473f28a42e3eec30336d3e267a8987ec63cc05da81a7955560	pe	0xAA64	IMAGE_FILE_MACHINE_ARM64	yes
dlls/windows.media.devices/tests/aarch64-windows/windows.media.devices_test-stripped.exe	458752	e71f3589cc6fefd54caf3323e1fe6d804ffac2d27c409d69889b39c740ffe971	pe	0xAA64	IMAGE_FILE_MACHINE_ARM64	no
dlls/windows.media.devices/tests/aarch64-windows/windows.media.devices_test.exe	458752	e71f3589cc6fefd54caf3323e1fe6d804ffac2d27c409d69889b39c740ffe971	pe	0xAA64	IMAGE_FILE_MACHINE_ARM64	no
dlls/windows.media.mediacontrol/aarch64-windows/windows.media.mediacontrol.dll	524288	55e093956fd348966f0c2a43636a7faf630fb6c99d012affb96724de46f918f3	pe	0xAA64	IMAGE_FILE_MACHINE_ARM64	yes
dlls/windows.media.mediacontrol/tests/aarch64-windows/windows.media.mediacontrol_test-stripped.exe	458752	bb93ebea406234c0ffcec8a746ab53bbd8cbf185599ff16fe672283a562bb5be	pe	0xAA64	IMAGE_FILE_MACHINE_ARM64	no
dlls/windows.media.mediacontrol/tests/aarch64-windows/windows.media.mediacontrol_test.exe	458752	bb93ebea406234c0ffcec8a746ab53bbd8cbf185599ff16fe672283a562bb5be	pe	0xAA64	IMAGE_FILE_MACHINE_ARM64	no
dlls/windows.media.playback.backgroundmediaplayer/aarch64-windows/windows.media.playback.backgroundmediaplayer.dll	524288	1af6cd8a6bc6404da7be034ae5d7ab4bc800f1bbb780da8f80c1b2889c4a405c	pe	0xAA64	IMAGE_FILE_MACHINE_ARM64	yes
dlls/windows.media.playback.backgroundmediaplayer/tests/aarch64-windows/windows.media.playback.backgroundmediaplayer_test-stripped.exe	458752	dc58a5033019f9962b697240e48670198307d0b54adb8060d1ff65aec0580852	pe	0xAA64	IMAGE_FILE_MACHINE_ARM64	no
dlls/windows.media.playback.backgroundmediaplayer/tests/aarch64-windows/windows.media.playback.backgroundmediaplayer_test.exe	458752	dc58a5033019f9962b697240e48670198307d0b54adb8060d1ff65aec0580852	pe	0xAA64	IMAGE_FILE_MACHINE_ARM64	no
dlls/windows.media.playback.mediaplayer/aarch64-windows/windows.media.playback.mediaplayer.dll	589824	d35e47616fec4a8972c258c68704f80905384a43f170bda4051f23ebbc3fb3b7	pe	0xAA64	IMAGE_FILE_MACHINE_ARM64	yes
dlls/windows.media.playback.mediaplayer/tests/aarch64-windows/windows.media.playback.mediaplayer_test-stripped.exe	458752	59f8dc7a3603197c83d81b44f447e2c50eadb86fdaaa42cbfff841c3a64558c3	pe	0xAA64	IMAGE_FILE_MACHINE_ARM64	no
dlls/windows.media.playback.mediaplayer/tests/aarch64-windows/windows.media.playback.mediaplayer_test.exe	458752	59f8dc7a3603197c83d81b44f447e2c50eadb86fdaaa42cbfff841c3a64558c3	pe	0xAA64	IMAGE_FILE_MACHINE_ARM64	no
dlls/windows.media.speech/aarch64-windows/windows.media.speech.dll	589824	94cdaa4dba686a81eea1a6db963d7a3430b2945f425861b4a2543e48e1a0ec07	pe	0xAA64	IMAGE_FILE_MACHINE_ARM64	yes
dlls/windows.media.speech/tests/aarch64-windows/windows.media.speech_test-stripped.exe	720896	a6f836474f8c6e708e3c3a0f8b768ea741e21158c15adb7990ef9eb3448d7a5f	pe	0xAA64	IMAGE_FILE_MACHINE_ARM64	no
dlls/windows.media.speech/tests/aarch64-windows/windows.media.speech_test.exe	720896	a6f836474f8c6e708e3c3a0f8b768ea741e21158c15adb7990ef9eb3448d7a5f	pe	0xAA64	IMAGE_FILE_MACHINE_ARM64	no
dlls/windows.media/aarch64-windows/windows.media.dll	524288	bcf4f87e76ad55101342903bcb2a2f871b8b58263f48282acc1241dcf5b70bbf	pe	0xAA64	IMAGE_FILE_MACHINE_ARM64	yes
dlls/windows.media/tests/aarch64-windows/windows.media_test-stripped.exe	458752	fd6518e79b85b2a2c8f0748a89838d4380da271bbcf8c6a0397d8054ccfc474c	pe	0xAA64	IMAGE_FILE_MACHINE_ARM64	no
dlls/windows.media/tests/aarch64-windows/windows.media_test.exe	458752	fd6518e79b85b2a2c8f0748a89838d4380da271bbcf8c6a0397d8054ccfc474c	pe	0xAA64	IMAGE_FILE_MACHINE_ARM64	no
dlls/windows.networking.connectivity/aarch64-windows/windows.networking.connectivity.dll	524288	83831b6f3dfb22907ea7e68abfba7022d35003e3d79ea0139d205ab0ab7aa1fb	pe	0xAA64	IMAGE_FILE_MACHINE_ARM64	yes
dlls/windows.networking.connectivity/tests/aarch64-windows/windows.networking.connectivity_test-stripped.exe	458752	76ffbcc8449c30a10d8dd39fcc391471178fd60a898745edbfe31d75f313d39f	pe	0xAA64	IMAGE_FILE_MACHINE_ARM64	no
dlls/windows.networking.connectivity/tests/aarch64-windows/windows.networking.connectivity_test.exe	458752	76ffbcc8449c30a10d8dd39fcc391471178fd60a898745edbfe31d75f313d39f	pe	0xAA64	IMAGE_FILE_MACHINE_ARM64	no
dlls/windows.networking.hostname/aarch64-windows/windows.networking.hostname.dll	524288	e13721a86554253e0fd29a808ac1da156328de8e17f9ace5d5e3051d8eed80d0	pe	0xAA64	IMAGE_FILE_MACHINE_ARM64	yes
dlls/windows.networking.hostname/tests/aarch64-windows/windows.networking.hostname_test-stripped.exe	458752	b9ea68c61c4b48e6f50769af71cb99ddb10d6e70e4f47050444a978996e3fa91	pe	0xAA64	IMAGE_FILE_MACHINE_ARM64	no
dlls/windows.networking.hostname/tests/aarch64-windows/windows.networking.hostname_test.exe	458752	b9ea68c61c4b48e6f50769af71cb99ddb10d6e70e4f47050444a978996e3fa91	pe	0xAA64	IMAGE_FILE_MACHINE_ARM64	no
dlls/windows.networking/aarch64-windows/windows.networking.dll	458752	5414b6dc9a98bd852021fbea15fd6f679f268a1ee70ab28a91b349ca1cc95a21	pe	0xAA64	IMAGE_FILE_MACHINE_ARM64	yes
dlls/windows.perception.stub/aarch64-windows/windows.perception.stub.dll	524288	043982532c85b0aeea43ca5ce78b4ad43f6fa6cc0a1d04c3d93a042f78069df3	pe	0xAA64	IMAGE_FILE_MACHINE_ARM64	yes
dlls/windows.perception.stub/tests/aarch64-windows/windows.perception.stub_test-stripped.exe	458752	5b8c3af50995da264d1b606fb179f1beeefc60ac31a3ba59775ad630f6496a11	pe	0xAA64	IMAGE_FILE_MACHINE_ARM64	no
dlls/windows.perception.stub/tests/aarch64-windows/windows.perception.stub_test.exe	458752	5b8c3af50995da264d1b606fb179f1beeefc60ac31a3ba59775ad630f6496a11	pe	0xAA64	IMAGE_FILE_MACHINE_ARM64	no
dlls/windows.security.authentication.onlineid/aarch64-windows/windows.security.authentication.onlineid.dll	524288	92196ef8e53cc956421ed1cd66d4c3d12f54cbb0ee5d85a232f7b5264e771fa0	pe	0xAA64	IMAGE_FILE_MACHINE_ARM64	yes
dlls/windows.security.authentication.onlineid/tests/aarch64-windows/windows.security.authentication.onlineid_test-stripped.exe	458752	7f65f8d40fcbeddfa439af33010f8c6281a5e709cc98a7f21f0e044cf31184f2	pe	0xAA64	IMAGE_FILE_MACHINE_ARM64	no
dlls/windows.security.authentication.onlineid/tests/aarch64-windows/windows.security.authentication.onlineid_test.exe	458752	7f65f8d40fcbeddfa439af33010f8c6281a5e709cc98a7f21f0e044cf31184f2	pe	0xAA64	IMAGE_FILE_MACHINE_ARM64	no
dlls/windows.security.credentials.ui.userconsentverifier/aarch64-windows/windows.security.credentials.ui.userconsentverifier.dll	524288	aba3e40c91b89f77422969e0e6aa878201529c8af1dea8889252c22fbde323f7	pe	0xAA64	IMAGE_FILE_MACHINE_ARM64	yes
dlls/windows.security.credentials.ui.userconsentverifier/tests/aarch64-windows/windows.security.credentials.ui.userconsentverifier_test-stripped.exe	458752	d63ec40eed3d9ff8bf0412f7b50e0cc6ea9cbc9c2b3077f98ef0a2c2bd2924e3	pe	0xAA64	IMAGE_FILE_MACHINE_ARM64	no
dlls/windows.security.credentials.ui.userconsentverifier/tests/aarch64-windows/windows.security.credentials.ui.userconsentverifier_test.exe	458752	d63ec40eed3d9ff8bf0412f7b50e0cc6ea9cbc9c2b3077f98ef0a2c2bd2924e3	pe	0xAA64	IMAGE_FILE_MACHINE_ARM64	no
dlls/windows.storage.applicationdata/aarch64-windows/windows.storage.applicationdata.dll	524288	809fd774d12ff0402a121eb1e0493fd0f137918a5320b1dc62dc644db890e6dc	pe	0xAA64	IMAGE_FILE_MACHINE_ARM64	yes
dlls/windows.storage.applicationdata/tests/aarch64-windows/windows.storage.applicationdata_test-stripped.exe	458752	76cdf216717a5357371398b13e8fd0fefcd35096b7c627afa86fbb5b3bcc970f	pe	0xAA64	IMAGE_FILE_MACHINE_ARM64	no
dlls/windows.storage.applicationdata/tests/aarch64-windows/windows.storage.applicationdata_test.exe	458752	76cdf216717a5357371398b13e8fd0fefcd35096b7c627afa86fbb5b3bcc970f	pe	0xAA64	IMAGE_FILE_MACHINE_ARM64	no
dlls/windows.storage/aarch64-windows/windows.storage.dll	589824	2d79d6721ab9b5dee686bda3d8cac57dd4842868dc6f3a008561bc047b6843c8	pe	0xAA64	IMAGE_FILE_MACHINE_ARM64	yes
dlls/windows.storage/tests/aarch64-windows/windows.storage_test-stripped.exe	458752	fcc29d15ab1fa971d28e29de0e833258f9f1d1021ba5c4afc200fb69d34fd4f8	pe	0xAA64	IMAGE_FILE_MACHINE_ARM64	no
dlls/windows.storage/tests/aarch64-windows/windows.storage_test.exe	458752	fcc29d15ab1fa971d28e29de0e833258f9f1d1021ba5c4afc200fb69d34fd4f8	pe	0xAA64	IMAGE_FILE_MACHINE_ARM64	no
dlls/windows.system.profile.systemid/aarch64-windows/windows.system.profile.systemid.dll	524288	52d4104e52419b603a50c423f36edecee2ca1e63bf44afd81640eefa917fdbac	pe	0xAA64	IMAGE_FILE_MACHINE_ARM64	yes
dlls/windows.system.profile.systemid/tests/aarch64-windows/windows.system.profile.systemid_test-stripped.exe	458752	ab2e4e7dbcd25f7234d6481f89a3037677c666470e3e44d39abd598023fcddc5	pe	0xAA64	IMAGE_FILE_MACHINE_ARM64	no
dlls/windows.system.profile.systemid/tests/aarch64-windows/windows.system.profile.systemid_test.exe	458752	ab2e4e7dbcd25f7234d6481f89a3037677c666470e3e44d39abd598023fcddc5	pe	0xAA64	IMAGE_FILE_MACHINE_ARM64	no
dlls/windows.system.profile.systemmanufacturers/aarch64-windows/windows.system.profile.systemmanufacturers.dll	524288	e251560110f38df5b1de6dee19cb80f0c85209cb19d1981bde821c9222319d88	pe	0xAA64	IMAGE_FILE_MACHINE_ARM64	yes
dlls/windows.system.profile.systemmanufacturers/tests/aarch64-windows/windows.system.profile.systemmanufacturers_test-stripped.exe	458752	0256ff73c766d08631449511ed152fba4d38b0903092fe65c68ee30d68c0b471	pe	0xAA64	IMAGE_FILE_MACHINE_ARM64	no
dlls/windows.system.profile.systemmanufacturers/tests/aarch64-windows/windows.system.profile.systemmanufacturers_test.exe	458752	0256ff73c766d08631449511ed152fba4d38b0903092fe65c68ee30d68c0b471	pe	0xAA64	IMAGE_FILE_MACHINE_ARM64	no
dlls/windows.ui.core.textinput/aarch64-windows/windows.ui.core.textinput.dll	589824	50ef70e17eed387c4f2d2c544c92976994215101627e631ad135a838c2803853	pe	0xAA64	IMAGE_FILE_MACHINE_ARM64	yes
dlls/windows.ui.core.textinput/tests/aarch64-windows/windows.ui.core.textinput_test-stripped.exe	524288	bb975f3901c0e9ad72585988f77451066303d65897bb9aaf1008def96d776a35	pe	0xAA64	IMAGE_FILE_MACHINE_ARM64	no
dlls/windows.ui.core.textinput/tests/aarch64-windows/windows.ui.core.textinput_test.exe	524288	bb975f3901c0e9ad72585988f77451066303d65897bb9aaf1008def96d776a35	pe	0xAA64	IMAGE_FILE_MACHINE_ARM64	no
dlls/windows.ui.xaml/aarch64-windows/windows.ui.xaml.dll	524288	8986038add9d5436a48e999b72e50859637d769ac6383ec0fcfa4bd2dea9e651	pe	0xAA64	IMAGE_FILE_MACHINE_ARM64	yes
dlls/windows.ui.xaml/tests/aarch64-windows/windows.ui.xaml_test-stripped.exe	458752	dce50a7747fc4d340ee53c3c92db150eb6f36d5a4c74bc5dcda040a03d6394e8	pe	0xAA64	IMAGE_FILE_MACHINE_ARM64	no
dlls/windows.ui.xaml/tests/aarch64-windows/windows.ui.xaml_test.exe	458752	dce50a7747fc4d340ee53c3c92db150eb6f36d5a4c74bc5dcda040a03d6394e8	pe	0xAA64	IMAGE_FILE_MACHINE_ARM64	no
dlls/windows.ui/aarch64-windows/windows.ui.dll	589824	c479576490cd39f456f8fa61e92fef96fab1d55f89143e96f073c43f43ebb7d6	pe	0xAA64	IMAGE_FILE_MACHINE_ARM64	yes
dlls/windows.ui/tests/aarch64-windows/windows.ui_test-stripped.exe	458752	baaad94589010133154e7d6a24657271c6bda3276480081846777216028fcfef	pe	0xAA64	IMAGE_FILE_MACHINE_ARM64	no
dlls/windows.ui/tests/aarch64-windows/windows.ui_test.exe	458752	baaad94589010133154e7d6a24657271c6bda3276480081846777216028fcfef	pe	0xAA64	IMAGE_FILE_MACHINE_ARM64	no
dlls/windows.web/aarch64-windows/windows.web.dll	524288	206cb2504a35cdd8ec4bf00f10ae4068343963acd92d7e0ed68e8c74090eb0b1	pe	0xAA64	IMAGE_FILE_MACHINE_ARM64	yes
dlls/windows.web/tests/aarch64-windows/windows.web_test-stripped.exe	458752	7e8f3a953831be30f7ebaf21fbaddf7f43dca4a822618c4bfcfec259c7ac136d	pe	0xAA64	IMAGE_FILE_MACHINE_ARM64	no
dlls/windows.web/tests/aarch64-windows/windows.web_test.exe	458752	7e8f3a953831be30f7ebaf21fbaddf7f43dca4a822618c4bfcfec259c7ac136d	pe	0xAA64	IMAGE_FILE_MACHINE_ARM64	no
dlls/windowscodecs/aarch64-windows/windowscodecs.dll	2162688	b7cb3b98bd37a7f6668092fb91ec41e88ffabcb3cd4629a54f765904bd4754f7	pe	0xAA64	IMAGE_FILE_MACHINE_ARM64	yes
dlls/windowscodecs/tests/aarch64-windows/windowscodecs_test-stripped.exe	1507328	68f369b024c960084270111081621d3da89475b9ea416bc55ed86854fd2fb862	pe	0xAA64	IMAGE_FILE_MACHINE_ARM64	no
dlls/windowscodecs/tests/aarch64-windows/windowscodecs_test.exe	1507328	68f369b024c960084270111081621d3da89475b9ea416bc55ed86854fd2fb862	pe	0xAA64	IMAGE_FILE_MACHINE_ARM64	no
dlls/windowscodecsext/aarch64-windows/windowscodecsext.dll	458752	b2a7b4145990967096b4590c631cb101a8f6a972a9bfac06ae50d5cd7a0f74dd	pe	0xAA64	IMAGE_FILE_MACHINE_ARM64	yes
dlls/windowscodecsext/tests/aarch64-windows/windowscodecsext_test-stripped.exe	458752	158503280fba958d1b8ef10bd048c88c493b7c3fd746a4b5e2f85eaabd63a6d8	pe	0xAA64	IMAGE_FILE_MACHINE_ARM64	no
dlls/windowscodecsext/tests/aarch64-windows/windowscodecsext_test.exe	458752	158503280fba958d1b8ef10bd048c88c493b7c3fd746a4b5e2f85eaabd63a6d8	pe	0xAA64	IMAGE_FILE_MACHINE_ARM64	no
dlls/winebth.sys/aarch64-windows/winebth.sys	589824	4847113ff30faf229c8e9c662c52c58ea8f0f5532d5a9b896d8b66018cd9d808	pe	0xAA64	IMAGE_FILE_MACHINE_ARM64	yes
dlls/winebus.sys/aarch64-windows/winebus.sys	524288	595eeac69da327a3ada10f44c9b82c963559f1812a8b7defc549c13cb7d6ebb8	pe	0xAA64	IMAGE_FILE_MACHINE_ARM64	yes
dlls/wined3d/aarch64-windows/wined3d.dll	4653056	ddf4e1eeb618b9d32afd79721c45c3987bf6bf38fd102ee29498e75bf650f90c	pe	0xAA64	IMAGE_FILE_MACHINE_ARM64	yes
dlls/winedmo/aarch64-windows/winedmo.dll	458752	2212f691fcfdb50f5f798df19e5d2e05e02fa8c2509afcf0d6d8db3bc79e6d76	pe	0xAA64	IMAGE_FILE_MACHINE_ARM64	yes
dlls/winegstreamer/aarch64-windows/winegstreamer.dll	983040	da091cf11b7d2c8c1620add5308ebc3f1c00509d1a6628becf5f4d906f7dee44	pe	0xAA64	IMAGE_FILE_MACHINE_ARM64	yes
dlls/winehid.sys/aarch64-windows/winehid.sys	524288	3966cee147d4aeabae7317492fc8580f9f288ca0d0dc8cc7222ecd725fa3f4f3	pe	0xAA64	IMAGE_FILE_MACHINE_ARM64	yes
dlls/winemac.drv/aarch64-windows/winemac.drv	524288	1f400372335850ad8a1f4b8e459d4b7e636662701e05e3eb6176a5ed330eedbb	pe	0xAA64	IMAGE_FILE_MACHINE_ARM64	yes
dlls/winemapi/aarch64-windows/winemapi.dll	458752	93c95446a9ec43e44c526e83dbb8f54e1ea78a053be894edeecb1ba597b8c27c	pe	0xAA64	IMAGE_FILE_MACHINE_ARM64	yes
dlls/wineps.drv/aarch64-windows/wineps.drv	1114112	f2ce1fb2dc5b8f67ee02b8628837b91c14a25c288ccb3ea35b49b4f1b0caa192	pe	0xAA64	IMAGE_FILE_MACHINE_ARM64	yes
dlls/winevulkan/aarch64-windows/winevulkan.dll	786432	343ae4d58a65728282b384da082aec20245a35c376719da8ef55fa90a8327c13	pe	0xAA64	IMAGE_FILE_MACHINE_ARM64	yes
dlls/winexinput.sys/aarch64-windows/winexinput.sys	524288	5db23dc51e2d69f472eb632c46520d1ba320267399af06795909d7b2c40c41f0	pe	0xAA64	IMAGE_FILE_MACHINE_ARM64	yes
dlls/wing32/aarch64-windows/wing32.dll	458752	5949165e28d2e76e1375ba870b3ad44d4481eb5d3934c1384ac3e8ec13cecb06	pe	0xAA64	IMAGE_FILE_MACHINE_ARM64	yes
dlls/wing32/tests/aarch64-windows/wing32_test-stripped.exe	458752	e617a2a4f475385d769f4d331864135ebc6d3b94635dd0ccc62e1bc4530fc30d	pe	0xAA64	IMAGE_FILE_MACHINE_ARM64	no
dlls/wing32/tests/aarch64-windows/wing32_test.exe	458752	e617a2a4f475385d769f4d331864135ebc6d3b94635dd0ccc62e1bc4530fc30d	pe	0xAA64	IMAGE_FILE_MACHINE_ARM64	no
dlls/winhttp/aarch64-windows/winhttp.dll	851968	774f48e3c3fbb8aafa3bc1d8ef09d2d56a244e3261c07e55561536dfca31e0e4	pe	0xAA64	IMAGE_FILE_MACHINE_ARM64	yes
dlls/winhttp/tests/aarch64-windows/winhttp_test-stripped.exe	851968	e1f89c121aa08462b37b61c5d88e9b2f1a02be1c8b6e000e6ea6528be31d71d8	pe	0xAA64	IMAGE_FILE_MACHINE_ARM64	no
dlls/winhttp/tests/aarch64-windows/winhttp_test.exe	851968	e1f89c121aa08462b37b61c5d88e9b2f1a02be1c8b6e000e6ea6528be31d71d8	pe	0xAA64	IMAGE_FILE_MACHINE_ARM64	no
dlls/wininet/aarch64-windows/wininet.dll	1048576	426c4186726a82680be57bdabaae98650acd2dca4b50602a2c5fee4bee4ce885	pe	0xAA64	IMAGE_FILE_MACHINE_ARM64	yes
dlls/wininet/tests/aarch64-windows/wininet_test-stripped.exe	1179648	26c7927b90021799767f29d023e44f29c17275ac7e9edffce03e51613b3c67de	pe	0xAA64	IMAGE_FILE_MACHINE_ARM64	no
dlls/wininet/tests/aarch64-windows/wininet_test.exe	1179648	26c7927b90021799767f29d023e44f29c17275ac7e9edffce03e51613b3c67de	pe	0xAA64	IMAGE_FILE_MACHINE_ARM64	no
dlls/winmm/aarch64-windows/winmm.dll	1179648	39c50c871363663069bd0b114ee31e8c9f04cde0b8e7c97f90b04176a2c01feb	pe	0xAA64	IMAGE_FILE_MACHINE_ARM64	yes
dlls/winmm/tests/aarch64-windows/winmm_test-stripped.exe	1114112	9378d084ed4538ad490cc087429fe40876723d0029208d03edeb4012ac4062b3	pe	0xAA64	IMAGE_FILE_MACHINE_ARM64	no
dlls/winmm/tests/aarch64-windows/winmm_test.exe	1114112	9378d084ed4538ad490cc087429fe40876723d0029208d03edeb4012ac4062b3	pe	0xAA64	IMAGE_FILE_MACHINE_ARM64	no
dlls/winnls32/aarch64-windows/winnls32.dll	458752	6410cb368ad028f52952336f001ae062c8de604333a6277d90d27cdf7a06d804	pe	0xAA64	IMAGE_FILE_MACHINE_ARM64	yes
dlls/winprint/aarch64-windows/winprint.dll	458752	dc248e4458de373f57b8aff140bf95ad90f3829ae23644a34be93e1783481fff	pe	0xAA64	IMAGE_FILE_MACHINE_ARM64	yes
dlls/winscard/aarch64-windows/winscard.dll	524288	2b7ee3ea532faa44d31001a0f9878c4944941758dc2a8ea1be5776fac263fae9	pe	0xAA64	IMAGE_FILE_MACHINE_ARM64	yes
dlls/winscard/tests/aarch64-windows/winscard_test-stripped.exe	458752	a0af1a557aa0bb574a4c8050d48f366aa5b96c04cbc1ccade14ec5536e9c7344	pe	0xAA64	IMAGE_FILE_MACHINE_ARM64	no
dlls/winscard/tests/aarch64-windows/winscard_test.exe	458752	a0af1a557aa0bb574a4c8050d48f366aa5b96c04cbc1ccade14ec5536e9c7344	pe	0xAA64	IMAGE_FILE_MACHINE_ARM64	no
dlls/winspool.drv/aarch64-windows/winspool.drv	589824	da04d7cd913b59c9d178b637ea80b396fd0a67bf9a4325e009e33de9abf7c1e2	pe	0xAA64	IMAGE_FILE_MACHINE_ARM64	yes
dlls/winspool.drv/tests/aarch64-windows/winspool.drv_test-stripped.exe	524288	d460c1ad35dfa069aee84fd90f09e37691f6a6606558ac996c61222200a47099	pe	0xAA64	IMAGE_FILE_MACHINE_ARM64	no
dlls/winspool.drv/tests/aarch64-windows/winspool.drv_test.exe	524288	d460c1ad35dfa069aee84fd90f09e37691f6a6606558ac996c61222200a47099	pe	0xAA64	IMAGE_FILE_MACHINE_ARM64	no
dlls/winsqlite3/aarch64-windows/winsqlite3.dll	1835008	825865c725ab1a00f6a1277086b363a63f506d75d655db0bede36302209f0e02	pe	0xAA64	IMAGE_FILE_MACHINE_ARM64	yes
dlls/winsqlite3/tests/aarch64-windows/winsqlite3_test-stripped.exe	458752	885ade2925f1acc7a0f77b3bd5e294652961ced493aa06e2671998f5e30cb50f	pe	0xAA64	IMAGE_FILE_MACHINE_ARM64	no
dlls/winsqlite3/tests/aarch64-windows/winsqlite3_test.exe	458752	885ade2925f1acc7a0f77b3bd5e294652961ced493aa06e2671998f5e30cb50f	pe	0xAA64	IMAGE_FILE_MACHINE_ARM64	no
dlls/winsta/aarch64-windows/winsta.dll	458752	9e8799620f348cc92487bf66d793222bf2c1945e14323b365538ddbb722e3341	pe	0xAA64	IMAGE_FILE_MACHINE_ARM64	yes
dlls/wintab32/aarch64-windows/wintab32.dll	458752	b0996341fba857080fc470a76d91c38f0814d04b4a6f06dd75c7edf098f9d092	pe	0xAA64	IMAGE_FILE_MACHINE_ARM64	yes
dlls/wintab32/tests/aarch64-windows/wintab32_test-stripped.exe	458752	c44d3235c29f4aec863c426e8fe2941b409583da292e83aeacd5bc5f45868b8a	pe	0xAA64	IMAGE_FILE_MACHINE_ARM64	no
dlls/wintab32/tests/aarch64-windows/wintab32_test.exe	458752	c44d3235c29f4aec863c426e8fe2941b409583da292e83aeacd5bc5f45868b8a	pe	0xAA64	IMAGE_FILE_MACHINE_ARM64	no
dlls/wintrust/aarch64-windows/wintrust.dll	589824	ac6ca5396cea5494d3f19b780ecaf8d945577996260f8d9c91f2b00666bd7795	pe	0xAA64	IMAGE_FILE_MACHINE_ARM64	yes
dlls/wintrust/tests/aarch64-windows/wintrust_test-stripped.exe	589824	2fd9587a439356314dc591a974c0fcf86b4c24c06b893c116899cd0d56fd7f02	pe	0xAA64	IMAGE_FILE_MACHINE_ARM64	no
dlls/wintrust/tests/aarch64-windows/wintrust_test.exe	589824	2fd9587a439356314dc591a974c0fcf86b4c24c06b893c116899cd0d56fd7f02	pe	0xAA64	IMAGE_FILE_MACHINE_ARM64	no
dlls/wintypes/aarch64-windows/wintypes.dll	589824	bc49e626738b638c9e77a6967f56dc1c047530ce8ac1272aa51e9498087dc0ee	pe	0xAA64	IMAGE_FILE_MACHINE_ARM64	yes
dlls/wintypes/tests/aarch64-windows/wintypes_test-stripped.exe	786432	c4a2c128d0f0a87c99b4f1c022b2cb7aa7955284b0e8c93407b9f3d39b4fb70c	pe	0xAA64	IMAGE_FILE_MACHINE_ARM64	no
dlls/wintypes/tests/aarch64-windows/wintypes_test.exe	786432	c4a2c128d0f0a87c99b4f1c022b2cb7aa7955284b0e8c93407b9f3d39b4fb70c	pe	0xAA64	IMAGE_FILE_MACHINE_ARM64	no
dlls/winusb/aarch64-windows/winusb.dll	458752	4dd34f8d7e7fd217263aaa9918374e691685a76b5caa387e860b46911b721fbe	pe	0xAA64	IMAGE_FILE_MACHINE_ARM64	yes
dlls/wkscli/aarch64-windows/wkscli.dll	458752	c817cf37af4201682eb0c2a588bb257819dc4692a12417bd4dbb45936f84e6c0	pe	0xAA64	IMAGE_FILE_MACHINE_ARM64	yes
dlls/wlanapi/aarch64-windows/wlanapi.dll	458752	39e2690beaba427d0f556e18bce40758e187d1bb50fbb9cce6b30a3370e5b41b	pe	0xAA64	IMAGE_FILE_MACHINE_ARM64	yes
dlls/wlanapi/tests/aarch64-windows/wlanapi_test-stripped.exe	458752	91083546361595a84bcbe218dc2a099edb0651bdd3675221cf26e5b4158b7438	pe	0xAA64	IMAGE_FILE_MACHINE_ARM64	no
dlls/wlanapi/tests/aarch64-windows/wlanapi_test.exe	458752	91083546361595a84bcbe218dc2a099edb0651bdd3675221cf26e5b4158b7438	pe	0xAA64	IMAGE_FILE_MACHINE_ARM64	no
dlls/wlanui/aarch64-windows/wlanui.dll	458752	67bf7ff6493c27d6567e6865374ff057b730500bc0c51799a26ee53f40ab83ec	pe	0xAA64	IMAGE_FILE_MACHINE_ARM64	yes
dlls/wldap32/aarch64-windows/wldap32.dll	917504	7014795a61d4b259c71df435ff5ca7fd99b2bf17c52af2201b3c727e9798463b	pe	0xAA64	IMAGE_FILE_MACHINE_ARM64	yes
dlls/wldap32/tests/aarch64-windows/wldap32_test-stripped.exe	458752	bcc9a3c665727b7680da6e3b75e72c6dd653f7c5509aba977d347d14b6232d18	pe	0xAA64	IMAGE_FILE_MACHINE_ARM64	no
dlls/wldap32/tests/aarch64-windows/wldap32_test.exe	458752	bcc9a3c665727b7680da6e3b75e72c6dd653f7c5509aba977d347d14b6232d18	pe	0xAA64	IMAGE_FILE_MACHINE_ARM64	no
dlls/wldp/aarch64-windows/wldp.dll	458752	b0edfefe52a3cbdd5750b8b2fd2051520db7e8ab25406cb15d5ae290724c937f	pe	0xAA64	IMAGE_FILE_MACHINE_ARM64	yes
dlls/wldp/tests/aarch64-windows/wldp_test-stripped.exe	458752	e0f672e12dde27eebf7b8e22ef225fa2ec6cd56bc6e29fb7e4ddfcfed2a924d9	pe	0xAA64	IMAGE_FILE_MACHINE_ARM64	no
dlls/wldp/tests/aarch64-windows/wldp_test.exe	458752	e0f672e12dde27eebf7b8e22ef225fa2ec6cd56bc6e29fb7e4ddfcfed2a924d9	pe	0xAA64	IMAGE_FILE_MACHINE_ARM64	no
dlls/wmadmod/aarch64-windows/wmadmod.dll	720896	d6727c0f18130e918204dad364d626b1d9f5343d10d54acb0f1d45e8bfdad735	pe	0xAA64	IMAGE_FILE_MACHINE_ARM64	yes
dlls/wmasf/aarch64-windows/wmasf.dll	458752	d9269e9a8629ae3b36ec1bd44f90ea1a7ac57f17e0751203214cbbc2b8069a5e	pe	0xAA64	IMAGE_FILE_MACHINE_ARM64	yes
dlls/wmi/aarch64-windows/wmi.dll	131072	b6978a58aa41a89f99c0e35fe5bbe41123573cfbdd45e9fd1712fb475447cf3b	pe-data	0xAA64	IMAGE_FILE_MACHINE_ARM64	yes
dlls/wmilib.sys/aarch64-windows/wmilib.sys	458752	acfc2e8757d1a32d8478e55a9d0fe6aae4c115c1ebacb07bd52fb95b10dc5723	pe	0xAA64	IMAGE_FILE_MACHINE_ARM64	yes
dlls/wminet_utils/aarch64-windows/wminet_utils.dll	458752	57a84d99a910543c6210fd5c8369ed831651c4378afac272739aea786d85f4fb	pe	0xAA64	IMAGE_FILE_MACHINE_ARM64	yes
dlls/wmiutils/aarch64-windows/wmiutils.dll	524288	ef2a1798281db3cb34f85b6d7e8893736c6a6cd0e6d8448cb90109edaab6d926	pe	0xAA64	IMAGE_FILE_MACHINE_ARM64	yes
dlls/wmiutils/tests/aarch64-windows/wmiutils_test-stripped.exe	524288	d9ea0a557e18a70d8def17fcd77a20fd7e90fadb485525cd4ad47901ebdd7fe1	pe	0xAA64	IMAGE_FILE_MACHINE_ARM64	no
dlls/wmiutils/tests/aarch64-windows/wmiutils_test.exe	524288	d9ea0a557e18a70d8def17fcd77a20fd7e90fadb485525cd4ad47901ebdd7fe1	pe	0xAA64	IMAGE_FILE_MACHINE_ARM64	no
dlls/wmp/aarch64-windows/wmp.dll	589824	afb20c50d13dc5bcf4e5f514ff76037ada0d643f9015e0cf7abd53d5c51083f3	pe	0xAA64	IMAGE_FILE_MACHINE_ARM64	yes
dlls/wmp/tests/aarch64-windows/wmp_test-stripped.exe	589824	08996c372f66165ddb9ed2976a07343af26ad7ee27d8af8a0b7dcb515aaa1128	pe	0xAA64	IMAGE_FILE_MACHINE_ARM64	no
dlls/wmp/tests/aarch64-windows/wmp_test.exe	589824	08996c372f66165ddb9ed2976a07343af26ad7ee27d8af8a0b7dcb515aaa1128	pe	0xAA64	IMAGE_FILE_MACHINE_ARM64	no
dlls/wmphoto/aarch64-windows/wmphoto.dll	917504	f541d1a75a84aaa7a193921779e3fdb9ad68a4236fa10f504afe7246bae91e43	pe	0xAA64	IMAGE_FILE_MACHINE_ARM64	yes
dlls/wmvcore/aarch64-windows/wmvcore.dll	589824	bd333ac37cf89b72a984b5cf04e37e17d19399a6bce63c858990ff98a460d982	pe	0xAA64	IMAGE_FILE_MACHINE_ARM64	yes
dlls/wmvcore/tests/aarch64-windows/wmvcore_test-stripped.exe	983040	e8d0ad552f7a754a01c98e39e4499891651324a18a1eaf465ba05ff1f20002c8	pe	0xAA64	IMAGE_FILE_MACHINE_ARM64	no
dlls/wmvcore/tests/aarch64-windows/wmvcore_test.exe	983040	e8d0ad552f7a754a01c98e39e4499891651324a18a1eaf465ba05ff1f20002c8	pe	0xAA64	IMAGE_FILE_MACHINE_ARM64	no
dlls/wmvdecod/aarch64-windows/wmvdecod.dll	720896	48366c7185b13353d3c6c73171ef6856c9758760b274bb2e4a0c6a01b9ba5623	pe	0xAA64	IMAGE_FILE_MACHINE_ARM64	yes
dlls/wnaspi32/aarch64-windows/wnaspi32.dll	458752	cdc82f4340575e350cba752c55758ed7a96a309125ca274570b1ea54720f315b	pe	0xAA64	IMAGE_FILE_MACHINE_ARM64	yes
dlls/wofutil/aarch64-windows/wofutil.dll	458752	76237e092fcbf49c43c370d6c34354fb7ac31b71142ed04a332a7acd7cbf5aa5	pe	0xAA64	IMAGE_FILE_MACHINE_ARM64	yes
dlls/wow64/aarch64-windows/wow64.dll	524288	1c29afc3f0ff18f9c5956407dc6eb46d8a94da3840b9a4959ff5fbb405b52cc1	pe	0xAA64	IMAGE_FILE_MACHINE_ARM64	yes
dlls/wow64win/aarch64-windows/wow64win.dll	917504	20e06118111fa810861acfafcca0e4a264d133add675e3fe3c3439c948ff2b83	pe	0xAA64	IMAGE_FILE_MACHINE_ARM64	yes
dlls/wpc/aarch64-windows/wpc.dll	524288	30f4113498f131443ce717ac46106f92fc5eb044a4ed2d46f843b331a337bf0b	pe	0xAA64	IMAGE_FILE_MACHINE_ARM64	yes
dlls/wpc/tests/aarch64-windows/wpc_test-stripped.exe	458752	369cd091302e11136971e9fe4e4a4b6cf198957200f651c35535d1bfc6d0051d	pe	0xAA64	IMAGE_FILE_MACHINE_ARM64	no
dlls/wpc/tests/aarch64-windows/wpc_test.exe	458752	369cd091302e11136971e9fe4e4a4b6cf198957200f651c35535d1bfc6d0051d	pe	0xAA64	IMAGE_FILE_MACHINE_ARM64	no
dlls/wpcap/aarch64-windows/wpcap.dll	524288	c2dcc4239a1c05b181162aaab89b0d9d30b27abefac8c266031392a2ef79924e	pe	0xAA64	IMAGE_FILE_MACHINE_ARM64	yes
dlls/wpcap/tests/aarch64-windows/wpcap_test-stripped.exe	458752	893ef84c92169e0143db7f5f7d289df7738138110354914273dedb0884c71d4c	pe	0xAA64	IMAGE_FILE_MACHINE_ARM64	no
dlls/wpcap/tests/aarch64-windows/wpcap_test.exe	458752	893ef84c92169e0143db7f5f7d289df7738138110354914273dedb0884c71d4c	pe	0xAA64	IMAGE_FILE_MACHINE_ARM64	no
dlls/ws2_32/aarch64-windows/ws2_32.dll	589824	5e72ad97ff013b2697fce438c2a3af1f1783ddc94386c9c4f8083600d4ca3cbe	pe	0xAA64	IMAGE_FILE_MACHINE_ARM64	yes
dlls/ws2_32/tests/aarch64-windows/ws2_32_test-stripped.exe	1376256	80cf75f795fd641f6e5c9977a82c9abec241c00560e17e1b5d0237b0669f53d7	pe	0xAA64	IMAGE_FILE_MACHINE_ARM64	no
dlls/ws2_32/tests/aarch64-windows/ws2_32_test.exe	1376256	80cf75f795fd641f6e5c9977a82c9abec241c00560e17e1b5d0237b0669f53d7	pe	0xAA64	IMAGE_FILE_MACHINE_ARM64	no
dlls/wsdapi/aarch64-windows/wsdapi.dll	458752	0faa7c530dbc3e39380e01de23a1d8b163862882d232b7d49aaff9bce92a34b6	pe	0xAA64	IMAGE_FILE_MACHINE_ARM64	yes
dlls/wsdapi/tests/aarch64-windows/wsdapi_test-stripped.exe	524288	797698e1f2c3d1e6da9b911d29f125908a6ff760e437791ae37f47631cc4a743	pe	0xAA64	IMAGE_FILE_MACHINE_ARM64	no
dlls/wsdapi/tests/aarch64-windows/wsdapi_test.exe	524288	797698e1f2c3d1e6da9b911d29f125908a6ff760e437791ae37f47631cc4a743	pe	0xAA64	IMAGE_FILE_MACHINE_ARM64	no
dlls/wshom.ocx/aarch64-windows/wshom.ocx	720896	c9502573c4094d52f79ee86c3dd71fc51295f105c2b96eb878907ca092511118	pe	0xAA64	IMAGE_FILE_MACHINE_ARM64	yes
dlls/wshom.ocx/tests/aarch64-windows/wshom.ocx_test-stripped.exe	458752	b68fc2ca54394eae5529446eb56f98fcdc9f390be50fbaa05b2b1ef3003e2fb9	pe	0xAA64	IMAGE_FILE_MACHINE_ARM64	no
dlls/wshom.ocx/tests/aarch64-windows/wshom.ocx_test.exe	458752	b68fc2ca54394eae5529446eb56f98fcdc9f390be50fbaa05b2b1ef3003e2fb9	pe	0xAA64	IMAGE_FILE_MACHINE_ARM64	no
dlls/wsnmp32/aarch64-windows/wsnmp32.dll	458752	c48adcfae31b63c541a57b4f1cee2c5cf04d50583fddcf1b4c49eb54a3ca4c90	pe	0xAA64	IMAGE_FILE_MACHINE_ARM64	yes
dlls/wsnmp32/tests/aarch64-windows/wsnmp32_test-stripped.exe	458752	922ab133dd10ebe2180344ad7da6e451c3cc560d935eea0b4b81d6ac2f0253c8	pe	0xAA64	IMAGE_FILE_MACHINE_ARM64	no
dlls/wsnmp32/tests/aarch64-windows/wsnmp32_test.exe	458752	922ab133dd10ebe2180344ad7da6e451c3cc560d935eea0b4b81d6ac2f0253c8	pe	0xAA64	IMAGE_FILE_MACHINE_ARM64	no
dlls/wsock32/aarch64-windows/wsock32.dll	524288	f95d62eaff5bf9d23ca25f2659fc50c331ddc7de3b65666952198d6895411c7f	pe	0xAA64	IMAGE_FILE_MACHINE_ARM64	yes
dlls/wtsapi32/aarch64-windows/wtsapi32.dll	458752	d7526b794846a94f2cb9a131e3ade61d59fd837e14d2bfa7c31540ca07052281	pe	0xAA64	IMAGE_FILE_MACHINE_ARM64	yes
dlls/wtsapi32/tests/aarch64-windows/wtsapi32_test-stripped.exe	458752	b3ff2ec580ab9f5c957418217e07a4977bff004e6a5de2d43de0bdb4ec0d7a17	pe	0xAA64	IMAGE_FILE_MACHINE_ARM64	no
dlls/wtsapi32/tests/aarch64-windows/wtsapi32_test.exe	458752	b3ff2ec580ab9f5c957418217e07a4977bff004e6a5de2d43de0bdb4ec0d7a17	pe	0xAA64	IMAGE_FILE_MACHINE_ARM64	no
dlls/wuapi/aarch64-windows/wuapi.dll	655360	bbe85d2acfbffaad58de09deed8a3354337193bc0896d582cabe4ac008082ec5	pe	0xAA64	IMAGE_FILE_MACHINE_ARM64	yes
dlls/wuaueng/aarch64-windows/wuaueng.dll	524288	43fce9db182c0c55e7d013da2a96afd48ae948751bb7c18e9149135f1f8122de	pe	0xAA64	IMAGE_FILE_MACHINE_ARM64	yes
dlls/x3daudio1_0/aarch64-windows/x3daudio1_0.dll	458752	9b16e730bd3cb3c9c63899e55ca03d3f5f199963c52b07639a51f776e21b0f46	pe	0xAA64	IMAGE_FILE_MACHINE_ARM64	yes
dlls/x3daudio1_1/aarch64-windows/x3daudio1_1.dll	458752	c32a29924673c6fa1f31b1f9c67be8733d266ea9bc8c138268a7e3f6e04726f2	pe	0xAA64	IMAGE_FILE_MACHINE_ARM64	yes
dlls/x3daudio1_2/aarch64-windows/x3daudio1_2.dll	458752	36789fd39785fa14a0e43240b7095ae314e525a52930e4ec5b28c53f805045f5	pe	0xAA64	IMAGE_FILE_MACHINE_ARM64	yes
dlls/x3daudio1_3/aarch64-windows/x3daudio1_3.dll	458752	ef8492f30f30490eb96c31c7123fac7489289d252dd63435f7658a08490e0ae3	pe	0xAA64	IMAGE_FILE_MACHINE_ARM64	yes
dlls/x3daudio1_4/aarch64-windows/x3daudio1_4.dll	458752	91678f9263472ca76ec8ef5189f233ffb5bc4d7b9a81d8db27109244a8edd90b	pe	0xAA64	IMAGE_FILE_MACHINE_ARM64	yes
dlls/x3daudio1_5/aarch64-windows/x3daudio1_5.dll	458752	e5d21db4ce9a7176059927f00f737969b6df9ee84a45017bf989d1517b79d224	pe	0xAA64	IMAGE_FILE_MACHINE_ARM64	yes
dlls/x3daudio1_6/aarch64-windows/x3daudio1_6.dll	458752	49bd76e78d84a297b45af4a6989a0fa879c46cd8035c1d59239e5f74754f4cfe	pe	0xAA64	IMAGE_FILE_MACHINE_ARM64	yes
dlls/x3daudio1_7/aarch64-windows/x3daudio1_7.dll	458752	e714a15f326d7c554ad3e48c42420006658ce16938da802489b528b9756eb575	pe	0xAA64	IMAGE_FILE_MACHINE_ARM64	yes
dlls/xactengine2_0/aarch64-windows/xactengine2_0.dll	917504	0aebeb5300f8f900cf1678e76d16c4dea3f85ba06d54dc0512e01c2530b8bc53	pe	0xAA64	IMAGE_FILE_MACHINE_ARM64	yes
dlls/xactengine2_4/aarch64-windows/xactengine2_4.dll	917504	dbcb322bd7f68f25c0458f25ff1bcbf848e9c4bab47b3e174186896a5f28604f	pe	0xAA64	IMAGE_FILE_MACHINE_ARM64	yes
dlls/xactengine2_7/aarch64-windows/xactengine2_7.dll	917504	54ef0649b4f633734e68c1746a0204e5861168ee0e3a68c5e24dc8097b2acc2d	pe	0xAA64	IMAGE_FILE_MACHINE_ARM64	yes
dlls/xactengine2_9/aarch64-windows/xactengine2_9.dll	917504	539793b37bef1d90d768371fc106b663127551f9758f92d7e370b63a93eacac4	pe	0xAA64	IMAGE_FILE_MACHINE_ARM64	yes
dlls/xactengine3_0/aarch64-windows/xactengine3_0.dll	917504	cb5f8942c8965facd9a84561aceb7729703090be280f8a7145737586a9d68503	pe	0xAA64	IMAGE_FILE_MACHINE_ARM64	yes
dlls/xactengine3_1/aarch64-windows/xactengine3_1.dll	917504	17afe6223821a418b52f5a3a35901860d9cb9201c80475646b3f9b70f543cb11	pe	0xAA64	IMAGE_FILE_MACHINE_ARM64	yes
dlls/xactengine3_2/aarch64-windows/xactengine3_2.dll	917504	bab85705be2c29c76c4dc7594b8ab2280b87c733ae6387cfc931a95d743a6c59	pe	0xAA64	IMAGE_FILE_MACHINE_ARM64	yes
dlls/xactengine3_3/aarch64-windows/xactengine3_3.dll	917504	e4cdcbb3a86cc3af9d19bbc525dc4cb70151ffdf54f943ceefb5fcb7043104c5	pe	0xAA64	IMAGE_FILE_MACHINE_ARM64	yes
dlls/xactengine3_4/aarch64-windows/xactengine3_4.dll	917504	3b8e6a247f1fd449efc6c72b2e621c3c7378d37deadfd8daabb285431c47d527	pe	0xAA64	IMAGE_FILE_MACHINE_ARM64	yes
dlls/xactengine3_5/aarch64-windows/xactengine3_5.dll	917504	51aca5066630641211d5e8ecce6192f33d5d731eda547a5e15fa258c68a3af20	pe	0xAA64	IMAGE_FILE_MACHINE_ARM64	yes
dlls/xactengine3_6/aarch64-windows/xactengine3_6.dll	917504	0b83af8c48b3d19be8a8a1cb4ee780743253522a9e736bf871380e79707317e9	pe	0xAA64	IMAGE_FILE_MACHINE_ARM64	yes
dlls/xactengine3_7/aarch64-windows/xactengine3_7.dll	917504	36541af41dee3cc22887cde18d63e76125511fbbf96449507bcad937e0067acc	pe	0xAA64	IMAGE_FILE_MACHINE_ARM64	yes
dlls/xactengine3_7/tests/aarch64-windows/xactengine3_7_test-stripped.exe	589824	3f57edf17cb89559e9b1d16d25591fa0d43a2fa501622d026dab06fa76316812	pe	0xAA64	IMAGE_FILE_MACHINE_ARM64	no
dlls/xactengine3_7/tests/aarch64-windows/xactengine3_7_test.exe	589824	3f57edf17cb89559e9b1d16d25591fa0d43a2fa501622d026dab06fa76316812	pe	0xAA64	IMAGE_FILE_MACHINE_ARM64	no
dlls/xapofx1_1/aarch64-windows/xapofx1_1.dll	524288	057b556ff7a84fc814effb8629b586565728523097df5a2a11f2fb20dc0588e7	pe	0xAA64	IMAGE_FILE_MACHINE_ARM64	yes
dlls/xapofx1_2/aarch64-windows/xapofx1_2.dll	458752	1a7d9b0ef6cb4ff14d441effc9d18a6c78444da7ecd0a4fc6cc37a697567f1a3	pe	0xAA64	IMAGE_FILE_MACHINE_ARM64	yes
dlls/xapofx1_3/aarch64-windows/xapofx1_3.dll	524288	a3692ee65dbab4dcf81123e349092f1af99989d51a62c85547215c892198df1e	pe	0xAA64	IMAGE_FILE_MACHINE_ARM64	yes
dlls/xapofx1_4/aarch64-windows/xapofx1_4.dll	458752	f61844ebffaf4764994e51a926c721dc9d02d6125d599adcda24e7255c2a2f50	pe	0xAA64	IMAGE_FILE_MACHINE_ARM64	yes
dlls/xapofx1_5/aarch64-windows/xapofx1_5.dll	458752	0be85a2a4f054eab2c8cead1421c2ecae02918b3538086884e04c6f39479168c	pe	0xAA64	IMAGE_FILE_MACHINE_ARM64	yes
dlls/xaudio2_0/aarch64-windows/xaudio2_0.dll	851968	883c1babc4f3cdade467d465fd833dfe821ba629a8a112fc1bfac0084fda305a	pe	0xAA64	IMAGE_FILE_MACHINE_ARM64	yes
dlls/xaudio2_1/aarch64-windows/xaudio2_1.dll	851968	1b53f858373773210982a7a9d415f3d91e9421892e9e3514c9d6d09a6b21130d	pe	0xAA64	IMAGE_FILE_MACHINE_ARM64	yes
dlls/xaudio2_2/aarch64-windows/xaudio2_2.dll	851968	5b68fd998143138b096ca62f5d20cc7104911049b0258e40651debf502556ece	pe	0xAA64	IMAGE_FILE_MACHINE_ARM64	yes
dlls/xaudio2_3/aarch64-windows/xaudio2_3.dll	851968	ddde02c247bf2552c874f421fe88ec37febf13b954d47a92283437896ad38163	pe	0xAA64	IMAGE_FILE_MACHINE_ARM64	yes
dlls/xaudio2_4/aarch64-windows/xaudio2_4.dll	851968	abf94ee7af66936d28812557029f1478ae1b2d12a46e6c6f35963f40e11b4575	pe	0xAA64	IMAGE_FILE_MACHINE_ARM64	yes
dlls/xaudio2_5/aarch64-windows/xaudio2_5.dll	851968	8233764aad63d7f1b5c4b84e89fc6fe4594318d4eb6c5c4869821fbec0f756c3	pe	0xAA64	IMAGE_FILE_MACHINE_ARM64	yes
dlls/xaudio2_6/aarch64-windows/xaudio2_6.dll	851968	2b8d03c30b6f6a7dbdf06a43ff70369ac083ef8e30adb55815a3be319a968889	pe	0xAA64	IMAGE_FILE_MACHINE_ARM64	yes
dlls/xaudio2_7/aarch64-windows/xaudio2_7.dll	851968	98f2be30fe29dd993cccf87274fb349c44cc3b7b21f23730dfe80f23a01fde89	pe	0xAA64	IMAGE_FILE_MACHINE_ARM64	yes
dlls/xaudio2_7/tests/aarch64-windows/xaudio2_7_test-stripped.exe	458752	75c49d9479deb458220993218dc9333213c86a2b67c4b0fa6bae8beec61d07a9	pe	0xAA64	IMAGE_FILE_MACHINE_ARM64	no
dlls/xaudio2_7/tests/aarch64-windows/xaudio2_7_test.exe	458752	75c49d9479deb458220993218dc9333213c86a2b67c4b0fa6bae8beec61d07a9	pe	0xAA64	IMAGE_FILE_MACHINE_ARM64	no
dlls/xaudio2_8/aarch64-windows/xaudio2_8.dll	786432	fc44a96c8e498a90c30996c77cf9ca5a6753674255848391efd30706a835fd33	pe	0xAA64	IMAGE_FILE_MACHINE_ARM64	yes
dlls/xaudio2_8/tests/aarch64-windows/xaudio2_8_test-stripped.exe	458752	88eed0fedbdb05ee666dfc68a7b0f0842b450048ebd79b0ad1aa300995f7e963	pe	0xAA64	IMAGE_FILE_MACHINE_ARM64	no
dlls/xaudio2_8/tests/aarch64-windows/xaudio2_8_test.exe	458752	88eed0fedbdb05ee666dfc68a7b0f0842b450048ebd79b0ad1aa300995f7e963	pe	0xAA64	IMAGE_FILE_MACHINE_ARM64	no
dlls/xaudio2_9/aarch64-windows/xaudio2_9.dll	851968	eae8f903f1245f232cf40497a30779d9c00aa51b3b5d2c4a0c0500615c83c5ee	pe	0xAA64	IMAGE_FILE_MACHINE_ARM64	yes
dlls/xinput1_1/aarch64-windows/xinput1_1.dll	524288	174187784d4bc8a497db80c4ac60e5440705e3e87cd46a3a011ee64c505f0f80	pe	0xAA64	IMAGE_FILE_MACHINE_ARM64	yes
dlls/xinput1_2/aarch64-windows/xinput1_2.dll	524288	71cf9777ce0a14c4b8cd5f62669342ecf969dbbf594115bc61dd7dbcdd900da5	pe	0xAA64	IMAGE_FILE_MACHINE_ARM64	yes
dlls/xinput1_3/aarch64-windows/xinput1_3.dll	524288	fa633e2e79e79c8ac1ae58267ec328bd1d5ec80cbbf31dc956667283e232bcac	pe	0xAA64	IMAGE_FILE_MACHINE_ARM64	yes
dlls/xinput1_3/tests/aarch64-windows/xinput1_3_test-stripped.exe	458752	467149ecd8ec25690c4515ebb18b1ea371aba212e64f2a35b98dc43fd8dd614b	pe	0xAA64	IMAGE_FILE_MACHINE_ARM64	no
dlls/xinput1_3/tests/aarch64-windows/xinput1_3_test.exe	458752	467149ecd8ec25690c4515ebb18b1ea371aba212e64f2a35b98dc43fd8dd614b	pe	0xAA64	IMAGE_FILE_MACHINE_ARM64	no
dlls/xinput1_4/aarch64-windows/xinput1_4.dll	524288	672d23150c6557d6db453be7af23813cab03fc2e47625d10a57fd968aa8921a4	pe	0xAA64	IMAGE_FILE_MACHINE_ARM64	yes
dlls/xinput9_1_0/aarch64-windows/xinput9_1_0.dll	524288	0faae14fc318310399b105c0798e57377266fba7a5c8d03638867c87767b29f7	pe	0xAA64	IMAGE_FILE_MACHINE_ARM64	yes
dlls/xinputuap/aarch64-windows/xinputuap.dll	524288	1393e284686aa0fd3ca385011c0baf0ac865b40f0b788aa60a6fbd3cddf53f01	pe	0xAA64	IMAGE_FILE_MACHINE_ARM64	yes
dlls/xmllite/aarch64-windows/xmllite.dll	524288	dd3c4c3c6836206f8de15dd57a89a04c0cf37c27c30024b236bcd4ad87dc4424	pe	0xAA64	IMAGE_FILE_MACHINE_ARM64	yes
dlls/xmllite/tests/aarch64-windows/xmllite_test-stripped.exe	655360	0e23bb927573b987ab3b1178bff40e48b2369914e9a2ad6a6eadc7c7f3317228	pe	0xAA64	IMAGE_FILE_MACHINE_ARM64	no
dlls/xmllite/tests/aarch64-windows/xmllite_test.exe	655360	0e23bb927573b987ab3b1178bff40e48b2369914e9a2ad6a6eadc7c7f3317228	pe	0xAA64	IMAGE_FILE_MACHINE_ARM64	no
dlls/xolehlp/aarch64-windows/xolehlp.dll	524288	46222e6e19b8fd0dba69ef2a3373305ee1c6956b502a87b233051a680660d173	pe	0xAA64	IMAGE_FILE_MACHINE_ARM64	yes
dlls/xpsprint/aarch64-windows/xpsprint.dll	524288	4374e9dbd1c65873276af9f560a2bf339ef79121edb900c167beed1b0286a6ff	pe	0xAA64	IMAGE_FILE_MACHINE_ARM64	yes
dlls/xpssvcs/aarch64-windows/xpssvcs.dll	458752	c855368e545345bf23051e0eaa6abaae357439d3a5663599ddd8c58bc3496830	pe	0xAA64	IMAGE_FILE_MACHINE_ARM64	yes
programs/arp/aarch64-windows/arp.exe	458752	0228e95703178e61f63b4e96d5209dcdc72fe036cf7b825d0256df62cd41d27c	pe	0xAA64	IMAGE_FILE_MACHINE_ARM64	yes
programs/aspnet_regiis/aarch64-windows/aspnet_regiis.exe	458752	1826d047d58a52a84eba0ae001081db67ed0c64efca34986cf6bad75a16dd483	pe	0xAA64	IMAGE_FILE_MACHINE_ARM64	yes
programs/attrib/aarch64-windows/attrib.exe	524288	6650db1c953c28f5d904e9e122ab91ed25f58707c6dcb2c36949aea8ef0bdda3	pe	0xAA64	IMAGE_FILE_MACHINE_ARM64	yes
programs/cabarc/aarch64-windows/cabarc.exe	458752	aa2a5dbc92765e8196ac23ce91c88d6d9cbc272bf6e8bcf8d46fc435ec4f7f9c	pe	0xAA64	IMAGE_FILE_MACHINE_ARM64	yes
programs/cacls/aarch64-windows/cacls.exe	458752	538daec9d76827aa1db6f8545d0aeaa173b7f24851339d929a88cfcdea6bc886	pe	0xAA64	IMAGE_FILE_MACHINE_ARM64	yes
programs/certutil/aarch64-windows/certutil.exe	458752	a044684700d5f23b112931680e3a0bb2b976a8d299cc46ed3f08333adbca7402	pe	0xAA64	IMAGE_FILE_MACHINE_ARM64	yes
programs/chcp.com/aarch64-windows/chcp.com	524288	56d41cba4af4c462b3cd074ac1b7453ade2a742a790e3c31d3d43c434113cb83	pe	0xAA64	IMAGE_FILE_MACHINE_ARM64	yes
programs/clock/aarch64-windows/clock.exe	393216	476477d6d109db8f43bb955d015906c5f4a4eebedfce64b157a42387031f1250	pe	0xAA64	IMAGE_FILE_MACHINE_ARM64	yes
programs/cmd/aarch64-windows/cmd.exe	1376256	5ccbbe7b85a98868802e117d5646d2e3d74751f6c80e59b1081479ae0e73e141	pe	0xAA64	IMAGE_FILE_MACHINE_ARM64	yes
programs/cmd/tests/aarch64-windows/cmd.exe_test-stripped.exe	720896	488825a2a7f2fae8f18cfe984b03f73ea77715d3dda87d953cc3e192919f5697	pe	0xAA64	IMAGE_FILE_MACHINE_ARM64	no
programs/cmd/tests/aarch64-windows/cmd.exe_test.exe	720896	488825a2a7f2fae8f18cfe984b03f73ea77715d3dda87d953cc3e192919f5697	pe	0xAA64	IMAGE_FILE_MACHINE_ARM64	no
programs/conhost/aarch64-windows/conhost.exe	655360	6c08960b84f662adbba695b5bd1fdef74f2e5f6ab3d885ae425a89d59b46ad94	pe	0xAA64	IMAGE_FILE_MACHINE_ARM64	yes
programs/conhost/tests/aarch64-windows/conhost.exe_test-stripped.exe	458752	78da1a936ca72bfa01577a080d605b235bb21737023812bd3387e602374b1410	pe	0xAA64	IMAGE_FILE_MACHINE_ARM64	no
programs/conhost/tests/aarch64-windows/conhost.exe_test.exe	458752	78da1a936ca72bfa01577a080d605b235bb21737023812bd3387e602374b1410	pe	0xAA64	IMAGE_FILE_MACHINE_ARM64	no
programs/control/aarch64-windows/control.exe	393216	f04042a3f7dde903366e683c2bc03fb0ac5010ead2bf000ca46e95163112a61e	pe	0xAA64	IMAGE_FILE_MACHINE_ARM64	yes
programs/cscript/aarch64-windows/cscript.exe	655360	d01f8dd36bdaacaee91ebb2876a2c2800fc20140d19aee6c6986cf6c7c26644f	pe	0xAA64	IMAGE_FILE_MACHINE_ARM64	yes
programs/dism/aarch64-windows/dism.exe	524288	8dbdf6c8e2a045c72fc3bb639345c89f1477a7627d711a2c5b2bc1317415739c	pe	0xAA64	IMAGE_FILE_MACHINE_ARM64	yes
programs/dllhost/aarch64-windows/dllhost.exe	524288	2ff4595522d7946d3418cffbef7d314ad8fdf33d30120f43cf03780b9e3acdb2	pe	0xAA64	IMAGE_FILE_MACHINE_ARM64	yes
programs/dplaysvr/aarch64-windows/dplaysvr.exe	524288	d33a57e3b2ba6bd1a76e0f7b0b01fe9480b5a4f2f8574df5b4e994568892fa55	pe	0xAA64	IMAGE_FILE_MACHINE_ARM64	yes
programs/dpvsetup/aarch64-windows/dpvsetup.exe	524288	3a97cabe9703b62a9babe0384b603804eeea3c0a42e448f0d9e152e6640a3e64	pe	0xAA64	IMAGE_FILE_MACHINE_ARM64	yes
programs/dxdiag/aarch64-windows/dxdiag.exe	524288	e91441c8d7a99b66ed612be643c1579dab14b3af4f7532f537010a542eca0832	pe	0xAA64	IMAGE_FILE_MACHINE_ARM64	yes
programs/eject/aarch64-windows/eject.exe	458752	5cc4e35da2ea6ca8bf9c00a16869255001a2d29f004d2fef3e2b7ccd590e5de0	pe	0xAA64	IMAGE_FILE_MACHINE_ARM64	yes
programs/expand/aarch64-windows/expand.exe	327680	941357010100f69d8e62392f3d7be2419f41b377b09979a5245e62d3518b31bd	pe	0xAA64	IMAGE_FILE_MACHINE_ARM64	yes
programs/explorer/aarch64-windows/explorer.exe	589824	5bc24d6f380c045642aaeb9cdab6a8b1748cbefc7b2eaf8c437e2606f289c68b	pe	0xAA64	IMAGE_FILE_MACHINE_ARM64	yes
programs/explorer/tests/aarch64-windows/explorer.exe_test-stripped.exe	458752	a5dadc0a19e196a7acd44be25d96360edc06b5ee20c13f60882f6fe72c74d722	pe	0xAA64	IMAGE_FILE_MACHINE_ARM64	no
programs/explorer/tests/aarch64-windows/explorer.exe_test.exe	458752	a5dadc0a19e196a7acd44be25d96360edc06b5ee20c13f60882f6fe72c74d722	pe	0xAA64	IMAGE_FILE_MACHINE_ARM64	no
programs/extrac32/aarch64-windows/extrac32.exe	524288	e5212e3a8c7e1218b4817cf0c65b4beb4ee0ef909c313afc83dfd58ca57d6093	pe	0xAA64	IMAGE_FILE_MACHINE_ARM64	yes
programs/fc/aarch64-windows/fc.exe	458752	9ffc230501d42fe15e447ff5ed9f2e2d9b63859e6c90887f9ef7db496dd3723c	pe	0xAA64	IMAGE_FILE_MACHINE_ARM64	yes
programs/fc/tests/aarch64-windows/fc.exe_test-stripped.exe	458752	5b574796d675c35704b2dd1eedcbcf37f6b48babeb48b22d6c4ff4002f4c4258	pe	0xAA64	IMAGE_FILE_MACHINE_ARM64	no
programs/fc/tests/aarch64-windows/fc.exe_test.exe	458752	5b574796d675c35704b2dd1eedcbcf37f6b48babeb48b22d6c4ff4002f4c4258	pe	0xAA64	IMAGE_FILE_MACHINE_ARM64	no
programs/find/aarch64-windows/find.exe	524288	7ac8be50e0544968b6b47f07318634c402f4eac366cb20a6c1bd454dccaa718f	pe	0xAA64	IMAGE_FILE_MACHINE_ARM64	yes
programs/find/tests/aarch64-windows/find.exe_test-stripped.exe	458752	0144ed09a2a64e3de5bdf0526557d6402b88c3daf1aaa830b3611dca9299fbca	pe	0xAA64	IMAGE_FILE_MACHINE_ARM64	no
programs/find/tests/aarch64-windows/find.exe_test.exe	458752	0144ed09a2a64e3de5bdf0526557d6402b88c3daf1aaa830b3611dca9299fbca	pe	0xAA64	IMAGE_FILE_MACHINE_ARM64	no
programs/findstr/aarch64-windows/findstr.exe	524288	4d2f77d3d8b3c7e981a94522aaa8b11af7a2e6aa3375f87cd02a70152c602883	pe	0xAA64	IMAGE_FILE_MACHINE_ARM64	yes
programs/findstr/tests/aarch64-windows/findstr.exe_test-stripped.exe	458752	a165696458cc6fcdeed279ec7af5644cf26b19016e484535473e450d12482ec6	pe	0xAA64	IMAGE_FILE_MACHINE_ARM64	no
programs/findstr/tests/aarch64-windows/findstr.exe_test.exe	458752	a165696458cc6fcdeed279ec7af5644cf26b19016e484535473e450d12482ec6	pe	0xAA64	IMAGE_FILE_MACHINE_ARM64	no
programs/fsutil/aarch64-windows/fsutil.exe	524288	e598af7ac750f33e695fdb7ff9d0bcbdb0a4c326890a475affdbebc356473fe6	pe	0xAA64	IMAGE_FILE_MACHINE_ARM64	yes
programs/fsutil/tests/aarch64-windows/fsutil.exe_test-stripped.exe	458752	a5a447e35da8adbe92dd4d33b4878950b75218ccfefd9e56fa1cf11cd038c9be	pe	0xAA64	IMAGE_FILE_MACHINE_ARM64	no
programs/fsutil/tests/aarch64-windows/fsutil.exe_test.exe	458752	a5a447e35da8adbe92dd4d33b4878950b75218ccfefd9e56fa1cf11cd038c9be	pe	0xAA64	IMAGE_FILE_MACHINE_ARM64	no
programs/hh/aarch64-windows/hh.exe	458752	9e55c72112daad0f058385cf0e5a784937e69b34408551afabd9ca2afd2f4617	pe	0xAA64	IMAGE_FILE_MACHINE_ARM64	yes
programs/hostname/aarch64-windows/hostname.exe	524288	58eb4c1c0e6d9f025a7d0718a3ae8b23de27e5293aeb1fc17fdaa6a27895cf3b	pe	0xAA64	IMAGE_FILE_MACHINE_ARM64	yes
programs/icacls/aarch64-windows/icacls.exe	458752	f22b6b1f003ebe95f926af61ef955f6d731b847aa80d2ef906de6bf099a0a00a	pe	0xAA64	IMAGE_FILE_MACHINE_ARM64	yes
programs/icinfo/aarch64-windows/icinfo.exe	327680	fb170c2d6702e47e2705ba9a987ee3bd5ce6a96312b73125f5f39d121ab8d46b	pe	0xAA64	IMAGE_FILE_MACHINE_ARM64	yes
programs/iexplore/aarch64-windows/iexplore.exe	589824	4dddafd7a2dc21e74e40df661e81e490286a42854df9c2fdf91a998aca8d99f7	pe	0xAA64	IMAGE_FILE_MACHINE_ARM64	yes
programs/ipconfig/aarch64-windows/ipconfig.exe	393216	79da281a49e8f0f2642bf8692ba1ac22881aac41a1c59c0896d33bae251ddf8d	pe	0xAA64	IMAGE_FILE_MACHINE_ARM64	yes
programs/klist/aarch64-windows/klist.exe	524288	4d8c9adcb29be049dbae381ca35214e8abbf5ab026abb588097547c382427aea	pe	0xAA64	IMAGE_FILE_MACHINE_ARM64	yes
programs/lodctr/aarch64-windows/lodctr.exe	327680	b66bcc85f88a15838c720d7fe30ed8e4edc13636202c7372a7e0993d1cd68dcf	pe	0xAA64	IMAGE_FILE_MACHINE_ARM64	yes
programs/lsass/aarch64-windows/lsass.exe	458752	b4b47bb01ffc9427cc093826cbbf9cec5be9ff1533581de15f6740688f68e894	pe	0xAA64	IMAGE_FILE_MACHINE_ARM64	yes
programs/makecab/aarch64-windows/makecab.exe	458752	26c9c1b2dcc91f30dbeae9d34708d870e4b5aac94383de8e6914b844c7a92138	pe	0xAA64	IMAGE_FILE_MACHINE_ARM64	yes
programs/mofcomp/aarch64-windows/mofcomp.exe	458752	2ee2161bd21a002623f300d6ebb2e140af43ced0424c12aacc7b899b7b8f0f77	pe	0xAA64	IMAGE_FILE_MACHINE_ARM64	yes
programs/mshta/aarch64-windows/mshta.exe	458752	8915f0a755e786015e1f365ed868d9a2664c7fb137b2723fd415d2969334209d	pe	0xAA64	IMAGE_FILE_MACHINE_ARM64	yes
programs/msidb/aarch64-windows/msidb.exe	458752	6b5fc6092bc458038c2f973fa2eb4b1a6e8aad7e4a21a28073e0687786d63d40	pe	0xAA64	IMAGE_FILE_MACHINE_ARM64	yes
programs/msiexec/aarch64-windows/msiexec.exe	524288	ec89bfe381eeaeffe14a37ef836a5d5c45f49b01cb4ce09b394522937bfb0100	pe	0xAA64	IMAGE_FILE_MACHINE_ARM64	yes
programs/msinfo32/aarch64-windows/msinfo32.exe	524288	54e6cb106a3eaaf29b7d2c6e53345e64a36cf35365533cd295d042df91d4d882	pe	0xAA64	IMAGE_FILE_MACHINE_ARM64	yes
programs/net/aarch64-windows/net.exe	589824	580b1788c3ed10d1bf5c31fb962e00005ada0d594709aadeaa830367ec45cef6	pe	0xAA64	IMAGE_FILE_MACHINE_ARM64	yes
programs/net/tests/aarch64-windows/net.exe_test-stripped.exe	458752	955c7307007dcbaec8ecbf84ccec7fa9f14b9c8b268595c0e609afc2c95fd967	pe	0xAA64	IMAGE_FILE_MACHINE_ARM64	no
programs/net/tests/aarch64-windows/net.exe_test.exe	458752	955c7307007dcbaec8ecbf84ccec7fa9f14b9c8b268595c0e609afc2c95fd967	pe	0xAA64	IMAGE_FILE_MACHINE_ARM64	no
programs/netsh/aarch64-windows/netsh.exe	458752	8a4f891fe318dd108e9d14fad03c27fa14936f13767eca707f0e230c77ca436b	pe	0xAA64	IMAGE_FILE_MACHINE_ARM64	yes
programs/netstat/aarch64-windows/netstat.exe	524288	36832846d751ee965caecc341c1c6d8784baff463496dd95fad76df9016b46f6	pe	0xAA64	IMAGE_FILE_MACHINE_ARM64	yes
programs/ngen/aarch64-windows/ngen.exe	524288	fd4b039cb27c174128e4ef8d4ee3a57d09770b95f6911e3e4be13c22aa97b891	pe	0xAA64	IMAGE_FILE_MACHINE_ARM64	yes
programs/notepad/aarch64-windows/notepad.exe	655360	056a4dbdc12f1fce5eab8618c9ef6d29c8dec023c0a637332c674019114275d0	pe	0xAA64	IMAGE_FILE_MACHINE_ARM64	yes
programs/odbcad32/aarch64-windows/odbcad32.exe	458752	d47f85eb5b9ee477cbe3ae3ae2a975e52edcf72426164882d087d9b54954a483	pe	0xAA64	IMAGE_FILE_MACHINE_ARM64	yes
programs/oleview/aarch64-windows/oleview.exe	917504	17aee3841da73201039a28743d65a8b50be6bd3ec5adc14eb8cdc214205ad96e	pe	0xAA64	IMAGE_FILE_MACHINE_ARM64	yes
programs/ping/aarch64-windows/ping.exe	458752	ea816933014fd8750aedc6e633a14d4bc58a168efc04b6a7950f86de4bf62eec	pe	0xAA64	IMAGE_FILE_MACHINE_ARM64	yes
programs/plugplay/aarch64-windows/plugplay.exe	458752	550a27d2e43e7d175dc253bd7233fa502f6481d7d470f27307467634c3e864d7	pe	0xAA64	IMAGE_FILE_MACHINE_ARM64	yes
programs/pnputil/aarch64-windows/pnputil.exe	458752	dc9a14fd52666144440895cb324bd85ac18253ab276fa54b963199b40a4d40a1	pe	0xAA64	IMAGE_FILE_MACHINE_ARM64	yes
programs/powershell/aarch64-windows/powershell.exe	458752	350765add92bb6751a5848c095562a092a2718ad2af57af82900ef95d98fa5e8	pe	0xAA64	IMAGE_FILE_MACHINE_ARM64	yes
programs/presentationfontcache/aarch64-windows/presentationfontcache.exe	458752	2c79cbd92cdc83d0dcbe83ed74a6ad3dec1e9803d2610364701597d3c1058871	pe	0xAA64	IMAGE_FILE_MACHINE_ARM64	yes
programs/progman/aarch64-windows/progman.exe	589824	d95b911749c3d0b734916516f891206468e803f78e8df2e1115272373a8546f8	pe	0xAA64	IMAGE_FILE_MACHINE_ARM64	yes
programs/reg/aarch64-windows/reg.exe	851968	5e9d42cec852865aef14af8fe86b7337a3553af9e7f3d324b10207484d60ab51	pe	0xAA64	IMAGE_FILE_MACHINE_ARM64	yes
programs/reg/tests/aarch64-windows/reg.exe_test-stripped.exe	786432	3b13881d28f3c406bb617f529b7fdd002787a5d9b588ed1fd705b053b56a013d	pe	0xAA64	IMAGE_FILE_MACHINE_ARM64	no
programs/reg/tests/aarch64-windows/reg.exe_test.exe	786432	3b13881d28f3c406bb617f529b7fdd002787a5d9b588ed1fd705b053b56a013d	pe	0xAA64	IMAGE_FILE_MACHINE_ARM64	no
programs/regasm/aarch64-windows/regasm.exe	458752	f30ece52797ba387ed0acf8af127cf09487922e6fdb26fec7cd6045667c8268d	pe	0xAA64	IMAGE_FILE_MACHINE_ARM64	yes
programs/regedit/aarch64-windows/regedit.exe	1114112	35cf97cc3f6af1ac68122e92095d9ebe89d8b0ea323b250bf72d08a45c501b16	pe	0xAA64	IMAGE_FILE_MACHINE_ARM64	yes
programs/regedit/tests/aarch64-windows/regedit.exe_test-stripped.exe	524288	4fee097c81f404d287ea9ff510c558c697a6a40e75953efa0011da99a6f680bf	pe	0xAA64	IMAGE_FILE_MACHINE_ARM64	no
programs/regedit/tests/aarch64-windows/regedit.exe_test.exe	524288	4fee097c81f404d287ea9ff510c558c697a6a40e75953efa0011da99a6f680bf	pe	0xAA64	IMAGE_FILE_MACHINE_ARM64	no
programs/regini/aarch64-windows/regini.exe	458752	3ad6468c205cc3b22c79fc6ace1ad4da133034b20a8581586163f6ae2e7f78c2	pe	0xAA64	IMAGE_FILE_MACHINE_ARM64	yes
programs/regsvcs/aarch64-windows/regsvcs.exe	458752	e09bb5229d8cc4cee9e024812acd6650c2930c74d31ad1fe637c2ffe22f8eff7	pe	0xAA64	IMAGE_FILE_MACHINE_ARM64	yes
programs/regsvr32/aarch64-windows/regsvr32.exe	524288	4f0a19910dccfb6c53001f74000d0d2507c1c71f0dfc430b2425750b3c7435ee	pe	0xAA64	IMAGE_FILE_MACHINE_ARM64	yes
programs/robocopy/aarch64-windows/robocopy.exe	524288	ec22a59a6d59d61817dab7d57a9d0c7600e4d95cf2d8cd1142c31d7b3f196f6c	pe	0xAA64	IMAGE_FILE_MACHINE_ARM64	yes
programs/rpcss/aarch64-windows/rpcss.exe	458752	7630336e039d855ee61e779c9e16f28efed9ecad1d540ff45e3d1d33766a9a93	pe	0xAA64	IMAGE_FILE_MACHINE_ARM64	yes
programs/runas/aarch64-windows/runas.exe	458752	318449ff1cfeedc7faa2b86937f3afb4b989767f401dc9d87a5593b4cd0ba7de	pe	0xAA64	IMAGE_FILE_MACHINE_ARM64	yes
programs/rundll32/aarch64-windows/rundll32.exe	458752	0ed38322ff456ffdca0cd2b24b058f6772e8d47cd13dde6173b70ef988f144bc	pe	0xAA64	IMAGE_FILE_MACHINE_ARM64	yes
programs/sc/aarch64-windows/sc.exe	458752	e1d71ce273ea091e6c47c1e662f010ba962da9998c69146460caa9a7dea2d784	pe	0xAA64	IMAGE_FILE_MACHINE_ARM64	yes
programs/sc/tests/aarch64-windows/sc.exe_test-stripped.exe	458752	817ba22b2284ad15eeba4d57e6fab36a544e14a06b7c8e4dcd13a3f30ff1ceaa	pe	0xAA64	IMAGE_FILE_MACHINE_ARM64	no
programs/sc/tests/aarch64-windows/sc.exe_test.exe	458752	817ba22b2284ad15eeba4d57e6fab36a544e14a06b7c8e4dcd13a3f30ff1ceaa	pe	0xAA64	IMAGE_FILE_MACHINE_ARM64	no
programs/schtasks/aarch64-windows/schtasks.exe	458752	0d50b350e47dc6d3bc5121ecf58575fdaaf1a1259719182bc9f3d751d357dbe2	pe	0xAA64	IMAGE_FILE_MACHINE_ARM64	yes
programs/schtasks/tests/aarch64-windows/schtasks.exe_test-stripped.exe	458752	dc3934b3e9533e0632f77f5f6bb6ffd5df399513b0c3036f81318877ed5c8c89	pe	0xAA64	IMAGE_FILE_MACHINE_ARM64	no
programs/schtasks/tests/aarch64-windows/schtasks.exe_test.exe	458752	dc3934b3e9533e0632f77f5f6bb6ffd5df399513b0c3036f81318877ed5c8c89	pe	0xAA64	IMAGE_FILE_MACHINE_ARM64	no
programs/sdbinst/aarch64-windows/sdbinst.exe	458752	aca6d9b4e91d3cc4a62dfef0514f4da6193eff9d18ad29d3c2be40be1cd3bc02	pe	0xAA64	IMAGE_FILE_MACHINE_ARM64	yes
programs/secedit/aarch64-windows/secedit.exe	327680	1151096411ddd0296190344ce30ef291167417ea84deab545e7fa9981c787c99	pe	0xAA64	IMAGE_FILE_MACHINE_ARM64	yes
programs/servicemodelreg/aarch64-windows/servicemodelreg.exe	458752	6576045d08be54a768325d7b6fa30825c5d3ec38f50e412941ce31c9c483b9bc	pe	0xAA64	IMAGE_FILE_MACHINE_ARM64	yes
programs/services/aarch64-windows/services.exe	458752	0aad16e45ba0a023d7628a50a361d7550dc7203864479392dd08b8ee308dd5e3	pe	0xAA64	IMAGE_FILE_MACHINE_ARM64	yes
programs/services/tests/aarch64-windows/services.exe_test-stripped.exe	458752	fe6088f91cd7cf8cf602f19d9f18454e0229122c43109531c2846b0e2ca5086a	pe	0xAA64	IMAGE_FILE_MACHINE_ARM64	no
programs/services/tests/aarch64-windows/services.exe_test.exe	458752	fe6088f91cd7cf8cf602f19d9f18454e0229122c43109531c2846b0e2ca5086a	pe	0xAA64	IMAGE_FILE_MACHINE_ARM64	no
programs/setx/aarch64-windows/setx.exe	524288	bde8c64548e81f2b7e426d6c1fb48a9ad0e6d4e75293a46346725b318ab22301	pe	0xAA64	IMAGE_FILE_MACHINE_ARM64	yes
programs/shutdown/aarch64-windows/shutdown.exe	458752	1fb904e61de35231fc3ead289ab0f0f14682c6c134251724e66e2929238154a3	pe	0xAA64	IMAGE_FILE_MACHINE_ARM64	yes
programs/sort/aarch64-windows/sort.exe	458752	4195b600893fad8428a16a490b0331f8f4cf9319d5be7c4b7ebb861f944def14	pe	0xAA64	IMAGE_FILE_MACHINE_ARM64	yes
programs/spoolsv/aarch64-windows/spoolsv.exe	458752	c80882761755e8410416c47bd9d28d87ddf83fbe8eb0736fc0243580b47c7445	pe	0xAA64	IMAGE_FILE_MACHINE_ARM64	yes
programs/start/aarch64-windows/start.exe	589824	c2fc69638dff6164104724dfe123a508e688af395d8da5daad1bb6e45631df2b	pe	0xAA64	IMAGE_FILE_MACHINE_ARM64	yes
programs/subst/aarch64-windows/subst.exe	458752	0aa159022593b71312347a67767321dc9cef6e3eb5bd4ae48917b29371554c8c	pe	0xAA64	IMAGE_FILE_MACHINE_ARM64	yes
programs/svchost/aarch64-windows/svchost.exe	458752	48021b31b669c49db164a7c410c0acda34c53c14fe0a4861d57dc5adf742a97d	pe	0xAA64	IMAGE_FILE_MACHINE_ARM64	yes
programs/systeminfo/aarch64-windows/systeminfo.exe	458752	589fb48df1828390d6550493ba45b5a913ddba99a9f2c888f0fc99a98b28540e	pe	0xAA64	IMAGE_FILE_MACHINE_ARM64	yes
programs/taskkill/aarch64-windows/taskkill.exe	524288	61b693d9babfa3b8e6e84ac6a4d61d4880ecc114100de479c9326233da124221	pe	0xAA64	IMAGE_FILE_MACHINE_ARM64	yes
programs/tasklist/aarch64-windows/tasklist.exe	524288	25806423ebae5a554080920c705626185ef64465c9d35c72ec7f64f9d6de74fa	pe	0xAA64	IMAGE_FILE_MACHINE_ARM64	yes
programs/tasklist/tests/aarch64-windows/tasklist.exe_test-stripped.exe	458752	8421b3c63778f7230472a46724bebb7b5e79f28836860dd4c0ab78b885bde936	pe	0xAA64	IMAGE_FILE_MACHINE_ARM64	no
programs/tasklist/tests/aarch64-windows/tasklist.exe_test.exe	458752	8421b3c63778f7230472a46724bebb7b5e79f28836860dd4c0ab78b885bde936	pe	0xAA64	IMAGE_FILE_MACHINE_ARM64	no
programs/taskmgr/aarch64-windows/taskmgr.exe	1048576	311af1b03c158aa329bb54040d75fcb3aa8497b4133e44114dfa791c9850f777	pe	0xAA64	IMAGE_FILE_MACHINE_ARM64	yes
programs/termsv/aarch64-windows/termsv.exe	458752	73554ec74e4e3d76501308da99f626f462d4a49b6179dcbf5a52ab2143467de6	pe	0xAA64	IMAGE_FILE_MACHINE_ARM64	yes
programs/timeout/aarch64-windows/timeout.exe	393216	b73711f8c5f03238beb64c3501a58b83caa382b39cbf437d7a530872183dd159	pe	0xAA64	IMAGE_FILE_MACHINE_ARM64	yes
programs/timeout/tests/aarch64-windows/timeout.exe_test-stripped.exe	458752	016696e65aebde9bd60429cbce321272bcfd5d3e061551e03ec35d3963bdfffd	pe	0xAA64	IMAGE_FILE_MACHINE_ARM64	no
programs/timeout/tests/aarch64-windows/timeout.exe_test.exe	458752	016696e65aebde9bd60429cbce321272bcfd5d3e061551e03ec35d3963bdfffd	pe	0xAA64	IMAGE_FILE_MACHINE_ARM64	no
programs/uninstaller/aarch64-windows/uninstaller.exe	524288	dff624436cd6ddbdd8e22ddf7717f4e4ee987f98dce4155748917f533704b796	pe	0xAA64	IMAGE_FILE_MACHINE_ARM64	yes
programs/unlodctr/aarch64-windows/unlodctr.exe	327680	53019efaaeb543c15d2f62d647914be5bfd07aebd12a422ef403b3d7d5f00f92	pe	0xAA64	IMAGE_FILE_MACHINE_ARM64	yes
programs/view/aarch64-windows/view.exe	393216	aa717503544906ba65a0bee57ea2ddedbac2a2e7136b17841495bf63684c9851	pe	0xAA64	IMAGE_FILE_MACHINE_ARM64	yes
programs/wevtutil/aarch64-windows/wevtutil.exe	458752	77c43bc5f6eb53d2bf48c260689fe1982ce0bc5c120ed7e6fbfdead9362dbdc4	pe	0xAA64	IMAGE_FILE_MACHINE_ARM64	yes
programs/where/aarch64-windows/where.exe	458752	d255db86cd951b81390564660d40fa0c9a6f40aca1b8438773750de3427c034d	pe	0xAA64	IMAGE_FILE_MACHINE_ARM64	yes
programs/whoami/aarch64-windows/whoami.exe	458752	3df2dcba703cb421b24fc4f7e5144f76195510c2c9b413df994f885dcd1ece0f	pe	0xAA64	IMAGE_FILE_MACHINE_ARM64	yes
programs/wineboot/aarch64-windows/wineboot.exe	720896	5421218e951c7da88579b0a4488b5b24a5218db846846aa3ad7a94a7f6f9b90b	pe	0xAA64	IMAGE_FILE_MACHINE_ARM64	yes
programs/winebrowser/aarch64-windows/winebrowser.exe	458752	b552d16124faf38234727f9c8dae8cf42cbee2b9ace08138ff06a665a9cfd52c	pe	0xAA64	IMAGE_FILE_MACHINE_ARM64	yes
programs/winecfg/aarch64-windows/winecfg.exe	1376256	a420d09ff86e50a5fbd6b1421d5ef22431fb8366e6f2691e093be6de04b451fe	pe	0xAA64	IMAGE_FILE_MACHINE_ARM64	yes
programs/wineconsole/aarch64-windows/wineconsole.exe	524288	cb7bd18703019af80bdb8204ed11108027d6c02b51e7623f3dde8de6c523999c	pe	0xAA64	IMAGE_FILE_MACHINE_ARM64	yes
programs/winedbg/aarch64-windows/winedbg.exe	5177344	e38d1e1b4c779d794e30c2fb80253c2553358a6e6bafabcc8e5c0ce709d69754	pe	0xAA64	IMAGE_FILE_MACHINE_ARM64	yes
programs/winedevice/aarch64-windows/winedevice.exe	458752	c7d21b548d74040acb0d2c25762b5cecae37df805b737237c4038cbcbf31b8ad	pe	0xAA64	IMAGE_FILE_MACHINE_ARM64	yes
programs/winefile/aarch64-windows/winefile.exe	786432	b4b47a1ccf487a64409059c57c730cdab8ad88b0243df034ec693bdb74122c35	pe	0xAA64	IMAGE_FILE_MACHINE_ARM64	yes
programs/winemenubuilder/aarch64-windows/winemenubuilder.exe	655360	b31a62478ea037a45b04a131cb964b18ed6f250c91766420d3dcfc9a4a7087fa	pe	0xAA64	IMAGE_FILE_MACHINE_ARM64	yes
programs/winemine/aarch64-windows/winemine.exe	655360	e948186fc70e990285247d1645afcadd427c882f0c453a13f4b15503769ec691	pe	0xAA64	IMAGE_FILE_MACHINE_ARM64	yes
programs/winemsibuilder/aarch64-windows/winemsibuilder.exe	458752	3c6cea4ea8508bb2b777a9fd7774845380000f53a302bc7ec99242f59dd97084	pe	0xAA64	IMAGE_FILE_MACHINE_ARM64	yes
programs/winepath/aarch64-windows/winepath.exe	458752	c404d86ba187b5772764dfbae5aefa531b1a8aaeaca0261fb19ba27637d4f714	pe	0xAA64	IMAGE_FILE_MACHINE_ARM64	yes
programs/winetest/aarch64-windows/winetest.exe	597491712	9a54d36cfec52cdd096b77375c7cdd7def4e4deebc2be48aa7c0b536b6353d44	pe	0xAA64	IMAGE_FILE_MACHINE_ARM64	yes
programs/winhlp32/aarch64-windows/winhlp32.exe	720896	7ec306c452dcdf099aa290524208af2321c0146fcbe090277fa7ae48e31355a9	pe	0xAA64	IMAGE_FILE_MACHINE_ARM64	yes
programs/winmgmt/aarch64-windows/winmgmt.exe	458752	4b4ac3ee7fd508ba3f1f1590d534e8e22077059869af278390294fb747ad911b	pe	0xAA64	IMAGE_FILE_MACHINE_ARM64	yes
programs/winver/aarch64-windows/winver.exe	393216	8743eea6435ae4f83a3b6a8ebfb5da1f6c9ea23c270f040c03fad80e10e86cb9	pe	0xAA64	IMAGE_FILE_MACHINE_ARM64	yes
programs/wmic/aarch64-windows/wmic.exe	524288	fab56681dafa9fe08007d952087a7b77acc47b76faf78a689f691639a191a78b	pe	0xAA64	IMAGE_FILE_MACHINE_ARM64	yes
programs/wmplayer/aarch64-windows/wmplayer.exe	524288	fb336e9608323932b86cad1fd081838a9bc869c734a48eee6f0ea5a5ee59d638	pe	0xAA64	IMAGE_FILE_MACHINE_ARM64	yes
programs/wordpad/aarch64-windows/wordpad.exe	1048576	7ee6d8221fbc3dff8d86d0adf80c7a672f484501c31bfd3096f255453bb1e0e6	pe	0xAA64	IMAGE_FILE_MACHINE_ARM64	yes
programs/write/aarch64-windows/write.exe	393216	caa372c71e5ebb44a527bbc2db038981c09442bc742334b7dca06845979d101e	pe	0xAA64	IMAGE_FILE_MACHINE_ARM64	yes
programs/wscript/aarch64-windows/wscript.exe	655360	82a5586258dfe8af80cba6c8fa88dc8ec63a2e07cee4b60acdafe3a30cbc9b1e	pe	0xAA64	IMAGE_FILE_MACHINE_ARM64	yes
programs/wscript/tests/aarch64-windows/wscript.exe_test-stripped.exe	524288	31ba93752607214f2b3a5ab826e3463197f6e7457268be256c89e1aeff4bbc2e	pe	0xAA64	IMAGE_FILE_MACHINE_ARM64	no
programs/wscript/tests/aarch64-windows/wscript.exe_test.exe	524288	31ba93752607214f2b3a5ab826e3463197f6e7457268be256c89e1aeff4bbc2e	pe	0xAA64	IMAGE_FILE_MACHINE_ARM64	no
programs/wuauserv/aarch64-windows/wuauserv.exe	458752	7b43a623abe2733e2d275074b35fdc837d176424f5fa443398e8b5e7a61fd3ac	pe	0xAA64	IMAGE_FILE_MACHINE_ARM64	yes
programs/wusa/aarch64-windows/wusa.exe	458752	5f35783d407d79586f108c5f6187c1462bdab0926183451e07999b68cf816002	pe	0xAA64	IMAGE_FILE_MACHINE_ARM64	yes
programs/xcopy/aarch64-windows/xcopy.exe	655360	703e77dc07f6455facfc7e44b9148b132ea7548ff04577e59a6a9dc8fc199b27	pe	0xAA64	IMAGE_FILE_MACHINE_ARM64	yes
programs/xcopy/tests/aarch64-windows/xcopy.exe_test-stripped.exe	458752	751fcc2c311928b7d3ef4412b5980a6d1f42cabe9796ad74cd22ccc856f4286a	pe	0xAA64	IMAGE_FILE_MACHINE_ARM64	no
programs/xcopy/tests/aarch64-windows/xcopy.exe_test.exe	458752	751fcc2c311928b7d3ef4412b5980a6d1f42cabe9796ad74cd22ccc856f4286a	pe	0xAA64	IMAGE_FILE_MACHINE_ARM64	no
