# commit	verdict	subject  (ValveSoftware/wine wine-11.0..proton_11.0 dc26e618470, oldest first)
5b8cb810c67	proton: Steam client, Proton, Linux desktop, VR, GL/fshack, AMD/NVIDIA spoofing or winevulkan	winevulkan: Add vk.xml / video.xml version 1.4.325.
6a69d9a5c01	proton: Steam client, Proton, Linux desktop, VR, GL/fshack, AMD/NVIDIA spoofing or winevulkan	winevulkan: Remove autogenerated files.
c880d1ca039	build: configure, makedep, generated files or tools	configure: Remove configure and config.h.in.
55d20e52afe	build: configure, makedep, generated files or tools	ntdll, win32u: Remove generated syscall files.
e0cbdbf0201	build: configure, makedep, generated files or tools	wine: Add autogen.sh.
ad57149a132	proton: Steam client, Proton, Linux desktop, VR, GL/fshack, AMD/NVIDIA spoofing or winevulkan	makedep: Allow using an external wine object dir.
243b4b89e5d	proton: Steam client, Proton, Linux desktop, VR, GL/fshack, AMD/NVIDIA spoofing or winevulkan	makedep: Allow include to be missing from SUBDIRS.
c3090912774	proton: Steam client, Proton, Linux desktop, VR, GL/fshack, AMD/NVIDIA spoofing or winevulkan	makedep: Allow building modules from external sources.
933b8950369	proton: Steam client, Proton, Linux desktop, VR, GL/fshack, AMD/NVIDIA spoofing or winevulkan	makedep: Allow modules to have a different 64bit name.
bc75d41ceea	proton: Steam client, Proton, Linux desktop, VR, GL/fshack, AMD/NVIDIA spoofing or winevulkan	makedep: Allow unixlibs to have a different 64bit name.
4aa55a3ae2e	proton: Steam client, Proton, Linux desktop, VR, GL/fshack, AMD/NVIDIA spoofing or winevulkan	makedep: Allow building modules with C++ sources.
c177a34d784	replaced: touches a file an *_ios.c replacement overrides	HACK: steam: ntdll: Setup steamclient trampolines to lsteamclient.
0ea9dfd7984	proton: Steam client, Proton, Linux desktop, VR, GL/fshack, AMD/NVIDIA spoofing or winevulkan	HACK: steam: kernelbase: Substitute the current pid for the Steam client pid.
e8475167507	proton: Steam client, Proton, Linux desktop, VR, GL/fshack, AMD/NVIDIA spoofing or winevulkan	HACK: steam: wine.inf: Add required Steam registry entries.
adba6db13ee	proton: Steam client, Proton, Linux desktop, VR, GL/fshack, AMD/NVIDIA spoofing or winevulkan	HACK: steam: ntdll: Append C:/Program Files (x86)/Steam to PATH.
eeb10d71bea	proton: Steam client, Proton, Linux desktop, VR, GL/fshack, AMD/NVIDIA spoofing or winevulkan	HACK: steam: wine.inf: Associate the steam protocol with steam.exe.
59b20e82fd1	proton: Steam client, Proton, Linux desktop, VR, GL/fshack, AMD/NVIDIA spoofing or winevulkan	HACK: proton: advapi32: Use steamuser as Wine username.
5cda47551ab	proton: Steam client, Proton, Linux desktop, VR, GL/fshack, AMD/NVIDIA spoofing or winevulkan	HACK: proton: wine.inf: Add native,builtin overrides for msvcrt DLLs.
d6c34d05dd4	proton: Steam client, Proton, Linux desktop, VR, GL/fshack, AMD/NVIDIA spoofing or winevulkan	HACK: proton: shell32: Never create links to the user's home dirs.
6ce9191479d	proton: Steam client, Proton, Linux desktop, VR, GL/fshack, AMD/NVIDIA spoofing or winevulkan	HACK: proton: wineboot: Don't show "updating prefix" window.
c5b1cebc246	proton: Steam client, Proton, Linux desktop, VR, GL/fshack, AMD/NVIDIA spoofing or winevulkan	HACK: proton: user32: Replace Wine glass with generic window icon.
82d514c6408	proton: Steam client, Proton, Linux desktop, VR, GL/fshack, AMD/NVIDIA spoofing or winevulkan	HACK: proton: wine.inf: Don't show crash dialog by default.
0582a1718b1	proton: Steam client, Proton, Linux desktop, VR, GL/fshack, AMD/NVIDIA spoofing or winevulkan	HACK: proton: secur32: Return real Unix username from GetUserNameEx(NameDisplay)
d28a166f47d	proton: Steam client, Proton, Linux desktop, VR, GL/fshack, AMD/NVIDIA spoofing or winevulkan	winemenubuilder: Force-disable creating associations.
83f3059d293	proton: Steam client, Proton, Linux desktop, VR, GL/fshack, AMD/NVIDIA spoofing or winevulkan	winemenubuilder: Save .desktop files in c:\proton_shortcuts\.
2639c49b765	proton: Steam client, Proton, Linux desktop, VR, GL/fshack, AMD/NVIDIA spoofing or winevulkan	winemenubuilder: User raw exe path in the created .desktop files.
e6720038449	proton: Steam client, Proton, Linux desktop, VR, GL/fshack, AMD/NVIDIA spoofing or winevulkan	winemenubuilder: Don't create menu entries.
30bc930dd08	proton: Steam client, Proton, Linux desktop, VR, GL/fshack, AMD/NVIDIA spoofing or winevulkan	winemenubuilder: Save icons in c:\proton_shortcuts\icons\
9ff235bc1c9	inert: wine.inf only; the app never runs wine.inf	wine.inf: Don't use winemenubuilder to create filetype associations.
4003e2150ea	proton: Steam client, Proton, Linux desktop, VR, GL/fshack, AMD/NVIDIA spoofing or winevulkan	dotnetfx35.exe: Add stub program.
550eb4528c1	inert: wine.inf only; the app never runs wine.inf	wine.inf: Mark .NET and some XNA redists as already installed.
c3ac197705f	inert: mscoree runs only with Wine Mono, which the app does not ship	mscoree: HACK: Search for Wine Mono without version first.
10c36572cbc	inert: mscoree runs only with Wine Mono, which the app does not ship	mscoree: HACK: Accept outdated support msi outside prefix.
ff29c0163d5	taken: clean	HACK: kernelbase: Do not flash the winedbg console window.
19149d7c489	unused: winex11/winewayland/winebus/hidraw/pulse/opengl32, not in the iOS build	HACK: proton: winex11: Fill WM_CLASS based on Steam appid.
ee597bb9541	proton: Steam client, Proton, Linux desktop, VR, GL/fshack, AMD/NVIDIA spoofing or winevulkan	HACK: proton: ntdll: Return a handle to kernel32 when being asked for mfc42.
baf585395ed	replaced: touches a file an *_ios.c replacement overrides	HACK: proton: ntdll: Strip gameoverlayrenderer.so from LD_PRELOAD before executing explorer.exe.
713a2a474aa	replaced: touches a file an *_ios.c replacement overrides	HACK: ntdll: Ignore unsupported Unix locales and initialize regardless.
3d0e6caefac	unix-side: unix code outside the replacements (not a PE-only game fix)	HACK: ntdll: Don't let applications change permissions on wine's files
fc2a62cf6ee	taken: clean	HACK: shell32: Update knownfolder paths in the registry
61272736037	unused: winex11/winewayland/winebus/hidraw/pulse/opengl32, not in the iOS build	HACK: winex11: Remove nvidia hack workaround.
35c974f49b4	taken: resolved: RtlSetCurrentDirectory_U reworked upstream (same-directory early return); the 0 && applied to the moved check	HACK: ntdll: Disable 16-bit TIB hack.
232bbca5ecd	replaced: touches a file an *_ios.c replacement overrides	HACK: proton: server: Set default timeout to 0
b5eb61cc17a	inert: wineboot or services.exe; the app runs neither	HACK: wineboot: Print more information when TSC calibration fails.
3979d95d1eb	taken: clean	HACK: shell32: Preserve duplicated Documents/Stuff directories
66e13e61a97	taken: clean	HACK: dxdiag: Dump to stdout if no filename is given
12e7d48882a	taken: resolved: dbg_process_list is no longer static upstream; the new flag sits beside it	HACK: winedbg: When crash dialog is not shown, dump crash info to stderr
aa561aa3b46	proton: Steam client, Proton, Linux desktop, VR, GL/fshack, AMD/NVIDIA spoofing or winevulkan	HACK: proton: winedbg: Support dumping crash logs to a directory
472ebd9fa99	proton: Steam client, Proton, Linux desktop, VR, GL/fshack, AMD/NVIDIA spoofing or winevulkan	getminidump: Add a small tool to create minidumps.
9c6e0502af8	taken: clean	dbghelp: Protect ELF's link_map walking in case of bogus entries.
98f696837eb	taken: clean	kernelbase: Do not attempt to start winedbg if logging is disabled.
e48b139fe30	replaced: touches a file an *_ios.c replacement overrides	wine/server: Add traces for client requests.
43206e6347c	unix-side: unix code outside the replacements (not a PE-only game fix)	ntdll: Add +microsecs channel for precise timestamps.
11eeff416bf	unused: dinput's HID joystick mapping; the phone has no HID devices (winebus is not built)	dinput: Make it possible to add hacks that override names and GUID of axes.
637679801c8	unused: dinput's HID joystick mapping; the phone has no HID devices (winebus is not built)	dinput: Add mapping for Logitech G920.
85ffc3a79a3	unused: dinput's HID joystick mapping; the phone has no HID devices (winebus is not built)	dinput: Don't apply G920 mapping when used through windows.gaming.input.
76246956ed0	inert: mscoree runs only with Wine Mono, which the app does not ship	HACK: mscoree: Build a dummy CameraQuakeViewer.dll for Nights of Azure.
34072a78e8c	inert: mscoree runs only with Wine Mono, which the app does not ship	HACK: mscoree: For M&B2:Bannerlord, redirect ManagedStarter loads to Bannerlord.exe
3c82211ecbd	inert: mscoree runs only with Wine Mono, which the app does not ship	HACK: mscoree: Add hack for missing UnrealEdCSharp assembly for Karmaflow
d532d58e46c	inert: mscoree runs only with Wine Mono, which the app does not ship	HACK: mscoree: Enable field-loading hack for Primal Carnage: Extinction.
13eed521396	inert: mscoree runs only with Wine Mono, which the app does not ship	HACK: mscoree: Add work-around for Grotesque Tactics.
3a1172708e7	media: Media Foundation/GStreamer stack (Playport keeps its own video work)	HACK: winegstreamer: Detect h264 use and create a tag file.
6cf46bddf4d	media: Media Foundation/GStreamer stack (Playport keeps its own video work)	winegstreamer: Support WMA with 5.1 and 7.1 audio.
36b5e26b1e0	replaced: touches a file an *_ios.c replacement overrides	HACK: ntdll: Enable WINESTEAMNOEXEC for Mafia II.
eeaa952f103	replaced: touches a file an *_ios.c replacement overrides	HACK: ntdll: Enable WINESTEAMNOEXEC for CoD Black Ops II Multiplayer and Zombies.
6bd99436947	replaced: touches a file an *_ios.c replacement overrides	HACK: ntdll: Enable WINESTEAMNOEXEC for Madballs in Babo: Invasion.
f8f4325066c	replaced: touches a file an *_ios.c replacement overrides	HACK: ntdll: Enable WINESTEAMNOEXEC for Sniper Elite: Nazi Zombie Army 2.
1d4a019a8c6	replaced: touches a file an *_ios.c replacement overrides	ntdll: HACK: Export a function to set a Unix environment variable.
c7e5f974f81	proton: Steam client, Proton, Linux desktop, VR, GL/fshack, AMD/NVIDIA spoofing or winevulkan	include: Install wine/vulkan_driver.h.
1196bc013e1	proton: Steam client, Proton, Linux desktop, VR, GL/fshack, AMD/NVIDIA spoofing or winevulkan	winevulkan: Introduce Wine-specific VR extensions.
f8d9f0de218	media: Media Foundation/GStreamer stack (Playport keeps its own video work)	HACK: winegstreamer/wma_decoder: Support XMAudio2 input format in WMA decoder.
1948cdee879	media: Media Foundation/GStreamer stack (Playport keeps its own video work)	winegstreamer/media-converter: Integrate media-converter to winegstreamer.
17bf7a77c8e	media: Media Foundation/GStreamer stack (Playport keeps its own video work)	winegstreamer/media-converter: Continue creating state object even if env is not set.
7f18057a7e9	media: Media Foundation/GStreamer stack (Playport keeps its own video work)	winegstreamer/media-converter: Log error if failed to pull data from upstream.
49bb6f0bd7c	media: Media Foundation/GStreamer stack (Playport keeps its own video work)	winegstreamer/media-converter: Split videoconv caps event handler to a separate helper.
e9d873f1bb5	media: Media Foundation/GStreamer stack (Playport keeps its own video work)	winegstreamer/media-converter: Split videoconv upstream chunk dump to a separate helper.
ffecde51ec8	media: Media Foundation/GStreamer stack (Playport keeps its own video work)	winegstreamer/media-converter: Split videoconv stream-start event push to a separate helper.
f33068c28b1	media: Media Foundation/GStreamer stack (Playport keeps its own video work)	winegstreamer/media-converter: Split videoconv event caps push to a separate helper.
e68d2cda10c	media: Media Foundation/GStreamer stack (Playport keeps its own video work)	winegstreamer/media-converter: Open the blank file on videoconv state creation.
985e88d54fd	media: Media Foundation/GStreamer stack (Playport keeps its own video work)	winegstreamer/media-converter: Use an enum for video conv state flags.
cfa9a810e3e	media: Media Foundation/GStreamer stack (Playport keeps its own video work)	winegstreamer/media-converter: Wrap around the blank video if shorter than upstream data.
76acb78329b	media: Media Foundation/GStreamer stack (Playport keeps its own video work)	winegstreamer/media-converter: Use gst_util_uint64_scale_round to round upstream position.
4bb14723999	media: Media Foundation/GStreamer stack (Playport keeps its own video work)	winegstreamer/media-converter: Implement support for push mode in videoconv.
82621fcceff	media: Media Foundation/GStreamer stack (Playport keeps its own video work)	winegstreamer/media-converter: Wrap videoconv and a demuxer in a new protondemuxer bin.
44bf21e1f28	media: Media Foundation/GStreamer stack (Playport keeps its own video work)	winegstreamer/media-converter: Automatically add an audio decoder to protondemuxer.
997271a2eaf	media: Media Foundation/GStreamer stack (Playport keeps its own video work)	winegstreamer/media-converter: Expose untranscoded stream codec format.
3d20b35327e	media: Media Foundation/GStreamer stack (Playport keeps its own video work)	winegstreamer/media-converter: Push segment event before data in push mode.
fbffb549b12	media: Media Foundation/GStreamer stack (Playport keeps its own video work)	winegstreamer/media-converter: Avoid leaking lock when dumping is interrupted.
4404a889d18	media: Media Foundation/GStreamer stack (Playport keeps its own video work)	winegstreamer/media-converter: Rename payload_hash to fozdb_hash.
8bb00396854	media: Media Foundation/GStreamer stack (Playport keeps its own video work)	winegstreamer/media-converter: Rename entry_name to fozdb_key.
04d2bb59bc8	media: Media Foundation/GStreamer stack (Playport keeps its own video work)	winegstreamer/media-converter: Use a rb_tree rather than a GList.
8b646f49778	media: Media Foundation/GStreamer stack (Playport keeps its own video work)	winegstreamer/media-converter: Use a rb tree for file chunks.
aa48ceeb823	media: Media Foundation/GStreamer stack (Playport keeps its own video work)	winegstreamer/media-converter: Avoid unnecessary fozdb_entry_size calls.
4167efaf983	media: Media Foundation/GStreamer stack (Playport keeps its own video work)	HACK: winegstreamer: Use a different gst registry file per architecture
c62d5a2ab7b	media: Media Foundation/GStreamer stack (Playport keeps its own video work)	HACK: winegstreamer/wg_parser: Enable protonvideoconv when decodebin fails.
72a0f755c85	media: Media Foundation/GStreamer stack (Playport keeps its own video work)	HACK: winegstreamer/wg_transform: Check if the decoder accepted our caps.
aed70985a03	media: Media Foundation/GStreamer stack (Playport keeps its own video work)	HACK: winegstreamer/wg_parser: Use capssetter to ignore non-default YUV color spaces.
3120fab7c41	media: Media Foundation/GStreamer stack (Playport keeps its own video work)	HACK: winegstreamer/wg_parser: Unlink sink pad when freeing streams.
2f41a1d0fc3	media: Media Foundation/GStreamer stack (Playport keeps its own video work)	HACK: winegstreamer/wg_parser: Set unlimited decodebin buffered size.
388cbde4820	media: Media Foundation/GStreamer stack (Playport keeps its own video work)	winegstreamer/wg_parser: Request live latency with WINE_ENABLE_GST_LIVE_LATENCY=1.
6a3e2f3f258	replaced: touches a file an *_ios.c replacement overrides	HACK: ntdll: Enable WINE_ENABLE_GST_LIVE_LATENCY for some games.
a027443bfd7	media: Media Foundation/GStreamer stack (Playport keeps its own video work)	HACK: winegstreamer/wma_decoder: Allow WMA decoder DMO to pass-through buffers.
0031d1bcfb5	media: Media Foundation/GStreamer stack (Playport keeps its own video work)	HACK: winegstreamer/wmv_decoder: Implement WMVDecMediaObject pass-through DMO.
358b3a7787d	media: Media Foundation/GStreamer stack (Playport keeps its own video work)	HACK: winegstreamer/wm_reader: Report BGRx for Persona 4 Golden.
e0bd4a72735	media: Media Foundation/GStreamer stack (Playport keeps its own video work)	HACK: winegstreamer/wm_reader: Expose BGRA video format from wm_reader.
5fa55397968	media: Media Foundation/GStreamer stack (Playport keeps its own video work)	HACK: qasf/asfreader: Name the output pin as out0 for KoFXIII.
3a42bee3f1e	media: Media Foundation/GStreamer stack (Playport keeps its own video work)	HACK: quartz: Return the reader on WMVideo Decoder DMO lookup.
239279c38c1	media: Media Foundation/GStreamer stack (Playport keeps its own video work)	winegstreamer/wg_transform: Allow more input buffer to be queued for uncompressed formats.
60875765ef9	media: Media Foundation/GStreamer stack (Playport keeps its own video work)	HACK: winegstreamer/h264_decoder: Do not report live latency for some games.
b109a685551	media: Media Foundation/GStreamer stack (Playport keeps its own video work)	HACK: winegstreamer/h264_decoder: Disable MF_SA_D3D11_AWARE for some games.
8fa54701708	media: Media Foundation/GStreamer stack (Playport keeps its own video work)	mf/evr: Increase the number of prerolled samples to 3.
7eca6eade18	taken: clean	strmbase: Add stub IPropertyBag interface for strmbase_filter.
893c173671c	taken: clean	strmbase: Return S_OK from strmbase_filter IPropertyBag_Write.
217fab44e34	media: Media Foundation/GStreamer stack (Playport keeps its own video work)	HACK: mfreadwrite: Ignore source reader flushes for The Medium.
2fef2050e02	media: Media Foundation/GStreamer stack (Playport keeps its own video work)	mfreadwrite/reader: Rely on the video processor sample allocator.
536d9ae36eb	media: Media Foundation/GStreamer stack (Playport keeps its own video work)	mfreadwrite/reader: Use MFCreateMediaBufferFromMediaType to allocate samples.
fe4bdc00423	media: Media Foundation/GStreamer stack (Playport keeps its own video work)	mfreadwrite/reader: Make a copy of the output type in SetCurrentMediaType.
ac91a9416cb	media: Media Foundation/GStreamer stack (Playport keeps its own video work)	mfreadwrite/reader: Set MF_MT_AUDIO_BITS_PER_SAMPLE attribute when missing.
faa86fd9024	media: Media Foundation/GStreamer stack (Playport keeps its own video work)	mfmediaengine: Retrieve frame size from frame sink.
415086a42b1	media: Media Foundation/GStreamer stack (Playport keeps its own video work)	HACK: mfplat: Stub out MFCreateDXGIDeviceManager, to avoid the d3d path.
f8347d71c11	media: Media Foundation/GStreamer stack (Playport keeps its own video work)	mfplat/sample: Use Copy2DTo when copying samples, if available.
bf58c6e2958	media: Media Foundation/GStreamer stack (Playport keeps its own video work)	mfplat/sample: Use contiguous copy.
5bf184765f3	media: Media Foundation/GStreamer stack (Playport keeps its own video work)	mfplat: Flush D3D11 context after CopySubresourceRegion on unmap.
d38dc757cc4	media: Media Foundation/GStreamer stack (Playport keeps its own video work)	mf: Signal event_cond in wg_parser_stream_disable.
b2083eb3adb	media: Media Foundation/GStreamer stack (Playport keeps its own video work)	mf: Don't make stream sink shutdown dependent on IMFActivate presence in node.
4b32c8027b9	media: Media Foundation/GStreamer stack (Playport keeps its own video work)	mf/session: Keep previously allocated sample with the transform streams.
a6b7e15e196	media: Media Foundation/GStreamer stack (Playport keeps its own video work)	HACK: mf: Always allow enumerating source types in topology
cb370a63d41	media: Media Foundation/GStreamer stack (Playport keeps its own video work)	HACK: mf/topology_loader: Force initialize downstream media type if it's not.
06e7989b5f5	media: Media Foundation/GStreamer stack (Playport keeps its own video work)	qasf: Register ASF Reader filter media type.
efa9e39f757	media: Media Foundation/GStreamer stack (Playport keeps its own video work)	qasf: Query the IWMReaderAdvanced2 reader interface.
17d54956dfb	media: Media Foundation/GStreamer stack (Playport keeps its own video work)	qasf: Set the DedicatedDeliveryThread property according to ReceiveCanBlock.
b77879f271f	media: Media Foundation/GStreamer stack (Playport keeps its own video work)	qasf: Set user provided clock and time to prevent waits in WMReader.
af0cb798444	media: Media Foundation/GStreamer stack (Playport keeps its own video work)	qasf: Increase the minimum number of buffers in asf_reader_DecideBufferSize.
61fd847e4e0	media: Media Foundation/GStreamer stack (Playport keeps its own video work)	qasf: Implement ASF Reader SourceSeeking interface.
91a7b7d0107	media: Media Foundation/GStreamer stack (Playport keeps its own video work)	HACK: qasf: Only force user provided time to -1 if no quartz clock is set.
5b0d4483409	media: Media Foundation/GStreamer stack (Playport keeps its own video work)	winegstreamer: Implement MFT_MESSAGE_COMMAND_DRAIN for wma decoder.
a603bd2142f	media: Media Foundation/GStreamer stack (Playport keeps its own video work)	winegstreamer: Support hardware buffer conversion with D3D11 video processor.
a9ee089454d	media: Media Foundation/GStreamer stack (Playport keeps its own video work)	winegstreamer/video_processor: Support colorspace range in the D3D11 video processor.
e3c29b7c90c	media: Media Foundation/GStreamer stack (Playport keeps its own video work)	winegstreamer: Avoid using the aperture for padding with the H264 decoder.
193a76753e1	media: Media Foundation/GStreamer stack (Playport keeps its own video work)	winegstreamer/resampler: Use WAVEFORMATEX for input/output media types.
d76ee46d465	media: Media Foundation/GStreamer stack (Playport keeps its own video work)	winegstreamer/resampler: Recalculate resampler nBlockAlign and avgBytesPerSec values.
94af7660fbb	media: Media Foundation/GStreamer stack (Playport keeps its own video work)	winegstreamer: Rename aac_decoder to audio_decoder.
f773960bb18	media: Media Foundation/GStreamer stack (Playport keeps its own video work)	winegstreamer: Implement drain and flush for the audio decoder.
84e9586a807	media: Media Foundation/GStreamer stack (Playport keeps its own video work)	winegstreamer/audio_decoder: Fill output block align and bytes per second if not set.
992c78d1d21	media: Media Foundation/GStreamer stack (Playport keeps its own video work)	HACK: winegstreamer/wg_transform: Implement vorbis decoder support.
3fee8f8e973	media: Media Foundation/GStreamer stack (Playport keeps its own video work)	HACK: winegstreamer/audio_decoder: Expose a vorbis audio decoder.
d96440f340d	media: Media Foundation/GStreamer stack (Playport keeps its own video work)	HACK: msauddecmft: Expose a vorbis audio decoder.
6aa8409288a	media: Media Foundation/GStreamer stack (Playport keeps its own video work)	HACK: winegstreamer: Reduce Biomutant_Trailer.mp4 media source duration.
ff2ad055317	media: Media Foundation/GStreamer stack (Playport keeps its own video work)	HACK: winedmo: Return STATUS_END_OF_FILE on error.
d37faddcdbc	media: Media Foundation/GStreamer stack (Playport keeps its own video work)	HACK: winegstreamer/video_decoder: Support decoding theora video.
c43ce30584b	media: Media Foundation/GStreamer stack (Playport keeps its own video work)	HACK: wmvdecod: Support decoding theora video.
f3a3b455adf	media: Media Foundation/GStreamer stack (Playport keeps its own video work)	winedmo: Handle vorbis media type conversion explicitly.
ddc98478406	media: Media Foundation/GStreamer stack (Playport keeps its own video work)	HACK: winedmo/media-converter: Implement media converter demuxer.
5d8970fe855	media: Media Foundation/GStreamer stack (Playport keeps its own video work)	mfsrcsnk: Use winedmo media source by default.
55db3993f1e	media: Media Foundation/GStreamer stack (Playport keeps its own video work)	qcap: Implement Inifinite Pin Tee.
80eb9f6e2bd	media: Media Foundation/GStreamer stack (Playport keeps its own video work)	HACK: winegstreamer/wm_reader: Use OpenGL video processing pipeline for WMReader.
9da85ac7d04	media: Media Foundation/GStreamer stack (Playport keeps its own video work)	HACK: quartz: Keep a reference on the IMediaPosition interface.
b5c1ca787aa	media: Media Foundation/GStreamer stack (Playport keeps its own video work)	HACK: quartz: Reduce the number of committed buffers for P4G.
1aed5eb3fec	media: Media Foundation/GStreamer stack (Playport keeps its own video work)	winegstreamer/wm_reader: Avoid entering sync reader CS in GetNextSample when aggregated.
6968b29bd93	media: Media Foundation/GStreamer stack (Playport keeps its own video work)	wmvcore: Spawn stream read threads for async reader streams.
53b4202f9ab	media: Media Foundation/GStreamer stack (Playport keeps its own video work)	wmvcore: Implement DedicatedDeliveryThread async reader output setting.
6d7eef65f8d	media: Media Foundation/GStreamer stack (Playport keeps its own video work)	wm_reader: Don't reinit stream if read_compressed didn't change.
ed0f2cc6a91	media: Media Foundation/GStreamer stack (Playport keeps its own video work)	wm_reader: Fix order of streams in reinit_stream.
4abf4a41104	media: Media Foundation/GStreamer stack (Playport keeps its own video work)	HACK: winegstreamer/wm_reader: Force faking compressed samples for some games.
eb6aa9d9dab	media: Media Foundation/GStreamer stack (Playport keeps its own video work)	winegstreamer: Introduce and use a new wg_task_pool helper.
657e08b06f7	media: Media Foundation/GStreamer stack (Playport keeps its own video work)	winegstreamer/wg_parser: Set n-threads for dav1d to 1.
1ed11075f5d	media: Media Foundation/GStreamer stack (Playport keeps its own video work)	winegstreamer/wg_parser: Set n-threads for dav1d to 4 in 64 bit mode.
09490da36e0	media: Media Foundation/GStreamer stack (Playport keeps its own video work)	HACK: winegstreamer: Pass H264 codec data as "codec_data" for avc bitstreams.
c9d03b829a8	media: Media Foundation/GStreamer stack (Playport keeps its own video work)	winegstreamer/media-converter: Initialize read_size to 0 for errors and EOD cases.
d604f9a2f93	media: Media Foundation/GStreamer stack (Playport keeps its own video work)	wmvcore: Start and stop read & delivery threads on OP_START/OP_STOP.
4554b0e87d7	media: Media Foundation/GStreamer stack (Playport keeps its own video work)	HACK: winegstreamer: Expose AV1 decoding support.
7e37da5aba1	media: Media Foundation/GStreamer stack (Playport keeps its own video work)	HACK: wmvdecod: Expose AV1 decoding support.
ad268b2082d	media: Media Foundation/GStreamer stack (Playport keeps its own video work)	mf/sar: Only allow the output audio media subtype as input.
b2a834d2913	media: Media Foundation/GStreamer stack (Playport keeps its own video work)	HACK: winegstreamer: Expose Opus decoding support.
3315734a72e	media: Media Foundation/GStreamer stack (Playport keeps its own video work)	HACK: msauddecmft: Expose Opus decoding support.
490148f295c	media: Media Foundation/GStreamer stack (Playport keeps its own video work)	HACK: winedmo: Convert Opus codec data to WAVEFORMATEX.
5ded0b62114	media: Media Foundation/GStreamer stack (Playport keeps its own video work)	mf: Propagate errors from session_collect_nodes() to the caller of session_set_current_topology().
7f480ee8602	media: Media Foundation/GStreamer stack (Playport keeps its own video work)	mf: Do not set the topo status if a source has been shut down.
4e26273bf7b	media: Media Foundation/GStreamer stack (Playport keeps its own video work)	mf/tests: Add a test for source shutdown after setting the topology.
6851ec1b6c9	media: Media Foundation/GStreamer stack (Playport keeps its own video work)	mfmediaengine: Use D3D resource when scaling.
e453c9926bd	media: Media Foundation/GStreamer stack (Playport keeps its own video work)	HACK: winedmo: Avoid setting negative sample times.
8ee7d2eec82	media: Media Foundation/GStreamer stack (Playport keeps its own video work)	winedmo: Detect the MIME type for ogg.
a76b7b113ea	media: Media Foundation/GStreamer stack (Playport keeps its own video work)	winegstreamer: Do not unref the buffer in push_vorbis_headers().
7b6ca28ab60	media: Media Foundation/GStreamer stack (Playport keeps its own video work)	HACK: mfplat: Use the MP4 bytestream handler as a fallback.
e8bf8b0e887	media: Media Foundation/GStreamer stack (Playport keeps its own video work)	winedmo: Parse stream names from MP4 moov/trak/udta/name tags.
827c9f8ab91	media: Media Foundation/GStreamer stack (Playport keeps its own video work)	HACK: mfreadwrite: Flag ENDOFSTREAM for all source streams for Darksiders Warmastered Edition.
4d9083e70bc	media: Media Foundation/GStreamer stack (Playport keeps its own video work)	HACK: winegstreamer: Implement URI media source with uridecodebin.
bae09b9161a	media: Media Foundation/GStreamer stack (Playport keeps its own video work)	HACK: winegstreamer/quartz_parser: Allow conversions between raw formats in the parser.
2db1c9039fa	media: Media Foundation/GStreamer stack (Playport keeps its own video work)	winegstreamer/media-converter: Try mediaconv even if compressed output is requested.
dcdbf5cdc07	media: Media Foundation/GStreamer stack (Playport keeps its own video work)	winegstreamer/video_decoder: Support VP9 format decoding.
880a79e0f07	media: Media Foundation/GStreamer stack (Playport keeps its own video work)	HACK: wmvdecod: Advertize VP9 format decoding support.
aa2abf49b7d	media: Media Foundation/GStreamer stack (Playport keeps its own video work)	mfreadwrite/reader: Fixup MFVideoFormat_IYUV format to NV12 when enumerating decoders.
89df48e795e	media: Media Foundation/GStreamer stack (Playport keeps its own video work)	HACK: winegstreamer/wm_reader: Return the stream format when faking compressed output.
5917a552027	media: Media Foundation/GStreamer stack (Playport keeps its own video work)	HACK: winegstreamer/wm_reader: Fake RGB32 output for more games.
2b76249421f	media: Media Foundation/GStreamer stack (Playport keeps its own video work)	HACK: winegstreamer: Set GST_GL_WINDOW environment variable.
6c26c2df996	media: Media Foundation/GStreamer stack (Playport keeps its own video work)	winegstreamer/wma_decoder: Return S_FALSE when more input is needed.
c3e3408e33f	media: Media Foundation/GStreamer stack (Playport keeps its own video work)	winegstreamer/video_decoder: Return S_FALSE when more input is needed.
a8423de1923	media: Media Foundation/GStreamer stack (Playport keeps its own video work)	qasf: Return S_OK from process_output when needs more input.
18b446c6ebc	media: Media Foundation/GStreamer stack (Playport keeps its own video work)	HACK: winegstreamer/wm_reader: Disable OpenGL pipeline for KiriKiri games.
c3247633479	media: Media Foundation/GStreamer stack (Playport keeps its own video work)	HACK: winegstreamer/wm_reader: Read compressed samples for KiriKiri games.
8f4db8f22ec	media: Media Foundation/GStreamer stack (Playport keeps its own video work)	HACK: winegstreamer/wm_reader: Fake compressed output formats for KiriKiri games.
6eaebe89fff	media: Media Foundation/GStreamer stack (Playport keeps its own video work)	HACK: winegstreamer/video_decoder: Fake decoder input format for KiriKiri games.
30d980c95f8	media: Media Foundation/GStreamer stack (Playport keeps its own video work)	HACK: winegstreamer/wma_decoder: Fake decoder input format for KiriKiri games.
850085cb5e0	media: Media Foundation/GStreamer stack (Playport keeps its own video work)	mfplat: Do not zero-init memory buffers.
18d16d81c85	media: Media Foundation/GStreamer stack (Playport keeps its own video work)	HACK: qasf/asfreader: Name the output pin as out0 for KoFXIII: GLOBAL MATCH.
0f1a6d8dc3b	media: Media Foundation/GStreamer stack (Playport keeps its own video work)	winedmo: Create h264-used and placeholder-video-used tag files.
c424a7d91cc	media: Media Foundation/GStreamer stack (Playport keeps its own video work)	media-converter: Log when tag file is being created.
067edaa1171	media: Media Foundation/GStreamer stack (Playport keeps its own video work)	winegstreamer: HACK: Use last scanline for bottom padding.
8a23ef9f0bb	media: Media Foundation/GStreamer stack (Playport keeps its own video work)	mfplat: Set current buffer length in copy_2d_buffer.
9facd953714	media: Media Foundation/GStreamer stack (Playport keeps its own video work)	winegstreamer: Add stub implementation for IMFVideoProcessorControl to video_processor.
c50854f25d9	media: Media Foundation/GStreamer stack (Playport keeps its own video work)	mfmediaengine: Check we have a frame_sink before access.
b488d4325bf	media: Media Foundation/GStreamer stack (Playport keeps its own video work)	winegstreamer: HACK: Always preserve theora timestamps.
ac2170517aa	media: Media Foundation/GStreamer stack (Playport keeps its own video work)	winegstreamer: Add support for the I420 10LE format.
f6ae465013f	media: Media Foundation/GStreamer stack (Playport keeps its own video work)	winegstreamer: Don't try protonvideoconvert if URI has a web scheme.
01866609e1e	media: Media Foundation/GStreamer stack (Playport keeps its own video work)	media-converter: Log tag file creation as error.
2389039f129	media: Media Foundation/GStreamer stack (Playport keeps its own video work)	winedmo: HACK: Do not check for opus decoder support.
1406e1ecd39	media: Media Foundation/GStreamer stack (Playport keeps its own video work)	winegstreamer: HACK: Restore the transcoded audio info if present in user data.
a1957217929	media: Media Foundation/GStreamer stack (Playport keeps its own video work)	mfsrcsnk: HACK: Append transcoded audio info to user data and return AAC for Warhammer 40,000: Dakka Squadron.
1d9c6e885e3	media: Media Foundation/GStreamer stack (Playport keeps its own video work)	winegstreamer: HACK: Add support for > 2 opus channels.
2e41271ca06	media: Media Foundation/GStreamer stack (Playport keeps its own video work)	mfplat: HACK: Fix performance regression in RE:7.
4ffbb36b75a	media: Media Foundation/GStreamer stack (Playport keeps its own video work)	mfplat: HACK: Enable the 2d buffer lock optimisation for Metal Gear Solid V.
34918fd294c	media: Media Foundation/GStreamer stack (Playport keeps its own video work)	winedmo: HACK: Set a non-zero value in WAVEFORMATEX wBitsPerSample for transcoded audio in Metal Gear Solid V.
c53c923bd3d	media: Media Foundation/GStreamer stack (Playport keeps its own video work)	winegstreamer: HACK: Fix media source NV12 output alignment.
bfff81c9751	media: Media Foundation/GStreamer stack (Playport keeps its own video work)	mfmediaengine: HACK: Support video output in format R10G10B10A2.
792ddc05c10	media: Media Foundation/GStreamer stack (Playport keeps its own video work)	winegstreamer: Don't send stream_start in PULL mode.
db53ed953fb	media: Media Foundation/GStreamer stack (Playport keeps its own video work)	winegstreamer: Avoid pre-condition assertion failures.
8fceab6c218	media: Media Foundation/GStreamer stack (Playport keeps its own video work)	HACK: winegstreamer: Add media formats hacks for Okayunyumu.
5687f5ab368	unused: winex11/winewayland/winebus/hidraw/pulse/opengl32, not in the iOS build	winebus: Enable SDL input logging when hid channel is enabled.
64ca68c68d6	madeira: Madeira's host-pad xinput (wine-port 0055) rewrote these functions	xinput1_3: Move controller_(destroy|disable) code around.
be051c83ce1	upstream: already in wine-11.18	xinput1_3: Introduce a new open_device_at_index helper.
59e1f60bc14	proton: Steam client, Proton, Linux desktop, VR, GL/fshack, AMD/NVIDIA spoofing or winevulkan	HACK: xinput1_3: Check Steam overlay presence and disconnect controllers when enabled.
88a41f32c6b	proton: Steam client, Proton, Linux desktop, VR, GL/fshack, AMD/NVIDIA spoofing or winevulkan	HACK: dinput: Check Steam overlay presence and clear device state when enabled.
e5962fefb17	unused: winex11/winewayland/winebus/hidraw/pulse/opengl32, not in the iOS build	HACK: hidclass: Do not send WM_INPUT messages when overlay is open.
de1bed5325c	unused: winex11/winewayland/winebus/hidraw/pulse/opengl32, not in the iOS build	HACK: winebus: Introduce new PROTON_(ENABLE|DISABLE)_HIDRAW env vars.
438924b04e3	unused: winex11/winewayland/winebus/hidraw/pulse/opengl32, not in the iOS build	winebus: Automatically bypass udevd in Flatpak or pressure-vessel.
3456607067c	unused: winex11/winewayland/winebus/hidraw/pulse/opengl32, not in the iOS build	winebus: Guess the type of evdev input devices.
c6710aeacd9	unused: winex11/winewayland/winebus/hidraw/pulse/opengl32, not in the iOS build	HACK: winebus: Ignore some SDL controllers and joysticks.
7c474c7270c	unused: winex11/winewayland/winebus/hidraw/pulse/opengl32, not in the iOS build	HACK: winebus: Disable SDL2.30 new behavior for the SDL unix backend.
d9ea7c5162f	unused: winex11/winewayland/winebus/hidraw/pulse/opengl32, not in the iOS build	HACK: winebus: Use evdev backend for the Steam Input virtual controllers.
7f4c452ff13	proton: Steam client, Proton, Linux desktop, VR, GL/fshack, AMD/NVIDIA spoofing or winevulkan	HACK: xinput: Emulate Steam Input native hooks.
8c78bf97070	proton: Steam client, Proton, Linux desktop, VR, GL/fshack, AMD/NVIDIA spoofing or winevulkan	HACK: dinput: Emulate Steam Input native hooks.
3ec75501ef5	unused: winex11/winewayland/winebus/hidraw/pulse/opengl32, not in the iOS build	HACK: hidclass: Emulate Steam Input native hooks.
e0bbfc920df	proton: Steam client, Proton, Linux desktop, VR, GL/fshack, AMD/NVIDIA spoofing or winevulkan	HACK: ntdll: Emulate Steam Input native hooks.
53fefda5183	proton: Steam client, Proton, Linux desktop, VR, GL/fshack, AMD/NVIDIA spoofing or winevulkan	HACK: win32u: Emulate Steam Input native hooks.
e9105150076	proton: Steam client, Proton, Linux desktop, VR, GL/fshack, AMD/NVIDIA spoofing or winevulkan	HACK: windows.gaming.input: Emulate Steam Input native hooks.
91493b40ba5	taken: clean	dinput8: Prefer the native DLL.
9e3e56b822a	reverted: Valve reverted it (the pair is left out)	dinput/tests: Add tests for joystick id.
8053c1bfb81	reverted: Valve reverted it (the pair is left out)	dinput: Derive DIPROP_JOYSTICKID from device path enumeration.
d394b13b0d6	reverted: Valve reverted it (the pair is left out)	dinput: Once again support creating joystick device with GUID_Joystick.
80d83a6ba4b	tests: tests only	dinput/tests: Add tests for mouse state tracking from pointer updates.
76b3d83f89a	unused: winex11/winewayland/winebus/hidraw/pulse/opengl32, not in the iOS build	hidraw: Enable hidraw for fanatec wheel-bases.
30876465465	unused: winex11/winewayland/winebus/hidraw/pulse/opengl32, not in the iOS build	HACK: winebus.sys: Fall back to non-hidraw devices.
db523be38ee	madeira: Madeira's host-pad xinput (wine-port 0055) rewrote these functions	xinput: Hardcode gamepad capabilities like native report them.
33a20222c76	proton: Steam client, Proton, Linux desktop, VR, GL/fshack, AMD/NVIDIA spoofing or winevulkan	HACK: user32: Emulate Steam Input native hooks.
07d4b4bcfec	unused: winex11/winewayland/winebus/hidraw/pulse/opengl32, not in the iOS build	winebus.sys: Create bus specific container IDs for udev based USB HID devices.
380ac083053	proton: Steam client, Proton, Linux desktop, VR, GL/fshack, AMD/NVIDIA spoofing or winevulkan	tools: Add gdbinit helper with LoadSymbolFiles command.
ab5a23197a5	proton: Steam client, Proton, Linux desktop, VR, GL/fshack, AMD/NVIDIA spoofing or winevulkan	loader: Expose the standard debugging symbols for GDB.
13a96060889	replaced: touches a file an *_ios.c replacement overrides	ntdll: Maintain a PE module link map and expose it to GDB.
9135821c686	proton: Steam client, Proton, Linux desktop, VR, GL/fshack, AMD/NVIDIA spoofing or winevulkan	tools: Add gdbunwind.py script with a syscall unwinder.
4027aab4bf7	replaced: touches a file an *_ios.c replacement overrides	HACK: loader: Map /run/host to / in the link map.
013d1f73563	unused: winex11/winewayland/winebus/hidraw/pulse/opengl32, not in the iOS build	winex11: Keep track of the _NET_SUPPORTING_WM_CHECK window.
2c8d6ba1585	unused: winex11/winewayland/winebus/hidraw/pulse/opengl32, not in the iOS build	winex11: Keep track of the window manager name.
d3fecfb65e8	replaced: touches a file an *_ios.c replacement overrides	win32u: Add a new driver entry to check window manager name.
6a2f1a29ed4	replaced: touches a file an *_ios.c replacement overrides	server: Add support for absolute rawinput mouse messages.
a4c1546e81c	unused: winex11/winewayland/winebus/hidraw/pulse/opengl32, not in the iOS build	winex11: Clear the MOUSEEVENTF_MOVE flag when accumulating motion.
94e75456cfb	unused: winex11/winewayland/winebus/hidraw/pulse/opengl32, not in the iOS build	winex11: Add support for absolute position in RawMotion events.
eb0c49cf1ed	replaced: touches a file an *_ios.c replacement overrides	server: Add send_hardware_message flags for rawinput translation.
59647a33ccc	upstream: already in wine-11.18	winex11: Keep track of mouse device and pointer button mappings.
ce48e407d18	unused: winex11/winewayland/winebus/hidraw/pulse/opengl32, not in the iOS build	winex11: Avoid X error with XOpenDevice when mouse is unplugged.
7c5d7051546	unused: winex11/winewayland/winebus/hidraw/pulse/opengl32, not in the iOS build	winex11: Listen to Raw(Motion|Button) events in the desktop thread.
f90b4634e84	unused: winex11/winewayland/winebus/hidraw/pulse/opengl32, not in the iOS build	winex11: Send relative RawMotion events position unprocessed.
fd75f618c4b	unused: winex11/winewayland/winebus/hidraw/pulse/opengl32, not in the iOS build	winex11: Use window-relative coordinates for mouse input.
4cd67b779e0	taken: clean	user32: Add more devnotify traces on +rawinput.
a6471149d81	replaced: touches a file an *_ios.c replacement overrides	user32: Translate WM_POINTER* messages to WM_TOUCH in DefWindowProc.
1a26608f6d7	replaced: touches a file an *_ios.c replacement overrides	user32: Implement semi-stub touch input support.
37f773a9f40	replaced: touches a file an *_ios.c replacement overrides	user32: Implement rudimentary EnableMouseInPointer support.
a1dfed768ae	build: configure, makedep, generated files or tools	user32: Move GetTouchInputInfo to win32u NtUserGetTouchInputInfo.
e0dcfd818eb	replaced: touches a file an *_ios.c replacement overrides	win32u: Support multiple touches in WM_TOUCH message.
eda0a9bf629	left out at the pick: upstream replaced the user32 stub with win32u's NtUserGetPointerType	user32: Return PT_TOUCH from GetPointerType() for non-mouse pointer.
15a1ce0d4c5	replaced: touches a file an *_ios.c replacement overrides	winex11.drv: Use raw touch events.
e8c83feeef1	replaced: touches a file an *_ios.c replacement overrides	server: Move find_pointer_from_id() up.
0d980a9acce	replaced: touches a file an *_ios.c replacement overrides	server: Factor out queue_mouse_message_from_pointer().
6f3006478d3	replaced: touches a file an *_ios.c replacement overrides	server: Merge WM_POINTERUPDATE messages.
c4092946074	replaced: touches a file an *_ios.c replacement overrides	win32u: Improve tracking mouse cursor based on pointer messages.
4f661d9ca5b	replaced: touches a file an *_ios.c replacement overrides	win32u: Update driver cursor position when it is changed by pointer.
7b33d2606f1	unix-side: unix code outside the replacements (not a PE-only game fix)	win32u: Implement NtUserIsMouseInPointerEnabled().
7d23a1219bf	upstream: already in wine-11.18	win32u: Better handle flags for mouse in pointer messages.
06a9b3848d0	taken: clean	imm32: Return success from WM_IME_CONTROL.
ee27b3b7c6e	unused: winex11/winewayland/winebus/hidraw/pulse/opengl32, not in the iOS build	winex11.drv: Ensure initialized thread data in X11DRV_get_ic.
e121b4040c4	replaced: touches a file an *_ios.c replacement overrides	HACK: fshack: win32u: Emulate modesetting by default.
1b72c1c13ec	replaced: touches a file an *_ios.c replacement overrides	HACK: win32u: Emulate display mode list with gamescope.
b460e768104	replaced: touches a file an *_ios.c replacement overrides	HACK: win32u: Limit the number of screen sizes for some games.
ea8d5f94b30	replaced: touches a file an *_ios.c replacement overrides	HACK: win32u: Don't expose lowres screen sizes for some games.
a2ddb220170	replaced: touches a file an *_ios.c replacement overrides	HACK: win32u: Add optional centered low res modes.
c67d194e7c8	proton: Steam client, Proton, Linux desktop, VR, GL/fshack, AMD/NVIDIA spoofing or winevulkan	fshack: win32u: Support vulkan scaling according to fake resolution.
1de016a4c74	upstream: already in wine-11.18	win32u: Load glBlitFramebuffer function pointer.
6f2234f443e	upstream: already in wine-11.18	opengl32: Fix front buffer emulation glBlitFramebuffer parameters.
6bcd1d11170	upstream: already in wine-11.18	opengl32: Use glBlitFramebuffer instead of glBlitNamedFramebuffer.
ad396074e93	upstream: already in wine-11.18	opengl32: Resolve default framebuffer before flushing.
03e93f23157	proton: Steam client, Proton, Linux desktop, VR, GL/fshack, AMD/NVIDIA spoofing or winevulkan	opengl32: Reserve some texture names for internal usage.
a73370a3c86	proton: Steam client, Proton, Linux desktop, VR, GL/fshack, AMD/NVIDIA spoofing or winevulkan	win32u: Use the reserved textures for the FBO surfaces.
51156b7cc5d	proton: Steam client, Proton, Linux desktop, VR, GL/fshack, AMD/NVIDIA spoofing or winevulkan	win32u: Implement framebuffer surface buffer swap.
7c79577766a	replaced: touches a file an *_ios.c replacement overrides	win32u: Introduce a default implementation for gamma ramp.
5d7b91f302b	replaced: touches a file an *_ios.c replacement overrides	fshack: win32u: Support opengl scaling according to fake resolution.
3b4421a7703	taken: clean; keyed on SteamGameId, which the app sets since decision 0020	gdiplus: Add GdipMeasureString hack for SpriteFontX.
13d0701f171	taken: clean	setupapi: Compare dll files before overwriting them.
1fe697829f0	replaced: touches a file an *_ios.c replacement overrides	HACK: win32u: Remove 1280x768 which wasn't present before.
6392ad52e0f	replaced: touches a file an *_ios.c replacement overrides	HACK: win32u: Add a frequency to 800x600  mode and disable low res modes for Dishonored 2.
dd4dba06bc0	unused: winex11/winewayland/winebus/hidraw/pulse/opengl32, not in the iOS build	winex11.drv: Ignore ClipCursor if desktop window is foreground.
42c21282168	unused: winex11/winewayland/winebus/hidraw/pulse/opengl32, not in the iOS build	winex11.drv: Wait for pointer grab on FocusIn/WM_TAKE_FOCUS events.
753e569b166	unused: winex11/winewayland/winebus/hidraw/pulse/opengl32, not in the iOS build	HACK: winex11: Disable pointer grab wait with gamescope.
c50b31cc219	unused: winex11/winewayland/winebus/hidraw/pulse/opengl32, not in the iOS build	HACK: winex11: Add a bit of delay before restoring mouse grabs on FocusIn with mutter.
a5846911d55	unused: winex11/winewayland/winebus/hidraw/pulse/opengl32, not in the iOS build	Revert "winex11.drv: Only call XWarpPointer if we can get exclusive pointer grab."
7d3ab053bf4	unix-side: unix code outside the replacements (not a PE-only game fix)	win32u: Keep the clipping rectangle inside a fullscreen window.
da191cf0169	unused: winex11/winewayland/winebus/hidraw/pulse/opengl32, not in the iOS build	winex11.drv: Move Xfixes extension query to process_attach.
3946d2fe5e9	unused: winex11/winewayland/winebus/hidraw/pulse/opengl32, not in the iOS build	winex11: Use XFixes to hide cursor before warping it.
e765574d0de	upstream: already in wine-11.18	winex11: Always ignore MotionNotify event after SetCursorPos.
90bd51ad255	unused: winex11/winewayland/winebus/hidraw/pulse/opengl32, not in the iOS build	HACK: winex11: Drop X11DRV_GetCursorPos entirely.
85e82d612bd	unused: winex11/winewayland/winebus/hidraw/pulse/opengl32, not in the iOS build	winex11: Flush GDI display after client window requests.
80ebdfba8f5	unused: winex11/winewayland/winebus/hidraw/pulse/opengl32, not in the iOS build	winex11: Avoid blitting empty GL/VK rects.
11ad233c968	unused: winex11/winewayland/winebus/hidraw/pulse/opengl32, not in the iOS build	winex11: Clear the padding around the window with display mode emulation.
b5c473f0777	unused: winex11/winewayland/winebus/hidraw/pulse/opengl32, not in the iOS build	winex11.drv: Bypass compositor in fullscreen mode.
7a1bb106047	taken: clean	explorer: Create the standalone systray window with WS_EX_NOACTIVATE.
1706eb78e24	unused: winex11/winewayland/winebus/hidraw/pulse/opengl32, not in the iOS build	HACK: proton: winex11.drv: Check Steam overlay presence and drop events when enabled.
22eba8f1aa3	unused: winex11/winewayland/winebus/hidraw/pulse/opengl32, not in the iOS build	HACK: proton: winex11.drv: Expose GWL_STYLE and GWL_EXSTYLE as X11 properties.
bc2debc48cb	unused: winex11/winewayland/winebus/hidraw/pulse/opengl32, not in the iOS build	HACK: winex11.drv: Workaround focusing out of exclusive fullscreen windows.
b00d7673111	unix-side: unix code outside the replacements (not a PE-only game fix)	HACK: user32: Disable layered windows support for Zombie Army 4.
98945d07339	unix-side: unix code outside the replacements (not a PE-only game fix)	HACK: user32: Disable layered windows for Strange Brigade.
c66d56f8539	unix-side: unix code outside the replacements (not a PE-only game fix)	HACK: user32: Disable layered windows for Evil Genius 2.
4f6565f78cc	proton: Steam client, Proton, Linux desktop, VR, GL/fshack, AMD/NVIDIA spoofing or winevulkan	winebrowser: Restore original LD_LIBRARY_PATH before calling to system
65394693ecb	unused: winex11/winewayland/winebus/hidraw/pulse/opengl32, not in the iOS build	winex11.drv: Do not shape layered windows in Gamescope.
b24ecb4824a	toolchain: works around LLVM issue 101355 for older toolchains; Madeira's ARM64EC build runs without it on llvm-mingw's LLVM 23	winecrt0: Provide an exit thunk for memcpy/memmove/memset.
082281e42b3	taken: clean	kernelbase: Ignore LOAD_LIBRARY_SEARCH_SYSTEM32 flags for webservices.dll in LoadLibraryExW.
39e7eed749a	taken: resolved: beside upstream's new version resource lines	webservices: Prefer native.
258d6527c40	inert: mshtml and jscript run only with Wine Gecko, which the app does not ship	HACK: Create HTMLDocument in dedicated thread to work around Gecko threading limitation.
336f62e6d39	inert: mshtml and jscript run only with Wine Gecko, which the app does not ship	mshtml: Use environment variable instead of registry for dedicated thread hack.
c8315def4fe	inert: mshtml and jscript run only with Wine Gecko, which the app does not ship	mshtml: Also enable dedicated thread hack for The Sims 3.
1688979be55	inert: mshtml and jscript run only with Wine Gecko, which the app does not ship	mshtml: HACK: Split rules in HTMLStyleSheet_put_cssText().
ecdad1b89a9	replaced: touches a file an *_ios.c replacement overrides	HACK: win32u: Don't even try changing display mode with gamescope.
162eefd67f0	replaced: touches a file an *_ios.c replacement overrides	HACK: gamescope: user32: On steamcompmgr, don't limit window size to screen size
e47cc582d3e	replaced: touches a file an *_ios.c replacement overrides	HACK: gamescope: user32: Pretend that windows are undecorated with gamescope.
75dd4213adc	unused: winex11/winewayland/winebus/hidraw/pulse/opengl32, not in the iOS build	HACK: gamescope: winex11.drv: Disable gamescope hacks for Street Fighter V.
ff71ed5dc2b	unused: winex11/winewayland/winebus/hidraw/pulse/opengl32, not in the iOS build	winex11.drv: Sync window position when maximizing window on Gamescope.
8dfd5b9c9a0	unused: winex11/winewayland/winebus/hidraw/pulse/opengl32, not in the iOS build	winex11.drv: HACK: Don't call XIconifyWindow() on Gamescope for Idle Spiral.
f75238152a5	unused: winex11/winewayland/winebus/hidraw/pulse/opengl32, not in the iOS build	HACK: winex11: Avoid requesting NET_WM_STATE_FULLSCREEN with gamescope.
4bf0645f593	unused: winex11/winewayland/winebus/hidraw/pulse/opengl32, not in the iOS build	HACK: winex11: Don't expect WM_STATE property change with gamescope.
b3b73ad88c2	unused: winex11/winewayland/winebus/hidraw/pulse/opengl32, not in the iOS build	winex11.drv: Set X window property to indicate if the presentation may flip.
b332bd39f47	replaced: touches a file an *_ios.c replacement overrides	win32u: Mind monitor pixel density when looking for intersecting area.
be674a72210	unused: winex11/winewayland/winebus/hidraw/pulse/opengl32, not in the iOS build	winex11: Use offscreen for client surfaces of visible offscreen windows.
be37530dcce	replaced: touches a file an *_ios.c replacement overrides	win32u: Map driver DC coordinates to raw monitor DPI.
1fe17ead4a4	taken: clean	HACK: user32: Handle OBJID_QUERYCLASSNAMEIDX for user32 edit control.
a10408af11a	taken: clean	HACK: uiautomationcore: Use IAccessible2::get_windowHandle method to get HWND when possible.
77a5fcf96ed	proton: Steam client, Proton, Linux desktop, VR, GL/fshack, AMD/NVIDIA spoofing or winevulkan	tabtip: Create tabtip.exe.
09bee075834	proton: Steam client, Proton, Linux desktop, VR, GL/fshack, AMD/NVIDIA spoofing or winevulkan	explorer: Start tabtip process before the main loop.
175901d4c57	proton: Steam client, Proton, Linux desktop, VR, GL/fshack, AMD/NVIDIA spoofing or winevulkan	tabtip: Allow opening/closing the steam OSK via window messages.
b0a51d86fde	proton: Steam client, Proton, Linux desktop, VR, GL/fshack, AMD/NVIDIA spoofing or winevulkan	windows.ui: HACK: Implement IInputPane2::Try{Show,Hide} via tabtip.
6b70a512459	unused: winex11/winewayland/winebus/hidraw/pulse/opengl32, not in the iOS build	HACK: winex11: Reset focus before mapping a window which will be focused.
b0c0aa2c242	unused: winex11/winewayland/winebus/hidraw/pulse/opengl32, not in the iOS build	HACK: winex11: Try harder to take focus away from Steam.
20bf0d401d6	unused: winex11/winewayland/winebus/hidraw/pulse/opengl32, not in the iOS build	HACK: winex11: Disable host window decorations with Mutter.
fadcf28ba20	taken: resolved: upstream's netconn_verify_cert takes the chain (f27d14a2); passed in the moved call	winhttp: Move connect end checks out of the loop.
294b122185f	taken: clean	winhttp: Introduce new netconn_negotiate helper.
377075a4df1	taken: clean	winhttp: Handle SEC_I_RENEGOTIATE after DecryptMessage.
e8dbda3727d	taken: clean	secur32: Perform TLS re-handshake after SEC_I_RENEGOTIATE was returned.
77dd0d360bc	taken: clean	dmime: Implement IDirectMusicTrack_EndPlay for wave track.
f390a34139f	taken: clean	dmime: Stop previously playing primary segment in PlaySegmentEx.
46cedf9d9fe	taken: clean	HACK: dmime: Don't send segment end message for secondary segments.
b1d568c4f51	replaced: touches a file an *_ios.c replacement overrides	HACK: ntdll: Convert VR_CONFIG_PATH and VR_LOG_PATH environment variables.
b94adb1cf20	replaced: touches a file an *_ios.c replacement overrides	ntdll: Increase step after failed map attempt in try_map_free_area().
f573dbbd8c2	replaced: touches a file an *_ios.c replacement overrides	ntdll: Increase free ranges view block size on 64 bit.
0e735500a9a	replaced: touches a file an *_ios.c replacement overrides	ntdll: Force virtual memory allocation order.
91ce382cb61	replaced: touches a file an *_ios.c replacement overrides	ntdll: Exclude natively mapped areas from free areas list.
a4594ae73a2	replaced: touches a file an *_ios.c replacement overrides	ntdll: HACK: Load Unix libs at once in load_builtin_unixlib().
551d4a47ffd	replaced: touches a file an *_ios.c replacement overrides	HACK: ntdll: Mark first gta5.exe page as copied.
d94ce8c2c46	replaced: touches a file an *_ios.c replacement overrides	ntdll: Add newer UFFD definitions (until Steam Runtime is updated with that).
799e5f0f562	replaced: touches a file an *_ios.c replacement overrides	ntdll/loader: add support for overriding IMAGE_FILE_LARGE_ADDRESS_AWARE
a260f8bc13c	replaced: touches a file an *_ios.c replacement overrides	ntdll: Guard against syscall stack overrun.
96666ae3beb	replaced: touches a file an *_ios.c replacement overrides	ntdll: Improve faults logging.
f8c55755d36	proton: Steam client, Proton, Linux desktop, VR, GL/fshack, AMD/NVIDIA spoofing or winevulkan	explorer: Add an environment variable setting to start Xalia.
099dc86c30c	unused: winex11/winewayland/winebus/hidraw/pulse/opengl32, not in the iOS build	winex11.drv: Mark Xalia overlay window as a gamescope overlay.
d03cf00b3be	replaced: touches a file an *_ios.c replacement overrides	win32u: Implement cross-process GetScrollBarInfo.
114f47760d6	replaced: touches a file an *_ios.c replacement overrides	win32u: Implement cross-process GetScrollInfo.
78032a5b3ea	unix-side: unix code outside the replacements (not a PE-only game fix)	win32u: Implement winevents for scrollbars.
74d09cfe384	unix-side: unix code outside the replacements (not a PE-only game fix)	win32u: Send EVENT_SYSTEM_FOREGROUND in another case.
e9d991c4cb1	taken: clean	user32: Handle WM_GETOBJECT in buttons.
c633c15dfa0	taken: clean	user32: Respond to OBJID_QUERYCLASSNAMEIDX in combo boxes.
4462ba3a45b	upstream: already in wine-11.18	jscript: Use no_gc_traverse for host functions and constructors.
129fc2bd2e4	inert: mshtml and jscript run only with Wine Gecko, which the app does not ship	mshtml: Move cycle collector definitions to jscript.
b2e013018ac	upstream: already in wine-11.18	jscript: Replace the addref/release methods for host objects with get_host_disp.
486369a15cd	upstream: already in wine-11.18	jscript: Use get_host_disp in the vtbl when retrieving the host outer dispatch.
083a8f7f275	inert: mshtml and jscript run only with Wine Gecko, which the app does not ship	jscript: Implement mshtml cycle collection for jscript objects, when available.
8f138bea656	inert: mshtml and jscript run only with Wine Gecko, which the app does not ship	mshtml: Make Collection Enumerators part of the Cycle Collection graph.
684bc4f9951	inert: mshtml and jscript run only with Wine Gecko, which the app does not ship	mshtml HACK: Do not expose MutationObserver stub.
50678a17fc5	taken: clean	dwmapi: Add DWMWA_NCRENDERING_ENABLED stub for DwmGetWindowAttribute.
9111025543b	taken: clean	dwmapi: Add DWMWA_CLOAKED stub for DwmGetWindowAttribute.
c2cc178a067	inert: wineboot or services.exe; the app runs neither	wineboot: On prefix upgrade, update win10 build number
e1439fd8e89	inert: wine.inf only; the app never runs wine.inf	wine.inf: Set a valid Win10 ProductId.
5dfe8c98f5b	inert: wineboot or services.exe; the app runs neither	wineboot: Generate better DigitalProductId.
c80b657861d	inert: wineboot or services.exe; the app runs neither	wineboot: Load root certificates on prefix update.
4bc6c30aa64	replaced: touches a file an *_ios.c replacement overrides	win32u: Don't load bitmap only TTF fonts without bitmap table.
aaf09d934a9	unix-side: unix code outside the replacements (not a PE-only game fix)	HACK: win32u/font: Support font linking for Arial and Courier New.
e440b71a0f5	inert: wine.inf only; the app never runs wine.inf	wine.inf: Add font registry entries.
20730000240	inert: wine.inf only; the app never runs wine.inf	wine.inf: Substitute Times New Roman for Palatino Linotype
2b467cfa3e9	inert: wine.inf only; the app never runs wine.inf	HACK: loader/wine.inf: Add registry entries for the new fonts.
4db2aa30355	inert: wine.inf only; the app never runs wine.inf	loader/wine.inf: Add registry entries for Microsoft Sans Serif (micross.ttf) and Nirmala UI (nirmala.ttf).
fc0e284eb74	proton: Steam client, Proton, Linux desktop, VR, GL/fshack, AMD/NVIDIA spoofing or winevulkan	dwrite: Use fonts distributed with Proton as fallback.
31b56a9a7b6	proton: Steam client, Proton, Linux desktop, VR, GL/fshack, AMD/NVIDIA spoofing or winevulkan	loader: Install all fonts provided by Proton in the registry.
84fcfca3003	inert: wine.inf only; the app never runs wine.inf	wine.inf: Substitute Times New Roman for Verdana.
6769129e0a1	replaced: touches a file an *_ios.c replacement overrides	win32u: Set all glyph load flags in get_load_flags().
b905b7888e8	unix-side: unix code outside the replacements (not a PE-only game fix)	win32u: Store effective AA flags in font_physdev.
c1d74b8e154	replaced: touches a file an *_ios.c replacement overrides	win32u: Use font AA flags when querying glyph outline with GGO_METRICS.
7f878b9d3bd	replaced: touches a file an *_ios.c replacement overrides	win32u: HACK: Ignore font GASP flags for Alien Swarm Reactive Drop.
613eb8e2ea7	proton: Steam client, Proton, Linux desktop, VR, GL/fshack, AMD/NVIDIA spoofing or winevulkan	amd_ags_x64: Import v5.1.1 amd_ags.h.
47230f194c3	proton: Steam client, Proton, Linux desktop, VR, GL/fshack, AMD/NVIDIA spoofing or winevulkan	amd_ags_x64: Make amd_ags.h usable with gcc.
56b3125e7d5	proton: Steam client, Proton, Linux desktop, VR, GL/fshack, AMD/NVIDIA spoofing or winevulkan	amd_ags_x64: Add dll.
fc64021fe96	proton: Steam client, Proton, Linux desktop, VR, GL/fshack, AMD/NVIDIA spoofing or winevulkan	amd_ags_x64: Add agsGetCrossfireGPUCount stub.
38bd02d206e	proton: Steam client, Proton, Linux desktop, VR, GL/fshack, AMD/NVIDIA spoofing or winevulkan	amd_ags_x64: Update to 5.2.0.
bc52d4dd458	proton: Steam client, Proton, Linux desktop, VR, GL/fshack, AMD/NVIDIA spoofing or winevulkan	amd_ags_x64: Update to 5.2.1.
e00dd154f1e	proton: Steam client, Proton, Linux desktop, VR, GL/fshack, AMD/NVIDIA spoofing or winevulkan	amd_ags_x64: Update to 5.3.0.
e914a974953	proton: Steam client, Proton, Linux desktop, VR, GL/fshack, AMD/NVIDIA spoofing or winevulkan	amd_ags_x64: Update to 5.4.0.
582f355d428	proton: Steam client, Proton, Linux desktop, VR, GL/fshack, AMD/NVIDIA spoofing or winevulkan	amd_ags_x64: Update to 5.4.1
f0e7649eba8	proton: Steam client, Proton, Linux desktop, VR, GL/fshack, AMD/NVIDIA spoofing or winevulkan	amd_ags_x64: Fill in localMemoryInBytes.
1f57cea2da1	proton: Steam client, Proton, Linux desktop, VR, GL/fshack, AMD/NVIDIA spoofing or winevulkan	amd_ags_x64: Update reported driver version to 20.20.2.
e302836d229	proton: Steam client, Proton, Linux desktop, VR, GL/fshack, AMD/NVIDIA spoofing or winevulkan	amd_ags_x64: Detect library version from DLL included with game.
ca507f59eed	proton: Steam client, Proton, Linux desktop, VR, GL/fshack, AMD/NVIDIA spoofing or winevulkan	amd_ags_x64: Don't use ordinals in spec file.
ca4dfe0a4b0	proton: Steam client, Proton, Linux desktop, VR, GL/fshack, AMD/NVIDIA spoofing or winevulkan	amd_ags_x64: Add more stubs to spec file.
931e3b951bb	proton: Steam client, Proton, Linux desktop, VR, GL/fshack, AMD/NVIDIA spoofing or winevulkan	amd_ags_x64: Add partial stub for agsCheckDriverVersion().
2202119def6	proton: Steam client, Proton, Linux desktop, VR, GL/fshack, AMD/NVIDIA spoofing or winevulkan	amd_ags_x64: Implement agsDriverExtensionsDX12_CreateDevice().
f96de6488f3	proton: Steam client, Proton, Linux desktop, VR, GL/fshack, AMD/NVIDIA spoofing or winevulkan	amd_ags_x64: Fix devices array layout.
a804696f961	proton: Steam client, Proton, Linux desktop, VR, GL/fshack, AMD/NVIDIA spoofing or winevulkan	amd_ags_x64: Fill display info in AGS context.
6545a494b98	proton: Steam client, Proton, Linux desktop, VR, GL/fshack, AMD/NVIDIA spoofing or winevulkan	amd_ags_x64: Bump driver version.
4d2cd351f42	proton: Steam client, Proton, Linux desktop, VR, GL/fshack, AMD/NVIDIA spoofing or winevulkan	amd_ags_x64: Implement agsDriverExtensionsDX12_DestroyDevice
df83f74c48c	proton: Steam client, Proton, Linux desktop, VR, GL/fshack, AMD/NVIDIA spoofing or winevulkan	amd_ags_x64: Implement AGS 5.4.2
15fccc9d9c4	proton: Steam client, Proton, Linux desktop, VR, GL/fshack, AMD/NVIDIA spoofing or winevulkan	amd_ags_x64: Implement AGS 6.0.0
ffa1c69c306	proton: Steam client, Proton, Linux desktop, VR, GL/fshack, AMD/NVIDIA spoofing or winevulkan	amd_ags_x64: Implement AGS 6.0.1
e4559be3ea7	proton: Steam client, Proton, Linux desktop, VR, GL/fshack, AMD/NVIDIA spoofing or winevulkan	amd_ags_x64: Add agsDriverExtensionsDX11_Init() semi-stub.
b4cf9c8298a	proton: Steam client, Proton, Linux desktop, VR, GL/fshack, AMD/NVIDIA spoofing or winevulkan	amd_ags_x64: Bump driver version to 21.10.2.
6ce26d1667f	proton: Steam client, Proton, Linux desktop, VR, GL/fshack, AMD/NVIDIA spoofing or winevulkan	amd_ags_x64: Implement agsDriverExtensionsDX11_CreateDevice().
9da30a8fc43	proton: Steam client, Proton, Linux desktop, VR, GL/fshack, AMD/NVIDIA spoofing or winevulkan	amd_ags_x64: Add stub for agsDriverExtensionsDX11_SetDepthBounds().
e9191cb4c64	proton: Steam client, Proton, Linux desktop, VR, GL/fshack, AMD/NVIDIA spoofing or winevulkan	amd_ags_x64: Implement agsDriverExtensionsDX11_DestroyDevice().
41e40591b3a	proton: Steam client, Proton, Linux desktop, VR, GL/fshack, AMD/NVIDIA spoofing or winevulkan	amd_ags_x64: Copy native module to a temporary file for getting version info.
f7b18a7454b	proton: Steam client, Proton, Linux desktop, VR, GL/fshack, AMD/NVIDIA spoofing or winevulkan	amd_ags_x64: Stub agsSetDisplayMode().
5fc0b0be92f	proton: Steam client, Proton, Linux desktop, VR, GL/fshack, AMD/NVIDIA spoofing or winevulkan	amd_ags_x64: Add agsDriverExtensionsDX11_BeginUAVOverlap() stub.
721ed32c813	proton: Steam client, Proton, Linux desktop, VR, GL/fshack, AMD/NVIDIA spoofing or winevulkan	amd_ags_x64: Add agsDriverExtensionsDX11_EndUAVOverlap() stub.
6ac8464a3a1	proton: Steam client, Proton, Linux desktop, VR, GL/fshack, AMD/NVIDIA spoofing or winevulkan	amd_ags_x64: Store d3d11 immediate context in AGS context.
41c68412046	proton: Steam client, Proton, Linux desktop, VR, GL/fshack, AMD/NVIDIA spoofing or winevulkan	amd_ags_x64: Implement agsDriverExtensionsDX11_SetDepthBounds().
95dd6626eee	proton: Steam client, Proton, Linux desktop, VR, GL/fshack, AMD/NVIDIA spoofing or winevulkan	amd_ags_x64: Implement UAV overlap.
911ad1daa73	proton: Steam client, Proton, Linux desktop, VR, GL/fshack, AMD/NVIDIA spoofing or winevulkan	amd_ags_x64: Update to 6.1.0.
f617e3cf79e	proton: Steam client, Proton, Linux desktop, VR, GL/fshack, AMD/NVIDIA spoofing or winevulkan	amd_ags_x64: Set isAPU field in device info.
28699099d8f	proton: Steam client, Proton, Linux desktop, VR, GL/fshack, AMD/NVIDIA spoofing or winevulkan	amd_ags_x64: Skip non-physical devices.
9a51569a7b4	proton: Steam client, Proton, Linux desktop, VR, GL/fshack, AMD/NVIDIA spoofing or winevulkan	atiadlxx: Add stub DLL, disabled by default.
7af07f6d91d	proton: Steam client, Proton, Linux desktop, VR, GL/fshack, AMD/NVIDIA spoofing or winevulkan	atiadlxx: Stub GPU/display enumeration and clock/memory info.
822143a6c09	proton: Steam client, Proton, Linux desktop, VR, GL/fshack, AMD/NVIDIA spoofing or winevulkan	atiadlxx: Update fake driver version to 20.10.1.
f95d02c332b	proton: Steam client, Proton, Linux desktop, VR, GL/fshack, AMD/NVIDIA spoofing or winevulkan	atiadlxx: Update fake driver version to 21.20.01
1305bf82b3e	proton: Steam client, Proton, Linux desktop, VR, GL/fshack, AMD/NVIDIA spoofing or winevulkan	atiadlxx: Add stub for ADL_Display_DisplayMapConfig_Get().
0b4dccb3ebc	proton: Steam client, Proton, Linux desktop, VR, GL/fshack, AMD/NVIDIA spoofing or winevulkan	atiadlxx: Query the information from dxgi instead of wined3d.
6049a3163dd	proton: Steam client, Proton, Linux desktop, VR, GL/fshack, AMD/NVIDIA spoofing or winevulkan	atiadlxx: Bump driver version.
2f099951a41	proton: Steam client, Proton, Linux desktop, VR, GL/fshack, AMD/NVIDIA spoofing or winevulkan	amd_ags_x64, atiadlxx: Bump driver version.
e03fcc04200	proton: Steam client, Proton, Linux desktop, VR, GL/fshack, AMD/NVIDIA spoofing or winevulkan	amd_ags_x64, atiadlxx: Bump driver version.
76f26395a41	proton: Steam client, Proton, Linux desktop, VR, GL/fshack, AMD/NVIDIA spoofing or winevulkan	amd_ags_x64: Support version 5.0.5.
33d0b488113	proton: Steam client, Proton, Linux desktop, VR, GL/fshack, AMD/NVIDIA spoofing or winevulkan	amd_ags_x64: Fill chroma info in AGSDisplayInfo.
17ecd62b32b	proton: Steam client, Proton, Linux desktop, VR, GL/fshack, AMD/NVIDIA spoofing or winevulkan	amd_ags_x64: Add definitions for AGSDisplaySettings_506
d35ce034271	proton: Steam client, Proton, Linux desktop, VR, GL/fshack, AMD/NVIDIA spoofing or winevulkan	amd_ags_x64: Implement agsSetDisplayMode
2c528630d29	proton: Steam client, Proton, Linux desktop, VR, GL/fshack, AMD/NVIDIA spoofing or winevulkan	amd_ags_x64,atiadllxx: Bump AMD driver version.
8717ab339d1	proton: Steam client, Proton, Linux desktop, VR, GL/fshack, AMD/NVIDIA spoofing or winevulkan	amd_ags_x64: Implement agsDriverExtensionsDX11_DeInit().
12ea2f7ec2b	proton: Steam client, Proton, Linux desktop, VR, GL/fshack, AMD/NVIDIA spoofing or winevulkan	amd_ags_x64: Factor out get_version_number().
02a77198d70	proton: Steam client, Proton, Linux desktop, VR, GL/fshack, AMD/NVIDIA spoofing or winevulkan	amd_ags_x64: Use version provided for agsInitialize().
cc4f784d48a	proton: Steam client, Proton, Linux desktop, VR, GL/fshack, AMD/NVIDIA spoofing or winevulkan	amd_ags_x64: Factor out get_ags_version_from_resource().
91dbceba24d	proton: Steam client, Proton, Linux desktop, VR, GL/fshack, AMD/NVIDIA spoofing or winevulkan	amd_ags_x64: Try to get version from agsGetVersionNumber() if there is no version resource.
4926b51faf4	proton: Steam client, Proton, Linux desktop, VR, GL/fshack, AMD/NVIDIA spoofing or winevulkan	amd_ags_x64: Distinguish some versions through available exports if other methods failed.
2ac1e7b4f90	proton: Steam client, Proton, Linux desktop, VR, GL/fshack, AMD/NVIDIA spoofing or winevulkan	amd_ags_x64: Recognize version 6.2.0.
698e66fee28	proton: Steam client, Proton, Linux desktop, VR, GL/fshack, AMD/NVIDIA spoofing or winevulkan	amd_ags_x64: Add Unix library.
844e8b965e9	proton: Steam client, Proton, Linux desktop, VR, GL/fshack, AMD/NVIDIA spoofing or winevulkan	amd_ags_x64: Load libdrm amdgpu info.
f87d267bf67	proton: Steam client, Proton, Linux desktop, VR, GL/fshack, AMD/NVIDIA spoofing or winevulkan	amd_ags_x64: Try to guess asicFamily from amdgpu info.
3e2ba35493d	proton: Steam client, Proton, Linux desktop, VR, GL/fshack, AMD/NVIDIA spoofing or winevulkan	amd_ags_x64: Fill more device info fields.
0f588d2aaa9	proton: Steam client, Proton, Linux desktop, VR, GL/fshack, AMD/NVIDIA spoofing or winevulkan	amd_ags_x64: Downgrade agsCheckDriverVersion() message to WARN.
4450ed0c5b1	proton: Steam client, Proton, Linux desktop, VR, GL/fshack, AMD/NVIDIA spoofing or winevulkan	amd_ags_x64: Workaround zero clock reporting on Vangogh GPU.
b278eebb6ef	proton: Steam client, Proton, Linux desktop, VR, GL/fshack, AMD/NVIDIA spoofing or winevulkan	amd_ags_x64: Store AGS version as a single value in ags_info.
d526a97bf5c	proton: Steam client, Proton, Linux desktop, VR, GL/fshack, AMD/NVIDIA spoofing or winevulkan	amd_ags_x64: Coalesce some identical version definitions.
27524b98b2d	proton: Steam client, Proton, Linux desktop, VR, GL/fshack, AMD/NVIDIA spoofing or winevulkan	amd_ags_x64: Recognize versions 5.0.1 - 5.0.6.
e87e9626a64	proton: Steam client, Proton, Linux desktop, VR, GL/fshack, AMD/NVIDIA spoofing or winevulkan	amd_ags_x64: Prefer builtin.
7807cc6ccb4	proton: Steam client, Proton, Linux desktop, VR, GL/fshack, AMD/NVIDIA spoofing or winevulkan	amd_ags_x64: Add v4.0.0-v4.0.3 definitions.
541f8c9a93e	proton: Steam client, Proton, Linux desktop, VR, GL/fshack, AMD/NVIDIA spoofing or winevulkan	amd_ags_x64: Support versions 4.0.0 - 4.0.3.
ad35d596100	proton: Steam client, Proton, Linux desktop, VR, GL/fshack, AMD/NVIDIA spoofing or winevulkan	amd_ags_x64: Implement agsGetTotalGPUCount().
7d86df42b6e	proton: Steam client, Proton, Linux desktop, VR, GL/fshack, AMD/NVIDIA spoofing or winevulkan	amd_ags_x64: Implement agsGetGPUMemorySize().
a8f18126436	proton: Steam client, Proton, Linux desktop, VR, GL/fshack, AMD/NVIDIA spoofing or winevulkan	amd_ags_x64: Implement agsGetEyefinityConfigInfo().
46e377c101d	proton: Steam client, Proton, Linux desktop, VR, GL/fshack, AMD/NVIDIA spoofing or winevulkan	amd_ags_x64: Add stubs for agsDriverExtensionsDX12_Init/DeInit.
4ab93995afb	proton: Steam client, Proton, Linux desktop, VR, GL/fshack, AMD/NVIDIA spoofing or winevulkan	amd_ags_x64: Implement multi draw instanced functions.
2f413ced35b	proton: Steam client, Proton, Linux desktop, VR, GL/fshack, AMD/NVIDIA spoofing or winevulkan	amd_ags_x64: Implement multi draw instanced indirect count functions.
dde13b4fc32	proton: Steam client, Proton, Linux desktop, VR, GL/fshack, AMD/NVIDIA spoofing or winevulkan	amd_ags_x64: Support v3.2.
15cd1ab7c8f	proton: Steam client, Proton, Linux desktop, VR, GL/fshack, AMD/NVIDIA spoofing or winevulkan	amd_ags_x64: Support versions 3.0-3.1.
8f91b38578b	proton: Steam client, Proton, Linux desktop, VR, GL/fshack, AMD/NVIDIA spoofing or winevulkan	amd_ags_x64: Add agsDriverExtensionsDX11_SetDiskShaderCacheEnabled() stub.
8d5ae5c0e85	proton: Steam client, Proton, Linux desktop, VR, GL/fshack, AMD/NVIDIA spoofing or winevulkan	amd_ags_x64: Add spec stubs for some v3.x functions.
e4159f5b2ec	proton: Steam client, Proton, Linux desktop, VR, GL/fshack, AMD/NVIDIA spoofing or winevulkan	amd_ags_x64: Add WINE_HIDE_APU option.
57aaedb824c	proton: Steam client, Proton, Linux desktop, VR, GL/fshack, AMD/NVIDIA spoofing or winevulkan	amd_ags_x64: Add stub implementation for DX12 marker functions.
4164fcfec89	proton: Steam client, Proton, Linux desktop, VR, GL/fshack, AMD/NVIDIA spoofing or winevulkan	amd_ags_x64: Do not fail context creation for NULL output GPU info.
19d8ad741e0	proton: Steam client, Proton, Linux desktop, VR, GL/fshack, AMD/NVIDIA spoofing or winevulkan	amd_ags_x64: Check for NULL context in agsDriverExtensionsDX11_Init().
3a16cd90050	proton: Steam client, Proton, Linux desktop, VR, GL/fshack, AMD/NVIDIA spoofing or winevulkan	atiadlxx: Bump driver version to 99.
7c32c3900ec	proton: Steam client, Proton, Linux desktop, VR, GL/fshack, AMD/NVIDIA spoofing or winevulkan	amd_ags_x64: Alias some AGS 3.2 agsDriverExtensions_ functions.
dabdc890bb1	proton: Steam client, Proton, Linux desktop, VR, GL/fshack, AMD/NVIDIA spoofing or winevulkan	amd_ags_x64: Support some version(s) before 3.1.1.
b503b34cffe	proton: Steam client, Proton, Linux desktop, VR, GL/fshack, AMD/NVIDIA spoofing or winevulkan	amd_ags_x64: Bump AMD driver version to 99.
a86ef1f080e	proton: Steam client, Proton, Linux desktop, VR, GL/fshack, AMD/NVIDIA spoofing or winevulkan	amd_ags_x64: Add agsDriverExtensionsDX11_SetMaxAsyncCompileThreadCount() stub.
7ef56d3ab24	proton: Steam client, Proton, Linux desktop, VR, GL/fshack, AMD/NVIDIA spoofing or winevulkan	amd_ags_x64: Support version 6.3.0.
05f0eb072fe	proton: Steam client, Proton, Linux desktop, VR, GL/fshack, AMD/NVIDIA spoofing or winevulkan	atiadlxx: Make ADL functions CDECL.
e1263e922d2	proton: Steam client, Proton, Linux desktop, VR, GL/fshack, AMD/NVIDIA spoofing or winevulkan	atiadlxx: Add ADL2_Main_Control_Destroy() and manage context through ADL2.
8de6a344129	proton: Steam client, Proton, Linux desktop, VR, GL/fshack, AMD/NVIDIA spoofing or winevulkan	atiadlxx: Add semi-stub for ADL2_Adapter_AdapterInfoX2_Get().
99ab7e985e7	proton: Steam client, Proton, Linux desktop, VR, GL/fshack, AMD/NVIDIA spoofing or winevulkan	atiadlxx: Add v2 versions of implemented ADL stubs.
47b30785251	proton: Steam client, Proton, Linux desktop, VR, GL/fshack, AMD/NVIDIA spoofing or winevulkan	atiadlxx: Query adapter config at context creation.
898a0cfe202	proton: Steam client, Proton, Linux desktop, VR, GL/fshack, AMD/NVIDIA spoofing or winevulkan	atiadlxx: Implement ADL2_Adapter_Active_Get().
a70db36d074	proton: Steam client, Proton, Linux desktop, VR, GL/fshack, AMD/NVIDIA spoofing or winevulkan	atiadlxx: Add stub for ADL2_Adapter_Graphic_Core_Info_Get().
52e71edb9df	proton: Steam client, Proton, Linux desktop, VR, GL/fshack, AMD/NVIDIA spoofing or winevulkan	atiadlxx: Implement ADL2_Display_DDCInfo2_Get().
27a759e35c1	proton: Steam client, Proton, Linux desktop, VR, GL/fshack, AMD/NVIDIA spoofing or winevulkan	atiadlxx: Implement ADL[2]_Display_DisplayMapConfig_Get().
ee792f97e31	wow64: 32-bit guests only (i386 is not built)	setupapi: Don't install built-in amd_ags_x64.dll in system32/syswow64.
e69cfb8eb3d	inert: wine.inf only; the app never runs wine.inf	wine.inf: Enable builtin atiadlxx for Call of Duty games.
c81573860ab	inert: wine.inf only; the app never runs wine.inf	wine.inf: Enable atiadlxx and disable ags for Shadow of War.
27fce6bf463	inert: wine.inf only; the app never runs wine.inf	wine.inf: Use built-in atiadlxx for Need For Speed.
58ebb705bed	inert: wine.inf only; the app never runs wine.inf	wine.inf: Use built-in atiadlxx for DIRT5.
91dafb50af5	inert: wine.inf only; the app never runs wine.inf	wine.inf: Use built-in atiadlxx for GotG.
4b44c4aad7c	inert: wine.inf only; the app never runs wine.inf	wine.inf: Use built-in atiadlxx for Age of Empires IV.
0f1c9385548	inert: wine.inf only; the app never runs wine.inf	wine.inf: Use built-in atiadlxx for Marvel's Avengers.
37c2c528f7f	inert: wine.inf only; the app never runs wine.inf	wine.inf: Use built-in atiadlxx for STAR WARS Squadrons.
276bbab40ee	inert: wine.inf only; the app never runs wine.inf	wine.inf: Use built-in atiadlxx for Plants vs Zombies Garden Warfare 2.
42899f1cdbf	inert: wine.inf only; the app never runs wine.inf	wine.inf: Use built-in atiadlxx for Spider-Man Remastered.
18ae161c894	inert: wine.inf only; the app never runs wine.inf	wine.inf: Enable builtin atiadlxx for Ratchet & Clank: Rift Apart.
68fe6b8ed5b	inert: wine.inf only; the app never runs wine.inf	wine.inf: Enable builtin atiadlxx for FFXVI.
a28ffcf85bc	inert: wine.inf only; the app never runs wine.inf	wine.inf: Use included d3d8.dll with Bloodrayne Terminal Cut 1/2.
760bf5af6ee	proton: Steam client, Proton, Linux desktop, VR, GL/fshack, AMD/NVIDIA spoofing or winevulkan	loader: Set default regkey for NVIDIA NGX FullPath
5436b18eff7	proton: Steam client, Proton, Linux desktop, VR, GL/fshack, AMD/NVIDIA spoofing or winevulkan	nvcuda: Add stub DLL
71c860c8836	unused: winex11/winewayland/winebus/hidraw/pulse/opengl32, not in the iOS build	winepulse: Set PulseAudio application name property in the environment.
98f7c4f6609	inert: wine.inf only; the app never runs wine.inf	wine.inf: Disable nvcuda.dll by default.
abd586c858c	build: configure, makedep, generated files or tools	ntdll: Support x86_64 syscall emulation.
f923f455557	inert: wine.inf only; the app never runs wine.inf	wine.inf: Add ReleaseId and DisplayVersion to %CurrentVersionNT%.
0e78d593d24	proton: Steam client, Proton, Linux desktop, VR, GL/fshack, AMD/NVIDIA spoofing or winevulkan	wine.inf: HACK: Spoof Win81 for msedgewebview2.exe.
9da9aec617c	unix-side: unix code outside the replacements (not a PE-only game fix)	HACK: ntdll: Replace STATUS_NETWORK_UNREACHABLE with STATUS_SUCCESS in sock_send() for VRChat UDP sockets.
cb3c71e66f3	unix-side: unix code outside the replacements (not a PE-only game fix)	win32u: Implement D3DKMTQueryAdapterInfo WDDM_2_7_CAPS.
98035cc0b5b	proton: Steam client, Proton, Linux desktop, VR, GL/fshack, AMD/NVIDIA spoofing or winevulkan	atiadlxx: Get rid of NO_LONG_TYPES.
e8e57d39563	tests: tests only	bcrypt/tests: Add test for DH secret agreement.
9fd3d6ef4cf	build: configure, makedep, generated files or tools	bcrypt: Reimplement DH using libgmp instead of private gnutls functions.
e0ce1e9afb3	build: configure, makedep, generated files or tools	bcrypt: Add support for calculating secret ecc keys.
fcf8e23d727	gone: wine-11.18's bcrypt has no GnuTLS backend (SymCrypt on the PE side)	bcrypt: Add support for none and OAEP-padded asymmetric key encryption.
4cf6d8b6f09	gone: wine-11.18's bcrypt has no GnuTLS backend (SymCrypt on the PE side)	bcrypt: Add support for none and OAEP padded asymmetric key decryption.
49a26f3bd8e	gone: wine-11.18's bcrypt has no GnuTLS backend (SymCrypt on the PE side)	bcrypt: Support for ECDH_P521 through gcrypt.
06d96b0d448	proton: Steam client, Proton, Linux desktop, VR, GL/fshack, AMD/NVIDIA spoofing or winevulkan	amd_ags_x64: Get rid of WINE_NO_LONG_TYPES.
edd5fa7c08e	replaced: touches a file an *_ios.c replacement overrides	ntdll: Implement CPU topology override.
272b435e04f	taken: clean	mmdevapi: Force PCM format for DeviceFormat property
095fdddb5e1	taken: resolved: beside upstream's new version resource lines	xaudio2: Prefer native
dffefdfc3f7	unix-side: unix code outside the replacements (not a PE-only game fix)	ntdll: Handle NULL object name buffer in nt_to_unix_file_name_attr().
2105dac8b57	unix-side: unix code outside the replacements (not a PE-only game fix)	server: Update system regs from set_thread_context handler only.
27d4315e7ba	unix-side: unix code outside the replacements (not a PE-only game fix)	ntdll: Update cached debug registers in call_init_thunk().
46008e1ce86	unix-side: unix code outside the replacements (not a PE-only game fix)	ntdll: Use cached debug registers in NtGetContextThread() if hw debug breakpoints are disabled.
09fbb2c0102	inert: wine.inf only; the app never runs wine.inf	wine.inf: Create package repository for VCLibs.140.
7b4037421ea	inert: upstream has PackageFullNameFromId; the other two read the package repository wine.inf makes, and the app never runs wine.inf	kernel32: Implement GetPackagesByPackageFamily().
c18ebc392d1	inert: upstream has PackageFullNameFromId; the other two read the package repository wine.inf makes, and the app never runs wine.inf	kernel32: Implement PackageFullNameFromId().
8089c27dae7	inert: upstream has PackageFullNameFromId; the other two read the package repository wine.inf makes, and the app never runs wine.inf	kernel32: Implement GetPackagePath().
7a0410d4aec	taken: clean	kernelbase: HACK: Do not expose version info for builtin DLLs for VC redists.
16427241f02	taken: clean	kernel32: Align stack pointer for lstrcpyA() on x64.
b68673b3f4c	unix-side: unix code outside the replacements (not a PE-only game fix)	ntdll: Add stub implementation for NtSetInformationFile(FileAllocationInformation).
0b4e6f7f3c9	unix-side: unix code outside the replacements (not a PE-only game fix)	ntdll: Support '\??\GlobalRoot' prefix in get_dos_prefix_len().
f4e149e20a9	taken: clean	kernelbase: Return an error from InitializeProcessForWsWatch() stub.
ee9137915fa	taken: clean	kernelbase: HACK: Force CEF in process GPU rendering for Paradox launcher.
7883e46ab59	taken: clean	kernelbase: Add stub for GetConsoleSelectionInfo.
2176546f8cd	proton: Steam client, Proton, Linux desktop, VR, GL/fshack, AMD/NVIDIA spoofing or winevulkan	kernelbase: Redirect BattlEye Launcher process creation to game executable.
5da0970c0f0	proton: Steam client, Proton, Linux desktop, VR, GL/fshack, AMD/NVIDIA spoofing or winevulkan	battleye: Add launcher process instead of redirecting CreateProcess call.
66f58509e2e	replaced: touches a file an *_ios.c replacement overrides	ntdll: Try to load builtin DLLs from Battleye Runtime directory.
94b768eae18	replaced: touches a file an *_ios.c replacement overrides	ntdll: Load EAC bridge files from PROTON_EAC_RUNTIME path.
e41751c7334	proton: Steam client, Proton, Linux desktop, VR, GL/fshack, AMD/NVIDIA spoofing or winevulkan	belauncher: Use original launcher .exe path to find BELauncher.ini and executable.
4d72c62cf6a	proton: Steam client, Proton, Linux desktop, VR, GL/fshack, AMD/NVIDIA spoofing or winevulkan	belauncher: Null terminate launch_cmd if be_arg is empty.
6376be0ba30	proton: Steam client, Proton, Linux desktop, VR, GL/fshack, AMD/NVIDIA spoofing or winevulkan	belauncher: Support --exe command line option.
31d516270f3	proton: Steam client, Proton, Linux desktop, VR, GL/fshack, AMD/NVIDIA spoofing or winevulkan	belauncher: Handle uninstall command.
df1729ca8e6	proton: Steam client, Proton, Linux desktop, VR, GL/fshack, AMD/NVIDIA spoofing or winevulkan	belauncher: Handle install command.
ccb9204676c	proton: Steam client, Proton, Linux desktop, VR, GL/fshack, AMD/NVIDIA spoofing or winevulkan	belauncher: Start original launcher process.
7e164a81811	taken: clean	kernelbase: HACK: Force CEF swiftshader for Montaro/nw.exe.
46995b89e3e	inert: wine.inf only; the app never runs wine.inf	wine.inf: Restore default libglesv2 load order for Paradox launcher.
c85e4fa541f	replaced: touches a file an *_ios.c replacement overrides	ntdll: HACK: Report LocalSystem accound SID for MicrosoftEdgeUpdate.
f65cec8dada	taken: clean	advapi32: Initialize computer SID from registry.
15a94d6bf76	taken: clean	sechost: Initialize computer SID from registry.
0031a3b527e	replaced: touches a file an *_ios.c replacement overrides	server: Initialize local user SID with unique values.
e415577be81	left out at the pick: upstream has its own x64 _isatty wrapper, and neither is built for arm64ec	msvcrt: HACK: Introduce asm wrapper for _isatty on x64.
d8bc459248b	taken: clean	wined3d: Post WM_ACTIVATEAPP upon receiving WM_SIZE in device_process_message().
4e7cbb10191	taken: clean	wined3d: Ignore multiple app activation messages in device_process_message().
16cae6c395d	proton: Steam client, Proton, Linux desktop, VR, GL/fshack, AMD/NVIDIA spoofing or winevulkan	ws2_32: HACK Fail 'download-alt.easyanticheat.net' DNS name resolution.
33ff26b0423	reverted: Valve reverted it (the pair is left out)	ntdll: Do not open directory file when setting the same directory path.
70409daaac8	taken: clean; keyed on SteamGameId, which the app sets since decision 0020	advapi32: HACK: Don't free provider library in CryptReleaseContext() for DeathLoop.
ea02766c3ef	proton: Steam client, Proton, Linux desktop, VR, GL/fshack, AMD/NVIDIA spoofing or winevulkan	audioses: Add stub dll.
4912df4e374	taken: clean	ddraw: Force x87 arithmetic.
7dc69f2a499	taken: clean	windowscodecs: HACK: Avoid using __builtin_frame_address() for setjmp().
6636d298863	replaced: touches a file an *_ios.c replacement overrides	ntdll: HACK: Delay resuming thread after suspending self.
8b8c5e5c5c6	inert: wine.inf only; the app never runs wine.inf	wine.inf: Set display mode parameters for Star Wars: Episode I Racer.
21948602089	unix-side: unix code outside the replacements (not a PE-only game fix)	ntdll: Implement opening files through nt device paths.
fb08429c9df	replaced: touches a file an *_ios.c replacement overrides	ntdll: Resolve drive symlinks when querying section names.
e7650933b7d	unix-side: unix code outside the replacements (not a PE-only game fix)	HACK: server: Fake success when trying to bind to an IPX address.
baf7cf6aec6	taken: resolved: the SteamGameId mfc42 hack it reworks (ee597bb9541) is left out; get_env and the loader_init check taken	ntdll: HACK: Add WINE_HEAP_DELAY_FREE variable to force the use of pending free buffer.
1b4328e604f	unix-side: unix code outside the replacements (not a PE-only game fix)	ntdll: Return FILE_DEVICE_UNKNOWN for Unix FIFOs and sockets from get_device_info().
4aa2ab99c59	unix-side: unix code outside the replacements (not a PE-only game fix)	HACK: win32: Emulate NtUserGetAsyncKeyState() recent bit in-process.
297e4f8af01	unused: winex11/winewayland/winebus/hidraw/pulse/opengl32, not in the iOS build	winex11.drv: Recognize the keyboard in a locale-independent way.
eb60bcd4e4e	unused: winex11/winewayland/winebus/hidraw/pulse/opengl32, not in the iOS build	winex11.drv: Dump keysyms and translations for all keys.
6cb5e3a0932	inert: mshtml and jscript run only with Wine Gecko, which the app does not ship	mshtml: HACK: Always set document compatibility mode to IE11 in FFXIV Online.
a42592cb540	proton: Steam client, Proton, Linux desktop, VR, GL/fshack, AMD/NVIDIA spoofing or winevulkan	windows.media.speech: HACK: Don't invoke passed in async handler interface for Forza Horizon 5.
495b9d41923	unix-side: unix code outside the replacements (not a PE-only game fix)	win32u: Send EVENT_OBJECT_FOCUS in even more cases.
d9e1c67bc93	left out at the pick: compiled out on arm64ec and aarch64 by Valve's own fixup (49f6a0c6a6e): FEX needs the builtin ucrtbase	ntdll: HACK: Search for ucrtbase using common rules.
ddec74a65c0	taken: clean	wined3d: Set window state from the calling thread.
3d3274f5603	taken: clean	kernelbase: HACK: Force swiftshader for Olympia Rising.
a73f8c51445	proton: Steam client, Proton, Linux desktop, VR, GL/fshack, AMD/NVIDIA spoofing or winevulkan	wined3d: Rename Deck GPU in description table.
334f7a78190	replaced: touches a file an *_ios.c replacement overrides	ntdll: HACK: Add WINE_SIMULATE_WRITECOPY option.
f00d5b45363	replaced: touches a file an *_ios.c replacement overrides	ntdll: HACK: Enable WINE_SIMULATE_WRITECOPY for Purgo box.
f088e529cb6	taken: clean	kernelbase: HACK: Add --use-angle=d3d9 command line option for nw.exe.exe.
4d445b53924	replaced: touches a file an *_ios.c replacement overrides	crypt32: Add WINE_ADDITIONAL_CERTS_DIR option.
52f713d202c	replaced: touches a file an *_ios.c replacement overrides	ntdll: HACK: Enable WINE_SIMULATE_WRITECOPY for Breakout 13.
ac8d807bd4a	replaced: touches a file an *_ios.c replacement overrides	HACK: ntdll: Enable WINE_SIMULATE_WRITECOPY for Mr. Hopp's Playhouse 3.
e3c38b90f96	taken: clean	setupapi: Don't use NULL as key value in get_device_property().
37ec351f8c4	taken: clean	combase: Don't use NULL as key value in get_object_dll_path().
72104fb9304	taken: clean	shell32: Don't use NULL as key value in ShellExecute_GetClassKey().
1788b235021	proton: Steam client, Proton, Linux desktop, VR, GL/fshack, AMD/NVIDIA spoofing or winevulkan	ntdll: Add PROTON_DISABLE_LSTEAMCLIENT config option.
82e842a7bac	taken: clean	kernelbase: HACK: Force Angle GL instead of Swiftshader for Paradox Launcher.
2661484abdc	taken: clean	kernelbase: HACK: Add --use-gl=swiftshader for DC Universe Online/LaunchPad.exe.
d814ac3cfac	taken: clean	kernelbase: HACK: Add --use-gl=swiftshader for Planetside 2/LaunchPad.exe.
27cb34a8afa	replaced: touches a file an *_ios.c replacement overrides	ntdll: HACK: Abort process on syscall fault when terminating.
aa83aa0a899	replaced: touches a file an *_ios.c replacement overrides	ntdll: HACK: Set thread teb earlier in start_main_thread().
473509718c7	taken: clean	ntdll: HACK: Add __wine_unix_call() back for compatibility.
6820486357e	replaced: touches a file an *_ios.c replacement overrides	ntdll: Do not inherit Unix std handles for files without a name.
e9dd4f46281	replaced: touches a file an *_ios.c replacement overrides	ntdll: Add WINE_KERNEL_STACK_SIZE option.
9754a5cf40b	taken: clean	wined3d: Avoid sysmem pinning streaming buffer.
1994def5d44	taken: clean; keyed on SteamGameId, which the app sets since decision 0020	kernelbase: HACK: Add WINE_SHRINK_ENV option.
2b1f2b43060	taken: clean; keyed on SteamGameId, which the app sets since decision 0020	msvcrt: HACK: Disable SSE2 support for Indiana Jones and The Emperor Tomb.
16b8cdb5a96	taken: clean; keyed on SteamGameId, which the app sets since decision 0020	msvcrt: HACK: Disable SSE2 support for DarkStar One.
9ab8f9b271f	taken: clean	kernelbase: HACK: Force desktop GL for PaladinLias.
a746f97c181	replaced: touches a file an *_ios.c replacement overrides	ntdll: HACK: Enable vk_x11_override_min_image_count, vk_x11_strict_image_count for Rainbow Six Extraction.
9ec4ce50d73	replaced: touches a file an *_ios.c replacement overrides	ntdll: HACK: Enable WINE_SIMULATE_WRITECOPY for Idol Hands 2.
70a585a0c56	inert: wine.inf only; the app never runs wine.inf	wine.inf: Set FLG_HEAP_ENABLE_FREE_CHECK for Chaos Code.
74aa3c11f93	unused: winex11/winewayland/winebus/hidraw/pulse/opengl32, not in the iOS build	winex11.drv: Override GL vendor for Paradox Launcher.
4eac49ea0cb	proton: Steam client, Proton, Linux desktop, VR, GL/fshack, AMD/NVIDIA spoofing or winevulkan	nsiproxy.sys: HACK: Add an option to fake eth adapter presence.
10a46db3c80	replaced: touches a file an *_ios.c replacement overrides	ntdll: HACK: Enable WINE_SIMULATE_WRITECOPY for UplayWebCore.
6e0ea0e1540	unix-side: unix code outside the replacements (not a PE-only game fix)	ntdll: Reimplement NtSaveKey() on the client side.
ceb9c4de65b	unix-side: unix code outside the replacements (not a PE-only game fix)	ntdll: Implement NtFlushKey().
1b839b87e15	unix-side: unix code outside the replacements (not a PE-only game fix)	mountmgr.sys: Perform periodic registry flush instead of server.
a677f27c228	taken: clean; keyed on SteamGameId, which the app sets since decision 0020	rsaenh: Store keys as volatile for SF6.
139eebc53b3	taken: clean	kernelbase: HACK: Add --use-gl=swiftshader for EverQuest 2/LaunchPad.exe.
390dd0c1c59	unix-side: unix code outside the replacements (not a PE-only game fix)	server: Unify the storage of security attributes for files and directories. (try 7)
591dde8b253	unix-side: unix code outside the replacements (not a PE-only game fix)	server: Unify the retrieval of security attributes for files and directories. (try 7)
cde88c90d8d	unix-side: unix code outside the replacements (not a PE-only game fix)	server: Add a helper function set_sd_from_token_internal to merge two security descriptors.
9288d80095e	unix-side: unix code outside the replacements (not a PE-only game fix)	server: Temporarily store the full security descriptor for file objects.
e19fb66f1a5	unix-side: unix code outside the replacements (not a PE-only game fix)	server: Store file security attributes with extended file attributes. (v8)
8d4ca3d63ac	unix-side: unix code outside the replacements (not a PE-only game fix)	server: Convert return of file security masks with generic access mappings. (try 7)
4fea7a2368a	unix-side: unix code outside the replacements (not a PE-only game fix)	server: Retrieve file security attributes with extended file attributes. (try 7)
b027fdae1bf	taken: clean	kernelbase: HACK: Add --use-gl=swiftshader for Everquest F2P/LaunchPad.exe.
0f02fcc46b8	proton: Steam client, Proton, Linux desktop, VR, GL/fshack, AMD/NVIDIA spoofing or winevulkan	kernelbase, opengl32: HACK: Add --use-angle=gl for Red Tie Runner.
0c3c210cf7b	replaced: touches a file an *_ios.c replacement overrides	ntdll: HACK: Enable WINE_SIMULATE_WRITECOPY for Red Tie Runner.
e791ad3c486	inert: wine.inf only; the app never runs wine.inf	wine.inf: Set FLG_HEAP_ENABLE_FREE_CHECK for Crysis 2 Remastered.
ef00a3fb2c2	taken: clean	include: Remove interfaces already define in msxml6.idl
9af7641cb65	taken: clean	msxml3: Implement FreeThreadedXMLHTTP60.
bda58c32292	taken: clean	msxml3: Implement IXMLHTTPRequest3 SetProperty
d2204974b28	taken: clean	msxml3: Correct xml_http_request_2_GetResponseHeader
8b65527ad19	taken: clean	msxml3: Treat body as data array in xml_http_request_2_IRtwqAsyncCallback_Invoke().
526e9a087f2	taken: clean	msxml3: Try to get body size from stream in xml_http_request_2_IRtwqAsyncCallback_Invoke().
44e5494591e	taken: clean	msxml3: Don't fail xml_http_request_2_IRtwqAsyncCallback_Invoke() on stream read failures.
1908cdc0759	taken: clean	ntdll: HACK: Avoid unitialized Dr7 in RtlRaiseException on x64.
5687b3671cd	taken: clean	ntdll: HACK: Avoid unitialized Dr0-Dr3 in RtlRaiseException on x64.
1b84f8f8d32	taken: clean	wined3d: Avoid NaNs in RCP and RSQ in <= SM3.
a054ab5b62b	taken: clean	wined3d: Avoid NaNs in LOG and LOGP.
c9c2dd6f574	d3dx: upstream's own d3dx9/10/11 texture work (48 commits in 11.0..11.18) overlaps Valve's backport of it; most of its commits conflict	d3dx9: Implement D3DXComputeTangent
55cb7324221	replaced: touches a file an *_ios.c replacement overrides	ntdll: HACK: Add WINE_RAM_REPORTING_BIAS option.
7c62bbb9884	replaced: touches a file an *_ios.c replacement overrides	ntdll: Add virtstat debug channel and log memory allocation statistics.
3edbb08cdfe	replaced: touches a file an *_ios.c replacement overrides	ntdll: HACK: Enable WINE_SIMULATE_WRITECOPY for Battle.net.exe.
5283360e88e	replaced: touches a file an *_ios.c replacement overrides	ntdll: Support gpuvis tracing.
e82f5421ba0	unix-side: unix code outside the replacements (not a PE-only game fix)	user32: Send WM_NCPAINT as notify message in send_ncpaint().
e96d78ff449	unix-side: unix code outside the replacements (not a PE-only game fix)	user32: Flush driver display in ReleaseDC() for other process window.
826200d6d46	unix-side: unix code outside the replacements (not a PE-only game fix)	win32u: Send notify message in NtUserFlashWindowEx().
415d8cabb04	unix-side: unix code outside the replacements (not a PE-only game fix)	win32u: HACK: Sync calls to vkQueuePresentKHR().
879e3f5d24a	unused: winex11/winewayland/winebus/hidraw/pulse/opengl32, not in the iOS build	winex11.drv: Generate EDID if one is not available from xrandr.
a6b8a7df546	unused: winex11/winewayland/winebus/hidraw/pulse/opengl32, not in the iOS build	winex11.drv: Use EDID suggested by Gamescope.
f29d74823aa	replaced: touches a file an *_ios.c replacement overrides	HACK: user32: Process WM_PAINT in peek_message for WS_EX_COMPOSITED windows.
65fa09de3c0	replaced: touches a file an *_ios.c replacement overrides	win32u, server: Support setting desktop close timeout.
402575ea66a	taken: clean	dxdiag: Return DirectX 12 values
d33f47c489f	unused: winex11/winewayland/winebus/hidraw/pulse/opengl32, not in the iOS build	winex11.drv: Enable HDR for displays based on Gamescope setting.
26b33a108d4	unix-side: unix code outside the replacements (not a PE-only game fix)	server: Handle owner rights (S-1-3-4) SID in ACE.
ee5db912d67	build: configure, makedep, generated files or tools	ir50_32: HACK: Don't build dll.
94b4d6a2131	replaced: touches a file an *_ios.c replacement overrides	ntdll: HACK: Add 2g allocation limit option for FFX/X-2.
dd848f580b6	taken: clean	kernelbase: Workaround forced stack aligment for SignalObjectAndWait().
a20b0e65ebe	taken: resolved: Red Tie Runner's row (0f02fcc46b8, left out) is not in the table; keyed on SteamGameId, which the app sets since decision 0020	kernelbase: HACK: Add --use-gl=swiftshader for another game.
7c88dbe8048	replaced: touches a file an *_ios.c replacement overrides	ntdll: HACK: Enable WINE_SIMULATE_WRITECOPY for Dinogen Online.
2bf5a5799fa	taken: clean	HACK: ntdll: Add WINE_HEAP_ZERO_MEMORY variable to force zeroing allocated memory.
870373c99ae	taken: clean	HACK: ntdll: Extend heap zero hack to private heaps.
20c781075de	taken: clean	kernelbase: HACK: Force CEF swiftshader for Aisling and the Tavern of Elves/nw.exe.
51ba676f7aa	taken: clean	kernelbase: HACK: Force CEF swiftshader for Snares of Ruin 2.
44fd0130497	taken: clean	kernelbase: HACK: Force in-process-gpu for Summer Islands.
b92770f1faa	taken: clean	kernelbase: HACK: Force in-process-gpu for Total War: WARHAMMER II.
9d095387a73	taken: clean	kernelbase: HACK: Force CEF swiftshader for Insanity's Blade.
7d2f6ca1895	taken: clean	kernelbase: HACK: Force disable direct composition for Bloody Walls.
0888f79feda	taken: clean	mlang: Force using Microsoft YaHei for GB2312 and ShiftJIS charset.
4fddbd162f8	media: Media Foundation/GStreamer stack (Playport keeps its own video work)	winedmo: Handle PCM audio big-endian formats.
318c31b48ae	taken: clean; keyed on SteamGameId, which the app sets since decision 0020	user32: HACK: Set DPI awareness to system-aware for Skyrim SE.
24ec34e2237	unused: winex11/winewayland/winebus/hidraw/pulse/opengl32, not in the iOS build	winex11: Clone the monitor region passed to X11DRV_SetDeviceClipping().
e100154fabb	unused: winex11/winewayland/winebus/hidraw/pulse/opengl32, not in the iOS build	winex11: Clone the monitor region passed to xrenderdrv_SetDeviceClipping().
6ff63e51e04	media: Media Foundation/GStreamer stack (Playport keeps its own video work)	mf: Initialise the grabber sample count when setting state after a seek.
2d465f6f52b	unused: winex11/winewayland/winebus/hidraw/pulse/opengl32, not in the iOS build	opengl32: HACK: Fixup shaders for Cossacks 3.
a955c350413	unused: winex11/winewayland/winebus/hidraw/pulse/opengl32, not in the iOS build	opengl32: HACK: Fixup shaders for Joe Danger 2: The Movie.
133c6f3e551	unused: winex11/winewayland/winebus/hidraw/pulse/opengl32, not in the iOS build	opengl32: HACK: Fixup shaders for Joe Danger.
12792bbb6e9	unused: winex11/winewayland/winebus/hidraw/pulse/opengl32, not in the iOS build	opengl32: HACK: Fixup shaders for Stellar Reach.
3b92babab36	replaced: touches a file an *_ios.c replacement overrides	HACK: winex11, winevulkan: Support faking GPU PCI IDs.
7ad5d08ac59	replaced: touches a file an *_ios.c replacement overrides	ntdll: Wait for thread suspension in NtSuspendThread().
cc7e2cbe6af	unused: winex11/winewayland/winebus/hidraw/pulse/opengl32, not in the iOS build	winex11.drv: Apply the GL vendor override for Intel GPUs too
d5d90537747	taken: clean	kernelbase: HACK: Force angle d3d9 for Antenna.
d913b7f8852	taken: clean	kernelbase: HACK: Force angle d3d9 for A Raven Monologue.
c7e869c1f61	taken: clean; keyed on SteamGameId, which the app sets since decision 0020	kernelbase: HACK: Force angle d3d9 for Alpha League.
73e9d4a8f7f	replaced: touches a file an *_ios.c replacement overrides	HACK: ntdll: Enable WINE_SIMULATE_WRITECOPY for Hentai Maid Memories.
a2cf73f6495	replaced: touches a file an *_ios.c replacement overrides	ntdll: HACK: Enable WINE_SIMULATE_WRITECOPY for Lovey-Dovey Lockdown.
9cf3bab621a	unused: winex11/winewayland/winebus/hidraw/pulse/opengl32, not in the iOS build	winex11.drv: HACK: Reduce SM_CYCAPTION on low resolutions.
a0a6df09f50	left out at the pick: wine-11.18 implements PdhGetFormattedCounterArray; the stub is a second definition (found by the build)	pdh: Add stub for PdhGetFormattedCounterArray().
7fd58c6dc6d	unix-side: unix code outside the replacements (not a PE-only game fix)	win32u: HACK: Hide a window for Syberia.
4dcdf9c15dc	taken: clean	dcomp: HACK: Try to workaround Chromium race fixed by Chromium commit 1c13c9105b40e8.
ae5518d1f98	taken: clean	kernelbase: Don't call NtFlushInstructionCache() in FlushInstructionCache().
d64a2281bb3	taken: clean	kernelbase: HACK: Force disable direct composition for Super.
0ec337a4753	proton: Steam client, Proton, Linux desktop, VR, GL/fshack, AMD/NVIDIA spoofing or winevulkan	HACK: ntdll: Fixup OptionalHeader.ImageBase back in steamclient.dll.
bb6514f45fd	proton: Steam client, Proton, Linux desktop, VR, GL/fshack, AMD/NVIDIA spoofing or winevulkan	ntdll: HACK: Partially fixup imports for Win Steam libs.
b1cce9c4204	proton: Steam client, Proton, Linux desktop, VR, GL/fshack, AMD/NVIDIA spoofing or winevulkan	ntdll: Fully resolve 64bit native steamclient dependencies without calling DllMain().
f5228289861	unix-side: unix code outside the replacements (not a PE-only game fix)	server: Renamed KEY_WOWSHARE constant to KEY_WOWREFLECT.
d02c9e8e4b3	wow64: 32-bit guests only (i386 is not built)	server: Force WoW sharing on HKCU/Software key.
16b77c2e0a8	taken: clean	kernelbase: Factor out get_key_name().
9387de66eb6	wow64: 32-bit guests only (i386 is not built)	kernelbase: Force WoW sharing on HKCU/Software key.
faef603a0b9	tests: tests only	advapi32/tests: Add tests for WoW shared HKCU/Software key.
55436bd6d37	unix-side: unix code outside the replacements (not a PE-only game fix)	ntdll: Partially support querying directory entries for '\\Device\\NamedPipe\\'.
13484a23a41	tests: tests only	gdi32/tests: Add test for text background fill extends with ETO_OPAQUE.
9ee133cfad6	unix-side: unix code outside the replacements (not a PE-only game fix)	win32u: Account for overhang in background fill in NtGdiExtTextOutW().
c7a6ae475a9	taken: clean	kernelbase: HACK: Force disable direct composition for Banyu Lintar Angin - Little Storm.
a814afa8315	taken: clean; keyed on SteamGameId, which the app sets since decision 0020	d2d1: HACK: Ignore text rendering params for Spell Force 3.
15593c0634b	proton: Steam client, Proton, Linux desktop, VR, GL/fshack, AMD/NVIDIA spoofing or winevulkan	ntdll: Add ftracelog debug channel enabling dumping logs to ftrace.
bb62612d546	replaced: touches a file an *_ios.c replacement overrides	ntdll: Implement NtSetInformationProcess( ProcessTlsInformation ).
1769607c91c	replaced: touches a file an *_ios.c replacement overrides	ntdll: Use NtSetInformationProcess( ProcessTlsInformation ) in alloc_tls_slot().
3dcea332471	madeira: Madeira's TLS slot and JIT-pool TLS work (wine-port 0015/0042, wine-pe 0003) owns this allocation	ntdll: Match memory allocation layout for ThreadLocalStoragePointer.
c58043b4aba	tests: tests only	ntdll/tests: Add a test for module function table search.
8f5a9799232	left out at the pick: ntdll would re-protect a table in its own image (.mrdata) at every module load, for software that walks it; on iOS that image is under Madeira's JIT-pool mappings, and nothing in the cohort reads the table	ntdll: Maintain module exception directory table.
132cb593336	inert: wine.inf only; the app never runs wine.inf	HACK: wine.inf: Add native,builting override for TDUSC / xinput1_3.
894bafb22c5	replaced: touches a file an *_ios.c replacement overrides	ntdll: HACK: Force en-US locale for EAC launcher.
0673170e081	taken: clean	ntdll: HACK: Introduce WINE_HEAP_TOP_DOWN hack.
ae6ae2609ef	proton: Steam client, Proton, Linux desktop, VR, GL/fshack, AMD/NVIDIA spoofing or winevulkan	icu: Add stub dll.
99d77fc35dc	proton: Steam client, Proton, Linux desktop, VR, GL/fshack, AMD/NVIDIA spoofing or winevulkan	icu: Forward function to Unicode library v68.
7e7bf645e29	unused: winex11/winewayland/winebus/hidraw/pulse/opengl32, not in the iOS build	opengl32: HACK: Do not check for extensions in wglGetProcAddress() for Chromacell.
9a669bcf3be	proton: Steam client, Proton, Linux desktop, VR, GL/fshack, AMD/NVIDIA spoofing or winevulkan	ntdll: Fill object pointer in NtQueryInformation( SystemHandleInformation / SystemExtendedHandleInformation ).
239de74087d	unix-side: unix code outside the replacements (not a PE-only game fix)	win32u: Send message with timeout in send_erase().
f6c2e0d630f	replaced: touches a file an *_ios.c replacement overrides	ntdll: HACK: Try to load steamoverlay.so manually if LD_PRELOAD was lost.
5aad251c816	inert: mshtml and jscript run only with Wine Gecko, which the app does not ship	ieframe: HACK: Pump window messages in async_doc_navigate() for Marvel Rivals.
1f6a7f3099a	taken: clean	ddraw: HACK: Blit to fullscreen window instead of desktop window in ddraw_surface_update_frontbuffer().
2138dcb02f9	proton: Steam client, Proton, Linux desktop, VR, GL/fshack, AMD/NVIDIA spoofing or winevulkan	wine.inf: HACK: Spoof Win7 for msedgewebview2.exe.
2571587414f	inert: wineboot or services.exe; the app runs neither	services: HACK: Don't autostart MS Edge updater service.
f3195627a81	proton: Steam client, Proton, Linux desktop, VR, GL/fshack, AMD/NVIDIA spoofing or winevulkan	opencl: HACK: Build a stub dll if Unix headers are missing.
85d55101c55	taken: clean	user32: Reserve more space in kernel_callback_table[].
bb27d047652	inert: wine.inf only; the app never runs wine.inf	wine.inf: Add native,builting override for WRC Generations.
07346d6b546	unix-side: unix code outside the replacements (not a PE-only game fix)	win32u: HACK: Hide a window for Post Mortem.
0b54a2da324	replaced: touches a file an *_ios.c replacement overrides	ntdll: HACK: Enable WINE_SIMULATE_WRITECOPY for Gemstones.
27b991aed0c	tests: tests only	mmdevapi/tests: Remove a test which crashes on up to date Windows 11.
5268060d6d3	replaced: touches a file an *_ios.c replacement overrides	ntdll: HACK: Add a workaround to free more reserved memory on 32 bit.
b9a75b85885	unix-side: unix code outside the replacements (not a PE-only game fix)	server: Add process to parent process jobs in create_process().
32d9daed3c6	replaced: touches a file an *_ios.c replacement overrides	server: Try to find parent process in master_socket_poll_event().
4352f6a3cc4	replaced: touches a file an *_ios.c replacement overrides	ntdll: HACK: Limit address space for Reverse: 1999.
f700584a504	replaced: touches a file an *_ios.c replacement overrides	ntdll: HACK: Limit address space for Blue Protocol: Star Resonance.
184d7163cd1	inert: wineboot or services.exe; the app runs neither	services: HACK: Create Arc Service on default desktop.
8efe741cd14	replaced: touches a file an *_ios.c replacement overrides	ntdll: HACK: Add PROTON_LIMIT_ADDRESS_SPACE environment variable.
1b7fa82542b	inert: wine.inf only; the app never runs wine.inf	wine.inf: Substitute Times New Roman for Segoe UI Semibold.
c1937396073	upstream: already in wine-11.18	kernelbase: Add stub for GetIntegratedDisplaySize().
c3f7b78641d	upstream: already in wine-11.18	iphlpapi: Implement GetOwnerModuleFromTcpEntry().
11ff39f885e	upstream: already in wine-11.18	iphlpapi: Implement GetOwnerModuleFromTcp6Entry().
ec309bdc033	proton: Steam client, Proton, Linux desktop, VR, GL/fshack, AMD/NVIDIA spoofing or winevulkan	windows.perception.stub: HACK: Set WS_EX_NOACTIVATE for window in holographicspace_interop_CreateForWindow().
d00c739a634	inert: wine.inf only; the app never runs wine.inf	wine.inf: Add a font replacement for Segoe UI.
e661fa87828	replaced: touches a file an *_ios.c replacement overrides	ntdll: Enable WINESTEAMNOEXEC for Sniper Elite: Nazi Zombie Army.
34e74948322	replaced: touches a file an *_ios.c replacement overrides	ntdll: HACK: Add WINE_ALERT_SIMULATE_SCHED_QUANTUM option.
57eaadb81a4	replaced: touches a file an *_ios.c replacement overrides	ntdll: HACK: Enable WINE_ALERT_SIMULATE_SCHED_QUANTUM option for Mary Skelter 2.
c68af94221e	replaced: touches a file an *_ios.c replacement overrides	ntdll: HACK: Enable WINE_ALERT_SIMULATE_SCHED_QUANTUM option for more games.
89d7ee5f985	taken: resolved: upstream computes the default with MulDiv now; the minimum rounds up and bounds the default as in Valve's	mmdevapi: Round min_period_frames up in client_GetSharedModeEnginePeriod().
f5a15b2201f	unused: winex11/winewayland/winebus/hidraw/pulse/opengl32, not in the iOS build	winepulse.drv: Move pulse_release_stream() below.
e4848caf5c3	unused: winex11/winewayland/winebus/hidraw/pulse/opengl32, not in the iOS build	winepulse.drv: Process streams timer updates from PA main loop.
1956ac8d1f5	proton: Steam client, Proton, Linux desktop, VR, GL/fshack, AMD/NVIDIA spoofing or winevulkan	wineboot: Preserve dxvk-specific NVAPI enablement variables.
94f41e28244	taken: clean	kernelbase: HACK: Force disable direct composition for Willful.
5cb652404cd	tests: tests only	user32/tests: Add tests for NULL invalidated rect with window resize.
32baf3b6f81	taken: clean	kernelbase: HACK: Force disable direct composition for Click&Fight.
faf0f71be93	taken: clean	msi: HACK: Report older Windows version for Halo MCC redists.
4220556b2dc	taken: clean	msi: HACK: Report older Windows version for Company of Heroes 2 redists.
409a76e7c2e	taken: clean	msi: HACK: Report older Windows version for Age of Empires: Definitive Edition redists.
3b8e5cb712d	taken: clean	msi: HACK: Report older Windows version for Warhammer 40,000: Dawn of War III redists.
e97ddc28603	taken: clean	msi: HACK: Report older Windows version for Injustice 2 redists.
5d76e39fe96	sync: fsync/ntsync, Linux kernel only	ntdll: Add local copy of linux/ntsync.h.
eb1b0915eef	sync: fsync/ntsync, Linux kernel only	fsync: Add WINE_FSYNC_SIMULATE_SCHED_QUANTUM config option.
c66c32de2bf	sync: fsync/ntsync, Linux kernel only	ntdll: Enable WINE_FSYNC_SIMULATE_SCHED_QUANTUM for Planet Zoo.
d50caaa8a92	sync: fsync/ntsync, Linux kernel only	ntdll: Enable WINE_FSYNC_SIMULATE_SCHED_QUANTUM for GTA5.
5db78a1017f	sync: fsync/ntsync, Linux kernel only	fsync: Add WINE_FSYNC_YIELD_TO_WAITERS option.
c5eeb8de849	sync: fsync/ntsync, Linux kernel only	ntdll: HACK: Enable WINE_FSYNC_YIELD_TO_WAITERS for FFXIII.
78e21628ec6	sync: fsync/ntsync, Linux kernel only	ntdll: HACK: Enable fsync_yield_to_waiters for LIGHTNING RETURNS: FFXIII.
5308fac1bbe	sync: fsync/ntsync, Linux kernel only	ntdll: HACK: Enable fsync_yield_to_waiters for FFXIII-2.
c6f90241594	sync: fsync/ntsync, Linux kernel only	ntdll: fsync: HACK: Try to help simulated pulse event for God Eater Resurrection.
9d2c6a9b259	sync: fsync/ntsync, Linux kernel only	ntdll: fsync: HACK: Enable fsync_help_simulated_pulse for God Eater 2 Rage Burst.
bfa33d93175	sync: fsync/ntsync, Linux kernel only	ntdll: HACK: Enable WINE_FSYNC_HELP_SIMULATED_PULSE for Tempest Rising.
d57763b6ec9	sync: fsync/ntsync, Linux kernel only	fsync: Yield execution before alertable wait for AC Odyssey.
5433779865b	build: configure, makedep, generated files or tools	configure: Check for sys/eventfd.h, ppoll(), and shm_open().
b62913d8cab	sync: fsync/ntsync, Linux kernel only	fsync: Introduce futex-based inproc sync backend.
c6fd0a2ff3d	replaced: touches a file an *_ios.c replacement overrides	ntdll: Simulate async file read and IO cancellation to workaround AC:Odyssey out of order dialogues bug.
18eacd369e6	unix-side: unix code outside the replacements (not a PE-only game fix)	ntdll: Check for port signal state for zero timeout in NtRemoveIoCompletion[Ex].
3398c7a38a4	replaced: touches a file an *_ios.c replacement overrides	ntdll: HACK: Also simulate async file read and IO cancellation for Immortals Fenyx Rising.
fffcbe9ce0b	unused: winex11/winewayland/winebus/hidraw/pulse/opengl32, not in the iOS build	winex11.drv: Implement other process window Vulkan rendering.
e17e74e9369	unused: winex11/winewayland/winebus/hidraw/pulse/opengl32, not in the iOS build	winex11.drv: Add WINE_DISABLE_VULKAN_OPWR option.
7f8f044448e	proton: Steam client, Proton, Linux desktop, VR, GL/fshack, AMD/NVIDIA spoofing or winevulkan	vrclient: vulkan-1: Prefer builtin.
2c09b684a4d	inert: wine.inf only; the app never runs wine.inf	wine.inf.in: Use native vulkan-1 for RDR2.
6ab5b6091ee	proton: Steam client, Proton, Linux desktop, VR, GL/fshack, AMD/NVIDIA spoofing or winevulkan	vrclient: wine.inf: Add OpenXR registry entries.
19c6f062639	taken: clean; keyed on SteamGameId, which the app sets since decision 0020	ddraw: HACK: Ignore gamma ramp changes by e-Racer. CW-Bug-Id: #25272
03293730b1a	proton: Steam client, Proton, Linux desktop, VR, GL/fshack, AMD/NVIDIA spoofing or winevulkan	gdbinit: Catch exceptions when trying to remove symbol files.
760f7c20fa9	inert: wine.inf only; the app never runs wine.inf	wine.inf.in: Pin Act of War: Direct Action to Windows XP.
c850f93f725	unix-side: unix code outside the replacements (not a PE-only game fix)	win32u: Explicitly check for font family bits.
65738183e69	media: Media Foundation/GStreamer stack (Playport keeps its own video work)	winedmo: Always use upper case AV1 fourcc in media types.
c3b5f10412c	media: Media Foundation/GStreamer stack (Playport keeps its own video work)	winedmo: Explicily set HEVC mf GUID.
b6f7c600d36	taken: resolved: upstream's ITfFnReconversion stub (605b5772) sits where TF_GetThreadMgr moves to; both kept	msctf: Use list to keep thread managers.
1145107c124	unused: winex11/winewayland/winebus/hidraw/pulse/opengl32, not in the iOS build	winex11.drv: Properly check if the desktop window is fullscreen on multi-monitor systems.
96399e5bc05	unused: winex11/winewayland/winebus/hidraw/pulse/opengl32, not in the iOS build	HACK: winex11.drv: Make Tidy Cauldron game window resizable on KWin.
1b13baed34b	unused: winex11/winewayland/winebus/hidraw/pulse/opengl32, not in the iOS build	HACK: winex11.drv: Update _NET_WM_FULLSCREEN_MONITORS after a window is mapped on Mutter.
c8a5513ecab	replaced: touches a file an *_ios.c replacement overrides	ntdll: Implement a new NtQueryInformationProcess ProcessWineUnixDebuggerPid class.
e8f45bef0e4	replaced: touches a file an *_ios.c replacement overrides	loader: HACK: Build wine64 and wine64-preloader.
758caa78e85	replaced: touches a file an *_ios.c replacement overrides	ntdll: HACK: Restore wine_nt_to_unix_file_name() as Unix call.
d08653ec609	upstream: already in wine-11.18	mfsrcsnk: Use stream_map for index value on stream start.
1dc8060af44	unused: winex11/winewayland/winebus/hidraw/pulse/opengl32, not in the iOS build	win32u, winex11.drv: Avoid onscreen GL rendering for ULW windows.
d8a27b4712e	unused: winex11/winewayland/winebus/hidraw/pulse/opengl32, not in the iOS build	winex11.drv: Present GL image to surface if non-ULW surface exists.
989d5b4db2a	unused: winex11/winewayland/winebus/hidraw/pulse/opengl32, not in the iOS build	winex11.drv: Offscreen 3d rendering for SLWA layered windows.
4d48bdaf965	media: Media Foundation/GStreamer stack (Playport keeps its own video work)	devenum: Register IEEE float for Direct Sound default device.
30eff977093	media: Media Foundation/GStreamer stack (Playport keeps its own video work)	dsound: Initialize primary buffer with device's channel layout
14d3bdbb42c	taken: clean	ddraw: Remove topmost from the previous window when releasing exclusive cooperative level.
31d70e4e5db	taken: clean	ntdll: Keep more LFH block groups alive.
4098c1293e4	upstream: already in wine-11.18	mf: Discard end of presentation on IMFMediaSession_Stop.
3f902eff049	proton: Steam client, Proton, Linux desktop, VR, GL/fshack, AMD/NVIDIA spoofing or winevulkan	windows.media.speech: Add unixlib stub.
5a57918796e	proton: Steam client, Proton, Linux desktop, VR, GL/fshack, AMD/NVIDIA spoofing or winevulkan	windows.media.speech: Add Vosk checks to autoconf.
b08430f059f	proton: Steam client, Proton, Linux desktop, VR, GL/fshack, AMD/NVIDIA spoofing or winevulkan	windows.media.speech/tests: Allow the SpeechRecognizer creation to fail in Wine.
2285894c932	proton: Steam client, Proton, Linux desktop, VR, GL/fshack, AMD/NVIDIA spoofing or winevulkan	windows.media.speech: Implement Vosk create and release functions in the unixlib.
2bfde5e71ed	proton: Steam client, Proton, Linux desktop, VR, GL/fshack, AMD/NVIDIA spoofing or winevulkan	windows.media.speech: Move unix side recognizer creation to recognizer_CompileConstraintsAsync().
7e809dc748b	proton: Steam client, Proton, Linux desktop, VR, GL/fshack, AMD/NVIDIA spoofing or winevulkan	windows.media.speech: Implement recognition in the unixlib.
4c73a74e0b6	proton: Steam client, Proton, Linux desktop, VR, GL/fshack, AMD/NVIDIA spoofing or winevulkan	windows.media.speech: Compare recognized words with available constraints.
6c4827daab8	proton: Steam client, Proton, Linux desktop, VR, GL/fshack, AMD/NVIDIA spoofing or winevulkan	windows.media.speech: Send event on recognition success.
b76de709f47	proton: Steam client, Proton, Linux desktop, VR, GL/fshack, AMD/NVIDIA spoofing or winevulkan	windows.media.speech: Add ISpeechRecognitionSemanticInterpretation stub.
2a4eb2c66e7	proton: Steam client, Proton, Linux desktop, VR, GL/fshack, AMD/NVIDIA spoofing or winevulkan	HACK: windows.media.speech: Stub semantic_interpretation_get_Properties.
feb494e2796	proton: Steam client, Proton, Linux desktop, VR, GL/fshack, AMD/NVIDIA spoofing or winevulkan	windows.media.speech: Implement grammar.
da9dbe3abcb	proton: Steam client, Proton, Linux desktop, VR, GL/fshack, AMD/NVIDIA spoofing or winevulkan	WIP: windows.media.speech/tests: Add tests for manual recognition testing.
92ed4d9f3d2	proton: Steam client, Proton, Linux desktop, VR, GL/fshack, AMD/NVIDIA spoofing or winevulkan	HACK: windows.media.speech: Load Vosk models from Phasmophobia.
22a8c5adcd5	proton: Steam client, Proton, Linux desktop, VR, GL/fshack, AMD/NVIDIA spoofing or winevulkan	windows.media.speech: Set OPENBLAS_NUM_THREADS to 1.
007c81aca25	proton: Steam client, Proton, Linux desktop, VR, GL/fshack, AMD/NVIDIA spoofing or winevulkan	windows.media.speech: Use Steam UI language for Phasmophobia.
0e28359f01d	proton: Steam client, Proton, Linux desktop, VR, GL/fshack, AMD/NVIDIA spoofing or winevulkan	windows.media.speech: Add a way of forcing the recognized locale.
3a5df8646d0	upstream: already in wine-11.18	d3dx10: Move file/resource loading helper functions into shared code.
bfa50d55954	upstream: already in wine-11.18	d3dx11: Implement D3DX11GetImageInfoFromFile{A,W}().
f1d73889372	upstream: already in wine-11.18	d3dx11: Implement D3DX11GetImageInfoFromResource{A,W}().
92ad8fcf96a	upstream: already in wine-11.18	d3dx11: Implement D3DX11CreateTextureFromFile{A,W}().
916718b3156	upstream: already in wine-11.18	d3dx11: Implement D3DX11CreateTextureFromResource{A,W}().
ab808a6de3f	upstream: already in wine-11.18	d3dx9: Properly handle DXT textures with premultiplied alpha.
fd312628f0c	upstream: already in wine-11.18	d3dx9/tests: Add tests for D3DX_FILTER_SRGB flags.
1bd0c7edb54	d3dx: upstream's own d3dx9/10/11 texture work (48 commits in 11.0..11.18) overlaps Valve's backport of it; most of its commits conflict	d3dx9: Handle D3DX_FILTER_SRGB flags.
a6d93c800b3	upstream: already in wine-11.18	d3dx10/tests: Add tests for D3DX10LoadTextureFromTexture().
b123817064e	d3dx: upstream's own d3dx9/10/11 texture work (48 commits in 11.0..11.18) overlaps Valve's backport of it; most of its commits conflict	d3dx10: Implement D3DX10LoadTextureFromTexture().
b8cb280c21b	d3dx: upstream's own d3dx9/10/11 texture work (48 commits in 11.0..11.18) overlaps Valve's backport of it; most of its commits conflict	d3dx10: Add support for sRGB formats.
2ff0c5e7209	d3dx: upstream's own d3dx9/10/11 texture work (48 commits in 11.0..11.18) overlaps Valve's backport of it; most of its commits conflict	d3dx10: Implement D3DX10FilterTexture().
0c7d34d3fac	d3dx: upstream's own d3dx9/10/11 texture work (48 commits in 11.0..11.18) overlaps Valve's backport of it; most of its commits conflict	d3dx10: Add D3DX10CreateAsyncShaderResourceViewProcessor() stub.
c7b2ce3ab42	d3dx: upstream's own d3dx9/10/11 texture work (48 commits in 11.0..11.18) overlaps Valve's backport of it; most of its commits conflict	d3dx10: Implement D3DX10CreateAsyncShaderResourceViewProcessor().
60a9a91b179	d3dx: upstream's own d3dx9/10/11 texture work (48 commits in 11.0..11.18) overlaps Valve's backport of it; most of its commits conflict	d3dx10: Implement D3DX10CreateShaderResourceViewFrom{File,Memory,Resource}().
8448f7cdff1	d3dx: upstream's own d3dx9/10/11 texture work (48 commits in 11.0..11.18) overlaps Valve's backport of it; most of its commits conflict	d3dx10: Add stubs for D3DX10SaveTextureTo{Memory,File}().
e3bf5801d01	d3dx: upstream's own d3dx9/10/11 texture work (48 commits in 11.0..11.18) overlaps Valve's backport of it; most of its commits conflict	d3dx10: Add partial support for saving to DDS files in D3DX10SaveTextureToMemory().
2ed12ec865c	d3dx: upstream's own d3dx9/10/11 texture work (48 commits in 11.0..11.18) overlaps Valve's backport of it; most of its commits conflict	d3dx10: Add support for saving DXT10 DDS files in D3DX10SaveTextureToMemory().
347bd52e55f	tests: tests only	d3dx10/tests: Add tests for saving textures to non-DDS file formats.
41f4e830b53	taken: clean	windowscodecs: Add support for encoding 16bpp grayscale TIFF images.
df77a666b2b	d3dx: upstream's own d3dx9/10/11 texture work (48 commits in 11.0..11.18) overlaps Valve's backport of it; most of its commits conflict	d3dx10: Add support for saving textures to non-DDS file formats.
94d00054fc5	d3dx: upstream's own d3dx9/10/11 texture work (48 commits in 11.0..11.18) overlaps Valve's backport of it; most of its commits conflict	d3dx11: Implement D3DX11CreateAsyncTextureInfoProcessor().
cc4439305f8	d3dx: upstream's own d3dx9/10/11 texture work (48 commits in 11.0..11.18) overlaps Valve's backport of it; most of its commits conflict	d3dx11: Add support for the thread pump argument in D3DX11GetImageInfoFrom{File,Memory,Resource}().
432163daabd	d3dx: upstream's own d3dx9/10/11 texture work (48 commits in 11.0..11.18) overlaps Valve's backport of it; most of its commits conflict	d3dx11: Implement D3DX11CreateAsyncTextureProcessor().
64a48633a1f	d3dx: upstream's own d3dx9/10/11 texture work (48 commits in 11.0..11.18) overlaps Valve's backport of it; most of its commits conflict	d3dx11: Add support for the thread pump argument in D3DX11CreateTextureFrom{File,Memory,Resource}().
097582b254c	d3dx: upstream's own d3dx9/10/11 texture work (48 commits in 11.0..11.18) overlaps Valve's backport of it; most of its commits conflict	d3dx11: Implement D3DX11CreateAsyncShaderResourceViewProcessor().
beafa01b526	d3dx: upstream's own d3dx9/10/11 texture work (48 commits in 11.0..11.18) overlaps Valve's backport of it; most of its commits conflict	d3dx11: Implement D3DX11CreateShaderResourceViewFrom{File,Memory,Resource}().
046d8148368	d3dx: upstream's own d3dx9/10/11 texture work (48 commits in 11.0..11.18) overlaps Valve's backport of it; most of its commits conflict	d3dx11: Implement D3DX11LoadTextureFromTexture().
aebaaafc346	d3dx: upstream's own d3dx9/10/11 texture work (48 commits in 11.0..11.18) overlaps Valve's backport of it; most of its commits conflict	d3dx11: Implement D3DX11FilterTexture().
e15ba9d19d1	d3dx: upstream's own d3dx9/10/11 texture work (48 commits in 11.0..11.18) overlaps Valve's backport of it; most of its commits conflict	d3dx{10,11}: Add support for DXGI_FORMAT_B8G8R8A8_UNORM_SRGB.
21e624ea64f	d3dx: upstream's own d3dx9/10/11 texture work (48 commits in 11.0..11.18) overlaps Valve's backport of it; most of its commits conflict	d3dx{10,11}: Add support for DXGI_FORMAT_R11G11B10_FLOAT.
ed581161c2a	d3dx: upstream's own d3dx9/10/11 texture work (48 commits in 11.0..11.18) overlaps Valve's backport of it; most of its commits conflict	d3dx10: Implement D3DX10SaveTextureToFile{A,W}().
e2c3789375c	d3dx: upstream's own d3dx9/10/11 texture work (48 commits in 11.0..11.18) overlaps Valve's backport of it; most of its commits conflict	d3dx11: Implement D3DX11SaveTextureTo{File,Memory}().
5a82fd04ecd	d3dx: upstream's own d3dx9/10/11 texture work (48 commits in 11.0..11.18) overlaps Valve's backport of it; most of its commits conflict	d3dx11: Implement D3DX11CreateThreadPump().
764bff28f1b	unused: setupapi's winebus device presence; winebus is not built	setupapi: Support DICGF_PRESENT when looking for devices
1c95e6c0b50	unused: setupapi's winebus device presence; winebus is not built	setupapi: Use HID device instance ID when checking winebus devices for presence.
13a018bc07b	unused: setupapi's winebus device presence; winebus is not built	setupapi: Remove devices without any present interfaces from the device info list.
309fd946431	tests: tests only	mmdevapi/tests: Add property store tests for more variant types.
bd7e90c83fd	taken: resolved: its test hunk left out (upstream's propstore tests differ)	mmdevapi: Add support for storing VT_BOOL properties.
486fe0fb0ed	taken: resolved: its test hunk left out (upstream's propstore tests differ)	mmdevapi: Add support for storing VT_CLSID properties.
958ab120581	unused: winex11/winewayland/winebus/hidraw/pulse/opengl32, not in the iOS build	winepulse.drv: Create container ID from udev if possible.
094cc70dadd	upstream: already in wine-11.18	windows.gaming.input: Enfore axis usage mapping for HID devices.
ff2b3deac0e	upstream: already in wine-11.18	wbemprox: Add Win32_SystemEnclosure.SerialNumber.
59559d636d4	upstream: already in wine-11.18	wbemprox: Mark Win32_SystemEnclosure.Tag as key column.
a0b2e8c6d7e	replaced: touches a file an *_ios.c replacement overrides	ntdll: HACK: Enable WINE_SIMULATE_WRITECOPY for DCS World.
7be94133424	upstream: already in wine-11.18	mfsrcsnk: Remain in running state on EOP.
c256b339884	upstream: already in wine-11.18	server: Track foreground process id, instead of looking for active window.
57eb3ac86bb	upstream: already in wine-11.18	server: Remove now unnecessary process-wide set_foreground flag.
685960bfe70	upstream: already in wine-11.18	win32u: Make sysparam GPU devices less Vulkan specific.
311649aa580	upstream: already in wine-11.18	win32u: Enumerate system GPU devices from EGL devices.
ad39b0d676b	upstream: already in wine-11.18	win32u: Expose device LUID / nodes mask to opengl32.
d842ccdbf0e	upstream: already in wine-11.18	win32u: Implement glImportMemoryWin32(Handle/Name)EXT for opaque handle types.
c052d80ce5e	upstream: already in wine-11.18	win32u: Implement glImportSemaphoreWin32(Handle/Name)EXT for opaque handle types.
826debc29fe	unix-side: unix code outside the replacements (not a PE-only game fix)	win32u: Ignore software Vulkan devices in get_vulkan_gpus().
f3a9ed30e9c	upstream: already in wine-11.18	dwrite: Zero 'current' in create_font_collection().
550834da605	proton: Steam client, Proton, Linux desktop, VR, GL/fshack, AMD/NVIDIA spoofing or winevulkan	atiadlxx: Add ADL_Display_MVPUStatus_Get().
c8858094cf3	proton: Steam client, Proton, Linux desktop, VR, GL/fshack, AMD/NVIDIA spoofing or winevulkan	atiadlxx: Add stub for ADL_Display_ODClockInfo_Get().
8ff5e047e60	unused: winex11/winewayland/winebus/hidraw/pulse/opengl32, not in the iOS build	winex11: Prevent XGenericEvents from leaking memory while Steam overlay is open.
25acfaa7551	proton: Steam client, Proton, Linux desktop, VR, GL/fshack, AMD/NVIDIA spoofing or winevulkan	winevulkan: Make device memory wrapper available in callbacks.
7f9003458e4	proton: Steam client, Proton, Linux desktop, VR, GL/fshack, AMD/NVIDIA spoofing or winevulkan	HACK: winebuild: Include target arch in the hash used for timestamp.
bc506509c64	proton: Steam client, Proton, Linux desktop, VR, GL/fshack, AMD/NVIDIA spoofing or winevulkan	protontts: Implement basic TTS functionality using Piper.
71fed26906b	proton: Proton tag files, protontts or BattlEye launcher	sapi: Remove Wine Default Voice via sapi.rgs.
8db22ff4fa3	proton: Steam client, Proton, Linux desktop, VR, GL/fshack, AMD/NVIDIA spoofing or winevulkan	wine.inf: Add protontts registry entries.
a7714e599a3	proton: Steam client, Proton, Linux desktop, VR, GL/fshack, AMD/NVIDIA spoofing or winevulkan	protontts: Create tts-used tag for Steam.
1868cf9de55	proton: Steam client, Proton, Linux desktop, VR, GL/fshack, AMD/NVIDIA spoofing or winevulkan	wine.inf: Add Name and Age fields to protontts entries.
d8477f50b9e	proton: Steam client, Proton, Linux desktop, VR, GL/fshack, AMD/NVIDIA spoofing or winevulkan	protontts/tts: Implement volume support.
92a7c46ed49	proton: Steam client, Proton, Linux desktop, VR, GL/fshack, AMD/NVIDIA spoofing or winevulkan	protontts: Implement rate support.
c2b31103f06	proton: Steam client, Proton, Linux desktop, VR, GL/fshack, AMD/NVIDIA spoofing or winevulkan	protontts: Check for available data more frequently.
a053f435204	inert: wine.inf only; the app never runs wine.inf	wine.inf: HACK: Disable SpeechSynthesisWrapper.dll for Pentiment.
82bbb0a7735	inert: wine.inf only; the app never runs wine.inf	wine.inf: HACK: Disable SpeechSynthWrapper.dll for Grounded.
4af2b4f8e02	reverted: Valve reverted it (the pair is left out)	Revert "HACK: winex11, winevulkan: Support faking GPU PCI IDs."
c36e5f1e08c	upstream: already in wine-11.18	win32u: Wrap vkGetPhysicalDeviceProperties.
a530e6766ba	upstream: already in wine-11.18	win32u: Fixup Vulkan deviceName to match win32u GPU name.
924d8308856	reverted: Valve reverted it (the pair is left out)	HACK: winex11, winevulkan: Support faking GPU PCI IDs.
2183a36cdb2	replaced: touches a file an *_ios.c replacement overrides	win32u: Add env var to undo a hack disabling max window size clamping on Gamescope.
c713aa3c992	proton: Proton tag files, protontts or BattlEye launcher	dmloader: Touch soundfont-used file whenever looking up sound fonts.
d0ea236b67c	replaced: touches a file an *_ios.c replacement overrides	win32u: Bump GPU internal driver versions to even more future version.
ce0012323dc	unix-side: unix code outside the replacements (not a PE-only game fix)	msv1_0: Downgrade missing ntlm_auth message
469a9fea3d1	left out at the pick: arm64ec builds define __x86_64__ (not __aarch64__), so the mscoree x86-64 games load already takes the x86 Wine Mono; the HACK only changes the aarch64 build, for which wine-11.18 now has an arm64 Wine Mono (11.3.0)	HACK: Use x86 mono on aarch64.
579584c8cf7	fex-avx: SVE xstate headers; Apple CPUs have no SVE	include: Add arm64 SVE xstate headers.
626cd7ace63	fex-avx: inert on iOS (FEX reports no AVX there, fex-port 0009) and changes the EC dispatcher frame	FEX specific AVX support for arm64ec
2a8c650fb47	replaced: touches a file an *_ios.c replacement overrides	ntdll: Setup the FEX SVE predicate reg after handling signals.
a98b4d5e8e7	fex-names: renames xtajit64.dll to libarm64ecfex.dll; Playport ships FEX as xtajit64.dll	Use FEX wow64/ARM64EC dll names
1b8936d2834	inert: services.exe passes FEX_* variables to services; the app runs no services.exe	services: Pass through FEX config environment variables.
e1b3211935f	reverted: Valve reverted it (the pair is left out)	ntdll: Add an interface to map the FEX stats shm.
b130f25d66f	build: configure.ac	configure: Enable vcruntime140_1 and dpnsvcr for arm64x builds.
f95eb548a1c	wow64: 32-bit guests only (i386 is not built)	ntdll: Implement WOW64 thread suspension helpers.
133caa0db14	wow64: 32-bit guests only (i386 is not built)	wow64: Support running a BT module provided suspend routine.
be454c4d1d6	reverted: Valve reverted it (the pair is left out)	HACK: Avoid delay importing rpcrt4
8d813e09b87	fex-tsc: wineboot is never run by the app	HACK: wineboot: Always apply FEX's scaling to the reported ARM64 TSC
536caf6e516	wow64: 32-bit guests only (i386 is not built)	wow64: Write NtProtectVirtualMemory old_prot from within the thunk.
c1b93e22bfd	reverted: Valve reverted it (the pair is left out)	ntdll: Add FEX specific Asahi TSO support
28c7d11252b	reverted: Valve reverted it (the pair is left out)	ntdll: Implement FEX-specific kernel-side unaligned atomic handling.
1a219ebc68b	upstream: already in wine-11.18	ntdll: Fix LdrLoadDll() prototype.
dbdc9e2e4d8	upstream: already in wine-11.18	ntdll: Handle search flags in LdrLoadDll().
005e658f3b7	upstream: already in wine-11.18	kernel32/tests: Add tests for LdrLoadDll().
58a45ff7276	upstream: already in wine-11.18	ntdll: Use LDR_DONT_RESOLVE_REFS instead of DONT_RESOLVE_DLL_REFERENCES.
ab1469708e7	upstream: already in wine-11.18	ntdll: Don't fill output handle on error in LdrLoadDll().
77d8ad0ff38	upstream: already in wine-11.18	kernelbase: Pass search flags instead of path to LdrLoadDll().
052949d5ffc	unused: winex11/winewayland/winebus/hidraw/pulse/opengl32, not in the iOS build	winex11.drv: Handle emulated mode offset within X window.
535a63fea3c	replaced: touches a file an *_ios.c replacement overrides	server: Update fill window invalidate rect with window resize.
fca03da9f00	upstream: already in wine-11.18	ntdll: Make VEH registration structure compatible.
a114d4ae178	upstream: already in wine-11.18	ntdll: Factor out get_random() function.
4853a0930cb	upstream: already in wine-11.18	ntdll: Generate process cookie and return it from NtQueryInformationProcess( ProcessCookie ).
40df2e805e0	upstream: already in wine-11.18	ntdll: Reimplement RtlEncodePointer / RtlDecodePointer using process cookie.
02fcd6f3652	upstream: already in wine-11.18	kernel32: Don't use export forwarding for ntdll function table functions.
bba7b2128e2	upstream: already in wine-11.18	ntdll/tests: Add some tests for RtlWalkFrameChain() / RtlCaptureStackBackTrace() on x64.
fb61f0edafd	upstream: already in wine-11.18	ntdll: Stop walk in RtlWalkFrameChain() if there is no function entry on x64.
e587000d2df	upstream: already in wine-11.18	ntdll: Add stub function for NtWorkerFactoryWorkerReady().
42ed5d0bb97	media: Media Foundation/GStreamer stack (Playport keeps its own video work)	qasf: Set the DedicatedDeliveryThread property earlier.
29471b6697e	replaced: touches a file an *_ios.c replacement overrides	ntdll: HACK: Zero memory from glibc.malloc in start_main_thread().
21069f6315f	proton: Proton tag files, protontts or BattlEye launcher	sechost: Fake presence of BEService service for ARK: Survival Evolved.
b655bd02c02	media: Media Foundation/GStreamer stack (Playport keeps its own video work)	qasf/dmowrapper: Break from process_output loop when no samples are available.
de44bd7234b	unused: winex11/winewayland/winebus/hidraw/pulse/opengl32, not in the iOS build	winex11.drv: Fix x11drv_egl_surface_swap() swap for the case of absent current context.
abdc4674404	proton: Steam client, Proton, Linux desktop, VR, GL/fshack, AMD/NVIDIA spoofing or winevulkan	win32u: Always blit framebuffer surface to back and swap target in framebuffer_surface_flush().
f916832f5ee	upstream: already in wine-11.18	opengl32: Pass app's FBO to set_current_fbo().
9aa2f7d4485	unused: winex11/winewayland/winebus/hidraw/pulse/opengl32, not in the iOS build	opengl32: Update default FBO bindings after possible change of that in drawable.
b42436f2cd8	upstream: already in wine-11.18	mf: Make flushing on sample grabber largely a no-op.
dee024b65eb	upstream: already in wine-11.18	mf: Keep count of samples queued.
8068296b85e	upstream: already in wine-11.18	mf: Always queue a sample unless stopped.
1b4191e689a	upstream: already in wine-11.18	mf: Ensure we always have four requests outstanding/satisfied.
b8943b9de64	upstream: already in wine-11.18	mf: Remove no longer used sample_count and samples array.
dff7eb54166	upstream: already in wine-11.18	mf: Request new sample before processing markers.
2694d166ef8	upstream: already in wine-11.18	winemac: Register clipboard format with NtUserRegisterWindowMessage.
9da20489731	upstream: already in wine-11.18	winewayland: Register clipboard format with NtUserRegisterWindowMessage.
e887228e7cb	upstream: already in wine-11.18	winex11: Register clipboard format with NtUserRegisterWindowMessage.
b31750268dd	upstream: already in wine-11.18	win32u/tests: Test that window properties don't actually require atoms.
3eb0a1cf32f	upstream: already in wine-11.18	server: Only try to grab atom for string window properties.
3ea15b2157f	proton: Steam client, Proton, Linux desktop, VR, GL/fshack, AMD/NVIDIA spoofing or winevulkan	fshack: win32u: Present framebuffer on flush if GL_FLUSH_PRESENT is set.
0292917acff	proton: Steam client, Proton, Linux desktop, VR, GL/fshack, AMD/NVIDIA spoofing or winevulkan	fshack: win32u: Also update framebuffer surface target swap interval.
189b5e87516	reverted: Valve reverted it (the pair is left out)	WIP: ntdll: ARM64EC suspend support
166db1d9ed8	wow64: 32-bit guests only (i386 is not built)	ntdll: Support cross-process wow64 suspend on ARM64.
c10d8779c96	wow64: 32-bit guests only (i386 is not built)	HACK: ntdll: Spin up a thread to handle CreateThread APCs on ARM64 WOW
93f5940f131	wow64: 32-bit guests only (i386 is not built)	wow64: Always suspend GetContextThread target when under emulation.
0113bb090a8	replaced: touches a file an *_ios.c replacement overrides	server: Ensure allocated space for mappings is in accessible memory.
7d8366caa06	replaced: touches a file an *_ios.c replacement overrides	ntdll: Don't pass OpenXR environment variables from Linux.
bccfe87dbf4	proton: Steam client, Proton, Linux desktop, VR, GL/fshack, AMD/NVIDIA spoofing or winevulkan	opengl32: Do not reserve textures for internal use if a shared context has done so.
aad7cf81e61	upstream: already in wine-11.18	mf: Don't perform preroll if we are scrubbing.
c4d5587c8b3	upstream: already in wine-11.18	mf: Fix crash when stream is null during sample request.
4b77a24883b	media: Media Foundation/GStreamer stack (Playport keeps its own video work)	mfsrcsnk: Check and set current stream position before reading.
ec6925a6715	upstream: already in wine-11.18	mf: Only decrement sink requests on delivery of sample.
5a85f0f6b79	upstream: already in wine-11.18	win32u: Register WGL_ARB_multisample extension for EGL backend.
2e5709e1432	proton: Steam client, Proton, Linux desktop, VR, GL/fshack, AMD/NVIDIA spoofing or winevulkan	fshack: win32u: Handle framebuffer drawable in pop_internal_context().
fc81529f8ca	upstream: already in wine-11.18	win32u: Set pbuffer drawable to internal context in wglBindTexImageARB().
5306e4afceb	unused: winex11/winewayland/winebus/hidraw/pulse/opengl32, not in the iOS build	win32u: Create compatibility EGL context if no attribs specified.
5ff205ded15	unused: winex11/winewayland/winebus/hidraw/pulse/opengl32, not in the iOS build	fshack: opengl32: Preserve current program in fs_hack_setup_gamma_shader() and stop leaking gamma shaders.
bced045a905	proton: Steam client, Proton, Linux desktop, VR, GL/fshack, AMD/NVIDIA spoofing or winevulkan	fshack: win32u: Also swap draw buffers in framebuffer_surface_swap().
02e6997c59f	upstream: already in wine-11.18	win32u: Don't present new drawable in context_sync_drawables().
a603c30696d	upstream: already in wine-11.18	opengl32: Also bind default framebuffer in pop_default_fbo().
f23f4e2c664	proton: Steam client, Proton, Linux desktop, VR, GL/fshack, AMD/NVIDIA spoofing or winevulkan	fshack: win32u: Always use sampling path for multisampled drawables in blit_framebuffer_surface().
3590f588202	proton: Steam client, Proton, Linux desktop, VR, GL/fshack, AMD/NVIDIA spoofing or winevulkan	fshack: opengl32, win32u: Update draw and read buffers when switching between drawables.
889a48f4108	proton: Steam client, Proton, Linux desktop, VR, GL/fshack, AMD/NVIDIA spoofing or winevulkan	fshack: win32u: Recreate GL framebuffers and their storage only when needed.
ba7c395311e	media: Media Foundation/GStreamer stack (Playport keeps its own video work)	HACK: winedmo: Ignore missing PNG decoders.
537a7f81db4	unix-side: unix code outside the replacements (not a PE-only game fix)	win32u: HACK: Allow drawables with different format in win32u_wglMakeContextCurrentARB() for SWKOTOR.
8f04b950c03	unused: winex11/winewayland/winebus/hidraw/pulse/opengl32, not in the iOS build	fshack: opengl32: Blit from framebuffer surface draw buffer in glBlit[Named]Framebuffer[EXT]().
6abeb17272e	proton: Steam client, Proton, Linux desktop, VR, GL/fshack, AMD/NVIDIA spoofing or winevulkan	fshack: win32u, opengl: Only call resolve_default_fbo() before readback.
102e6983842	unused: winex11/winewayland/winebus/hidraw/pulse/opengl32, not in the iOS build	fshack: opengl32: Resolve actual read buffer in resolve_default_fbo().
5b5040abb03	unused: winex11/winewayland/winebus/hidraw/pulse/opengl32, not in the iOS build	opengl32: Resolve default FBO for glReadnPixels().
4249498701b	upstream: already in wine-11.18	win32u: Only link client surfaces after they are fully created.
786c1373fee	upstream: already in wine-11.18	win32u: Don't offset client rect when using D3D present rect.
8590af6f550	upstream: already in wine-11.18	win32u: Or the GL_FLUSH_INTERVAL flag when updating the swap interval.
0afdefcf4bb	proton: Steam client, Proton, Linux desktop, VR, GL/fshack, AMD/NVIDIA spoofing or winevulkan	win32u: Match the framebuffer surface swap interval with the target.
c9be39c08da	upstream: already in wine-11.18	win32u: Only update host window state if clip_client changes.
47a86a74680	proton: Steam client, Proton, Linux desktop, VR, GL/fshack, AMD/NVIDIA spoofing or winevulkan	win32u: Initialize FBO storage before binding it to framebuffer.
a3042262c2e	unix-side: unix code outside the replacements (not a PE-only game fix)	win32u: Avoid using uninitialized rect on NtUserGetClientRect() failure in get_drawable_size().
c394539d9b9	proton: Steam client, Proton, Linux desktop, VR, GL/fshack, AMD/NVIDIA spoofing or winevulkan	fshack: win32u: Share last FB surface attachments state between shared contexts.
07372033029	upstream: already in wine-11.18	winegstreamer: Free the stream objects during reader destruction.
2fbc81cd1ea	upstream: already in wine-11.18	winegstreamer: Use a single call to free the streams array (ASan).
ecc4d2729f5	unused: winex11/winewayland/winebus/hidraw/pulse/opengl32, not in the iOS build	fshack: opengl32: Factor out is_wine_reserved_texture().
21651f4830d	proton: Steam client, Proton, Linux desktop, VR, GL/fshack, AMD/NVIDIA spoofing or winevulkan	fshack, opengl32: Avoid allocating and freeing 64k textures at context creation.
60c7e66a137	media: Media Foundation/GStreamer stack (Playport keeps its own video work)	winegstreamer: Remove explicit creation of GLContext.
8a8a56e2afe	upstream: already in wine-11.18	mf: Drop events and end draining on MFT flush.
7c689ba225a	upstream: already in wine-11.18	win32u: Represent raw monitor dpi as rational value.
065206ceb19	unused: winex11/winewayland/winebus/hidraw/pulse/opengl32, not in the iOS build	HACK: winex11: Don't rely on _NET_ACTIVE_WINDOW for tracking focus under gamescope.
44d3570832c	unused: winex11/winewayland/winebus/hidraw/pulse/opengl32, not in the iOS build	Revert "winex11: Avoid setting RDW_ERASE on expose events."
454e0dcddc9	unix-side: unix code outside the replacements (not a PE-only game fix)	win32u: Don't create window surface for window with client surface.
54fdf0f2e71	unix-side: unix code outside the replacements (not a PE-only game fix)	win32u: Create surface for SLWA layered windows.
b0566087f2a	unused: winex11/winewayland/winebus/hidraw/pulse/opengl32, not in the iOS build	win32u, winex11.drv: Present offscreen Vulkan surface to window surface for Disgaea 5 Complete.
0565856114a	media: Media Foundation/GStreamer stack (Playport keeps its own video work)	HACK: mfmediaengine: Don't seek if the time delta is too small.
405c6160f2f	upstream: already in wine-11.18	winex11.drv: Do not set the pending NET_ACTIVE_WINDOW when we're skipping it.
38d385b3850	upstream: already in wine-11.18	winevulkan: Only filter out CLOCK_MONOTONIC(_RAW)_EXT time domains.
15fd6952355	upstream: already in wine-11.18	winevulkan: Implement support for VK_EXT_present_timing.
c3202e9d9f6	proton: Steam client, Proton, Linux desktop, VR, GL/fshack, AMD/NVIDIA spoofing or winevulkan	HACK: win32u: Avoid loading EGL if WINE_USE_EGL=0.
0f104622669	upstream: already in wine-11.18	ntdll/tests: Add exhaustive tests for all directory information classes.
45af4046985	upstream: already in wine-11.18	kernel32/tests: Test whether EA size is returned from FindFirstFile().
da5d92efcff	upstream: already in wine-11.18	ntdll: Always initialize the reparse tag in get_file_info().
c045b4cd880	upstream: already in wine-11.18	ntdll: Return the reparse tag in EaSize for non-Extd directory classes.
8d92c83c11f	upstream: already in wine-11.18	kernelbase: Use FileBothDirectoryInformation in FindFirstFile().
1e50077b732	upstream: already in wine-11.18	ntdll: Initialize the entire FileId in FileIdExtdBothDirectoryInformation.
b0c2aa9eae7	upstream: already in wine-11.18	ntdll: Initialize LockingTransactionId in FileIdGlobalTxDirectoryInformation.
ae4f46a7ec8	upstream: already in wine-11.18	kernelbase: Copy reserved fields in FindFirstFileExA().
a81f339e3d8	upstream: already in wine-11.18	opengl32: Don't access drawable after wgl_context_flush() in flush_context().
a58d3ebfc3f	upstream: already in wine-11.18	win32u: Also try to use DC own drawable in get_updated_drawable() when context is flushed.
f02b1d5b6c1	proton: Steam client, Proton, Linux desktop, VR, GL/fshack, AMD/NVIDIA spoofing or winevulkan	fshack: win32u: Do not keep old drawable as window unused if it was replaced.
13f5eab3c2b	unused: winex11/winewayland/winebus/hidraw/pulse/opengl32, not in the iOS build	win32u, winex11.drv: HACK: Force GL fshack on XWayland / NVidia.
07e664ac294	upstream: already in wine-11.18	msvcrt: Fix no buffering detection in _fwrite_nolock().
13a4d21ab00	unix-side: unix code outside the replacements (not a PE-only game fix)	win32u: Flush display in NtUserEndPaint() if window does not have surface.
cfab21805d7	upstream: already in wine-11.18	mf: Don't async notify a sink that is also the time source.
4e6ef2f15e1	upstream: already in wine-11.18	mf: Implement IMFTimer using a periodic callback.
9789cab46e6	upstream: already in wine-11.18	mf/tests: Stop checking samples at the end of the expected array.
c423aff6308	upstream: already in wine-11.18	mf/tests: Change todo to flaky for the H.264 decoder ouput type change test.
8041c8519e7	upstream: already in wine-11.18	mfplat/tests: Test NV12 negative stride in MFCreateMediaBufferFromMediaType().
a6cb7f6eee9	upstream: already in wine-11.18	mf/tests: Test sample copier 2D buffers.
1ef7a279553	upstream: already in wine-11.18	mf/tests: Test H.264 decoder 2D buffers.
27513d9966d	upstream: already in wine-11.18	mf/tests: Test WMV decoder 2D buffers.
a305c0ecf7f	upstream: already in wine-11.18	mf/tests: Test color convert 2D buffers.
8c57d0eb14a	upstream: already in wine-11.18	winegstreamer: Support 2D sample buffer.
384c1d30e48	upstream: already in wine-11.18	winex11: Introduce a new window_set_net_wm_fullscreen_monitors helper.
e1066e867a8	upstream: already in wine-11.18	winex11: Continue requesting fullscreen monitors in PropertyNotify handlers.
42f22b39241	proton: Steam client, Proton, Linux desktop, VR, GL/fshack, AMD/NVIDIA spoofing or winevulkan	HACK: dinput: Don't center left/right trigger axes when steam overlay is up.
14ba8d1be8a	upstream: already in wine-11.18	mmdevapi: Adjust device names.
f220e978891	media: Media Foundation/GStreamer stack (Playport keeps its own video work)	winedmo: HACK: Set a non-zero value in WAVEFORMATEX wBitsPerSample for transcoded audio in Metal Gear Survive.
978b932940f	replaced: touches a file an *_ios.c replacement overrides	win32u: HACK: Force server roundtrip in PeekMessage() for SWKOTOR.
5573af2cabe	upstream: already in wine-11.18	opengl32: Recognize more glHint attributes.
d967cab5014	unused: winex11/winewayland/winebus/hidraw/pulse/opengl32, not in the iOS build	HACK: winex11: Add opt-in kwin-x11 workarounds for maximized windows.
fbcd1419165	upstream: already in wine-11.18	ntdll/tests: Test which MxCsr from the context is used by SetThreadContext() on x64.
c23e8f64f2c	upstream: already in wine-11.18	ntdll: Prefer CONTEXT.MxCsr over CONTEXT.FltSave.MxCsr in NtSetContextThread() on x64.
43765c53471	upstream: already in wine-11.18	server: Create temp files for anonymous mappings with memfd_create() if available.
4a3483bae84	upstream: already in wine-11.18	winhttp: Stub WinHttpSetOption( WINHTTP_OPTION_DECOMPRESSION ).
586f983afbd	media: Media Foundation/GStreamer stack (Playport keeps its own video work)	winegstreamer: HACK: Implement video right edge replication for Disintegration.
4c555da5fee	upstream: already in wine-11.18	msvfw32: Only attempt to set a digital-video window, when the driver has a window itself.
cb50ee2f255	taken: clean	secur32: HACK: Add %NO_SHUFFLE_EXTENSIONS to priority string.
cb04d474d7c	upstream: already in wine-11.18	win32u: Set VendorId / DeviceId in DirectX registry key with correct size.
f5e2aabc1bc	upstream: already in wine-11.18	shell32: Return S_OK from IShellLinkW_fnSetPath for nonexistent paths.
0732b2b8449	upstream: already in wine-11.18	shell32: Remove trailing backslash in IShellLinkW_fnSetPath().
6d38464be3e	upstream: already in wine-11.18	wshom.ocx: Implement WshShortcut_get_TargetPath().
cbcd3c4a1b1	upstream: already in wine-11.18	wshom.ocx: Load shell link in WshShortcut_Create().
314e5309805	inert: wine.inf only; the app never runs wine.inf	wine.inf: Set Windows version to Win11 for Imperiums: Greek Wars.
111981ee1ac	upstream: already in wine-11.18	windows.media.speech/tests: Add a couple of synthesizer's options tests.
a1a26701972	upstream: already in wine-11.18	windows.media.speech: Add basic implementation on synthesizer options.
e71c2727cc3	upstream: already in wine-11.18	windows.media.speech/tests: Add more tests about IVoiceInformation.
960f66d114e	upstream: already in wine-11.18	windows.media.speech/tests: Add tests about vector view's content.
5b973f218d8	upstream: already in wine-11.18	windows.media.speech: Implement IVectorView<VoiceInformation> on top of a stub provider.
7b0318c23d2	upstream: already in wine-11.18	windows.media.speech: Add basic implementation of IVoiceInformation.
d9f33c99a0d	upstream: already in wine-11.18	windows.media.speech/tests: Add more tests about default voice.
ef2d29fe75b	upstream: already in wine-11.18	windows.media.speech: Select a default voice in synthesizer.
6ee8352ff53	upstream: already in wine-11.18	windows.media.speech: Implement get/put voice on synthesizer.
0acb7945c1d	upstream: already in wine-11.18	windows.media.speech/tests: Change a value check.
ebd8d793df0	upstream: already in wine-11.18	windows.media.speech/tests: Skip some voice tests on Windows 8.
db6ad2ccadb	upstream: already in wine-11.18	windows.media.speech: Make sure voice provider is initialized before returning default voice.
519fe018f0d	upstream: already in wine-11.18	windows.media.speech: Set pointer to NULL.
7a180b3a946	replaced: touches a file an *_ios.c replacement overrides	win32u: Disable undecorated windows hack for Rei and the Floating City.
b969177b833	unused: winex11/winewayland/winebus/hidraw/pulse/opengl32, not in the iOS build	winex11.drv: HACK: Try to ensure black background window is behind for Forza Horizon 4/5.
68359192f76	upstream: already in wine-11.18	mf: Add MARKIN/MARKOUT attributes to decoder node.
23df0ca1edb	upstream: already in wine-11.18	mf: Drop samples from transform if MARKIN_HERE is set.
6d6fbce2c00	upstream: already in wine-11.18	mf: Trim samples from transform if MARKIN_HERE is set.
77ac4acb995	upstream: already in wine-11.18	makedep: Specify dll name when it can't be guessed from the spec file name.
acb645f1f27	upstream: already in wine-11.18	mf: Prevent invalid topologies from being started.
70b751023ac	upstream: already in wine-11.18	mf: Replace state variable with clock_state.
9f7cd24b893	upstream: already in wine-11.18	mf: Implement presentation time source for SAR.
67703b0371b	upstream: already in wine-11.18	mf: Check provided presentation clock has a time source.
403f4632a8d	upstream: already in wine-11.18	mf: Implement Scrubbing in SAR.
765edfaabcc	upstream: already in wine-11.18	mf: Discard samples prior to current seek time.
ff299eea18b	upstream: already in wine-11.18	mf: Report seek time up until we render past this point.
99c3be169af	upstream: already in wine-11.18	ntdll: Get current timezone bias from user shared data.
6d97fc2c4f6	upstream: already in wine-11.18	server: FIx timezone bias for timezones defined with inverse DST on Unix.
d97e7b41e2e	upstream: already in wine-11.18	ntdll: Fix get_timezone_info() for timezones defined with inverse DST on Unix.
ce2d38f0990	upstream: already in wine-11.18	ntdll: Factor out read_reg_tz_info().
a022e8310a5	upstream: already in wine-11.18	ntdll: Try to determine system time zone to Windows zone by name.
ab4de035b85	upstream: already in wine-11.18	ntdll: Drop additional TZ matching with match_tz_name().
e3577bf1fbb	upstream: already in wine-11.18	ntdll: Better search for DST change in find_dst_change().
0485d9ee082	upstream: already in wine-11.18	ntdll: Accept 30min shift in match_tz_date().
fd651c7bf9f	upstream: already in wine-11.18	server: Cache timezone bias adjustment in set_user_shared_data_time().
76bb49a0a56	upstream: already in wine-11.18	ntdll: Avoid expensive inverted DST check on get_timezone_info() cache hit path.
cc9a65cb0cf	proton: Steam client, Proton, Linux desktop, VR, GL/fshack, AMD/NVIDIA spoofing or winevulkan	kernelbase, ntdll: Manage easyanticheat.dll load order based on .so presence and launcher process detection.
5f8f05e36d1	proton: Steam client, Proton, Linux desktop, VR, GL/fshack, AMD/NVIDIA spoofing or winevulkan	kernelbase: Remove command line fixup code from battleye_launcher_redirect_hack().
3262193797d	proton: Steam client, Proton, Linux desktop, VR, GL/fshack, AMD/NVIDIA spoofing or winevulkan	kernelbase: Set PROTON_ORIG_LAUNCHER_NAME when starting builtin BattleEye launcher.
300828e138b	proton: Proton tag files, protontts or BattlEye launcher	kernelbase: Don't redirect BE launcher when run from builtin one.
c6398fa5fbf	reverted: Valve reverted it (the pair is left out)	ntdll: HACK: Disable old EAC bridge for Crossout.
92c152e2b99	proton: Steam client, Proton, Linux desktop, VR, GL/fshack, AMD/NVIDIA spoofing or winevulkan	kernelbase: HACK: Sync some env vars to Unix side when staring EOS bootstrapper.
ad5919f4903	proton: Steam client, Proton, Linux desktop, VR, GL/fshack, AMD/NVIDIA spoofing or winevulkan	kernelbase: HACK: Start EAC launcher in its executable directory.
0353f66766b	upstream: already in wine-11.18	mfmediaengine: Reset the sample requested flag on Stop.
7ca3d0ebd43	upstream: already in wine-11.18	mfmediaengine: Implement looping behaviour.
f248e12292d	upstream: already in wine-11.18	mfmediaengine: Keep the last presentation sample on flush.
0b6f3432588	upstream: already in wine-11.18	include: Add IMFMediaEngineClassFactoryEx and IMFMediaEngineClassFactory2 definitions.
f843a9d53ce	upstream: already in wine-11.18	mfmediaengine: Add IMFMediaEngineClassFactoryEx interface.
a7ee63cbd53	replaced: touches a file an *_ios.c replacement overrides	win32u: Align absolute mouse event coords to virtual resolution pixels.
9b35ea4655f	taken: clean	gdi32: HACK: Force using Microsoft Sans Serif for Thai.
3d1a73cbf4d	upstream: already in wine-11.18	winegstreamer: Do not copy the incorrect buffer.
981bcdbae20	sync: fsync/ntsync, Linux kernel only	ntdll: HACK: Enable WINE_FSYNC_YIELD_TO_WAITERS for From Dust.
5cadc45c3d9	upstream: already in wine-11.18	dwrite: Add locales to locale list.
d3e9d3c3dbb	upstream: already in wine-11.18	dwrite: Fail loading unsupported COLRv1 fonts.
00a6ded11bf	upstream: already in wine-11.18	dwrite: Fix second chance fonts handling in fallback_map_characters().
efd72a829c7	taken: clean	dwrite: Extend emoji fallback range and add Noto Emoji as a fallback font.
49e539f75c6	upstream: already in wine-11.18	win32u/d3dkmt: Close the wait handle with NtClose() in NtGdiDdDDIAcquireKeyedMutex2().
9b175d51fc0	upstream: already in wine-11.18	comctl32/static: Set HALFTONE StretchBlt mode in STATIC_PaintBitmapfn().
00023f742a9	upstream: already in wine-11.18	mfsrcsnk: Move IMFByteStream release into IMFMediaSource_Shutdown().
8e3cb561e12	left out at the pick: Madeira's fork already stubs GetPointerDevice (wine-port 0030)	user32: Add stub for GetPointerDevice().
4dd6a640f97	left out at the pick: wine-11.18 implements GetPointerInfoHistory	user32: Add a stub for GetPointerInfoHistory().
06e63ed967a	taken: resolved: beside upstream's new pointer-frame functions	user32: Add a stub for SkipPointerFrameMessages().
c568a124088	upstream: already in wine-11.18	mf: Handle ENDOFSEGMENT marker in SAR.
6b4b74dde2a	upstream: already in wine-11.18	mfmediaengine: Implement scrubbing.
d0baa688265	proton: Steam client, Proton, Linux desktop, VR, GL/fshack, AMD/NVIDIA spoofing or winevulkan	fshack: win32u: Get the current front texture when blitting with gamma.
aba0af213b0	taken: clean	kernelbase: HACK: Force disable direct composition for Blaite.
44861b5819f	upstream: already in wine-11.18	ntdll: Do not keep next handler pointer outside of lock in call_vectored_handlers().
6d993a3a5f8	taken: clean	Revert "ntoskrnl: Enumerate child devices on a separate thread."
ea1fac8828b	upstream: already in wine-11.18	winex11: Update queue input time on WM_TAKE_FOCUS.
b98cb447dce	replaced: touches a file an *_ios.c replacement overrides	ntdll: Add NtQueryInformationProcess( ProcessWineUnixPid ).
49d7a68e5f6	reverted: Valve reverted it (the pair is left out)	ntdll: Handle page faults from RtlVirtualUnwind2_arm64() in RtlVirtualUnwind2().
33ff068aef5	upstream: already in wine-11.18	server: Do not return STATUS_ACCESS_DENIED from read_process_memory_vm() for zero read.
a7d2b7a2e0f	upstream: already in wine-11.18	configure: Build PE modules with build ID by default.
bffd7289ec3	upstream: already in wine-11.18	wmvcore: Test we can open a rawvideo wmv file.
36fc02634bc	upstream: already in wine-11.18	winegstreamer: Place 'videoconvert' prior to 'deinterlace' element.
0ebfe33390b	replaced: touches a file an *_ios.c replacement overrides	win32u: Truncate deviceID to 16 bit in VK_WINE_OPENVR_DEVICE_EXTS_PCIID_ string.
5419e99b162	taken: clean	kernelbase: HACK: Force disable direct composition for Universe Generator: The Golden Sword.
e2a368054fc	replaced: touches a file an *_ios.c replacement overrides	ntdll: HACK: Enable WINE_SIMULATE_WRITECOPY for Puppeteer : Control.
d7acb4758e1	upstream: already in wine-11.18	dbghelp/dwarf: Properly ignore Dwarf-5 compilation units.
41270c6d285	unused: winex11/winewayland/winebus/hidraw/pulse/opengl32, not in the iOS build	winex11: Delay setting foreground on a minimized window.
9878c04763b	upstream: already in wine-11.18	mf: Specify the multithreaded queue for presentation clock callbacks.
aa68265f7dc	upstream: already in wine-11.18	mf: Specify the multithreaded queue for sample grabber timer callbacks.
19bb4d0b3f4	upstream: already in wine-11.18	iyuv_32: Add stub dll.
772bddb4b4c	upstream: already in wine-11.18	iyuv_32/tests: Add test stub.
0ed5be79d30	upstream: already in wine-11.18	iyuv_32/tests: Test which formats are supported.
128989ee6e0	upstream: already in wine-11.18	iyuv_32/tests: Add a decompression test.
6ebc120fa4d	upstream: already in wine-11.18	iyuv_32/tests: Add a compression test.
0badf149406	upstream: already in wine-11.18	wine.inf: Add a default association for .reg files.
c067a1f2a20	upstream: already in wine-11.18	winmm/tests: Add tests for destination scaling with AVI window resize.
337484043c0	upstream: already in wine-11.18	mciavi32: Update destination rect on window size change.
bb7ae6b9b67	upstream: already in wine-11.18	mciavi32: Use msvfw32 for presentation.
759e339e5f7	proton: Steam client, Proton, Linux desktop, VR, GL/fshack, AMD/NVIDIA spoofing or winevulkan	win32u: HACK: Workaround window ordering on Gamescope for Crystal of Atlan.
023903f04fc	upstream: already in wine-11.18	wmvcore/tests: Add test for COM initialization in async reader thread.
7394efe004a	upstream: already in wine-11.18	wmvcore: Initialize COM in async_reader_callback_thread().
6932711b260	unused: winex11/winewayland/winebus/hidraw/pulse/opengl32, not in the iOS build	winex11.drv: HACK: Make sure popups are not managed for Rockstar Launcher.
b51d873019e	upstream: already in wine-11.18	winevulkan: Update to VK spec version 1.4.339.
47e476af949	proton: Steam client, Proton, Linux desktop, VR, GL/fshack, AMD/NVIDIA spoofing or winevulkan	winevulkan: Convert Wine-specific function pointers to format matching 1.4.339+ schemas.
1a7870a23b0	upstream: already in wine-11.18	winevulkan: Get rid of debug handles unwraps in struct chains.
dfaffd22c1d	proton: Steam client, Proton, Linux desktop, VR, GL/fshack, AMD/NVIDIA spoofing or winevulkan	winevulkan: Update vk.xml / video.xml to version 1.4.344.
acda8ed2ebb	replaced: touches a file an *_ios.c replacement overrides	ntdll: HACK: Add process exit delay for DCS World CEF processes.
054473d56e3	sync: fsync/ntsync, Linux kernel only	fsync: 8-byte align 'struct fsync_cache'.
cc7266f9775	proton: Steam client, Proton, Linux desktop, VR, GL/fshack, AMD/NVIDIA spoofing or winevulkan	atiadlxx: Add ADL2_Adapter_AdapterInfo_Get().
9ff6468598f	proton: Steam client, Proton, Linux desktop, VR, GL/fshack, AMD/NVIDIA spoofing or winevulkan	atiadlxx: Add ADL2_Graphics_Versions_Get().
53adf1ada2f	upstream: already in wine-11.18	winex11: Use unsigned long for monitor indices generation.
48724c62bbd	unused: winex11/winewayland/winebus/hidraw/pulse/opengl32, not in the iOS build	winex11: Track actual _NET_WM_FULLSCREEN_MONITORS property updates.
48bc9b415b7	unused: winex11/winewayland/winebus/hidraw/pulse/opengl32, not in the iOS build	winex11: Update _NET_WM_FULLSCREEN_MONITORS before requesting _NET_WM_STATE_FULLSCREEN.
a63f42b30d0	unused: winex11/winewayland/winebus/hidraw/pulse/opengl32, not in the iOS build	winex11: Serialize _NET_WM_FULLSCREEN_MONITORS changes by expecting a ConfigureNotify.
948361d64d3	media: Media Foundation/GStreamer stack (Playport keeps its own video work)	HACK: winedmo: Assume that AV1 decoder is available.
79604fd6795	inert: wine.inf only; the app never runs wine.inf	wine.inf: Remove registry entries disabling speech synthesis for Grounded and Pentiment.
742845481e4	taken: clean	kernelbase: Workaround a call with misaligned stack in OpenMutexW().
71b7f542d01	reverted: Valve reverted it (the pair is left out)	Revert "server: Create temp files for anonymous mappings with memfd_create() if available."
2642b4dce9c	upstream: already in wine-11.18	server: Create temp files for anonymous mappings with memfd_create() if available.
2fcb3c5e821	upstream: already in wine-11.18	gdiplus: Refactor SOFTWARE_GdipFillRegion() to separate bitmap handling.
89daabd369a	upstream: already in wine-11.18	gdiplus: Implement software region fill for bitmap images.
8e6bb05223d	upstream: already in wine-11.18	gdiplus: Bypass span combination for intersected rects.
7c37252819e	left out at the pick: fixes the lsteamclient import override, which is left out	ntdll: When overriding dlls, update len.
0bea7fadfad	fex-names: fixup of the rename	fixup! Use FEX wow64/ARM64EC dll names
ac09f4020b7	reverted: Valve reverted it (the pair is left out)	Revert "ntdll: Handle page faults from RtlVirtualUnwind2_arm64() in RtlVirtualUnwind2()."
316676f61bf	upstream: already in wine-11.18	ntdll: Do not crash in RtlVirtualUnwind2() in some cases of NULL output parameters on x64.
ac9b4f69d65	upstream: already in wine-11.18	ntdll: Catch access violation in RtlVirtualUnwind2() on arm64.
3e5eb3bceba	fixup: its target is left out	fixup! loader: HACK: Build wine64 and wine64-preloader.
832b9ce404b	upstream: already in wine-11.18	windows.media.speech: Don't access the all voices vector view directly.
0cd72ac7916	upstream: already in wine-11.18	windows.media.speech: Fix a trace typo.
2f70bfd4d0f	fixup: its target is left out	amend! HACK: winebus: Disable SDL2.30 new behavior for the SDL unix backend.
ca4db3d8c3b	unused: winex11/winewayland/winebus/hidraw/pulse/opengl32, not in the iOS build	winex11.drv: Expect GLX errors without XLockDisplay().
ba2d9161f0a	media: Media Foundation/GStreamer stack (Playport keeps its own video work)	winegstreamer: Use latest form of codec info in transcoded files.
747ac594e3d	media: Media Foundation/GStreamer stack (Playport keeps its own video work)	winegstreamer/media-converter: Store SHA1 of played chunk in dedicated FOZ.
d0f7c4fdb31	media: Media Foundation/GStreamer stack (Playport keeps its own video work)	winegstreamer: Fix potential race in media converter.
d6ce736340e	media: Media Foundation/GStreamer stack (Playport keeps its own video work)	media-converter: Move VIDEO_CONV_FOZ_TAG_ definitions to a header.
e262f97e796	media: Media Foundation/GStreamer stack (Playport keeps its own video work)	media-converter: Move mark_transcoded_stream() to lib.c.
d051cb54e92	media: Media Foundation/GStreamer stack (Playport keeps its own video work)	winedmo/media-converter: Use mark_transcoded_stream().
81d78e4f3ea	proton: Proton tag files, protontts or BattlEye launcher	dmloader: Log ERR when soundfonts are used.
2147dfcc5d9	upstream: already in wine-11.18	amstream/tests: Test when top-down image is not accepted.
09c18d7e9ae	upstream: already in wine-11.18	amstream: Reject filter when top-down image is not accepted.
862f7c0f5ae	upstream: already in wine-11.18	amstream: Always return S_OK on disconnect.
6280c6b6fde	upstream: already in wine-11.18	iyuv_32/tests: Fix a read overrun.
ad3807b8707	upstream: already in wine-11.18	winegstreamer: Add winegstreamer_create_color_converter.
d923783188d	upstream: already in wine-11.18	iyuv_32: Implement IYUV_GetInfo.
4347d541aa7	upstream: already in wine-11.18	iyuv_32: Implement IYUV_DecompressQuery.
4afb61c7dd6	upstream: already in wine-11.18	iyuv_32: Implement IYUV_DecompressGetFormat.
7571e5782bb	upstream: already in wine-11.18	iyuv_32: Implement IYUV_Open.
596a2d2bbe6	upstream: already in wine-11.18	iyuv_32: Implement IYUV_DecompressBegin.
beec5b52056	upstream: already in wine-11.18	iyuv_32: Implement IYUV_Decompress.
aabb1369297	upstream: already in wine-11.18	mf: Handle no time and/or duration during markin.
b82c0340ab8	upstream: already in wine-11.18	mf/tests: Introduce a helper for creating an activated media sink.
6325cb2f4f3	upstream: already in wine-11.18	mf/tests: Check for sample grabber sink shutdown.
57ff137267e	upstream: already in wine-11.18	mf/tests: Add tests for sample grabber sink shutdown.
2abe99fe2cf	upstream: already in wine-11.18	mf/session: Ensure the session object is shut down on release.
0a91c2a2709	upstream: already in wine-11.18	mf/session: Shut down all topologies on session shutdown.
8c388ce306a	upstream: already in wine-11.18	mscoree: Use coop-aware thread attach functions.
bae67f9ead2	upstream: already in wine-11.18	mf: Remove periodic callback on clock shutdown.
dbc8fd14678	upstream: already in wine-11.18	mf: Call GetCorrelatedTime without critical section.
75c9e12a7ca	reverted: Valve reverted it (the pair is left out)	Revert "ntdll: HACK: Disable old EAC bridge for Crossout."
35d5907e2cd	upstream: already in wine-11.18	msvcrt: Fastfail if _CALL_REPORTFAULT is set.
db178632c8f	upstream: already in wine-11.18	msvcrt: Call abort at the end of _wassert.
f486ed8a650	upstream: already in wine-11.18	mfmediaengine/tests: Set the volume after the null check in test_TransferVideoFrame().
f387f215470	upstream: already in wine-11.18	mfmediaengine/tests: Test a media engine extension.
35dba3ffd09	upstream: already in wine-11.18	mfmediaengine: Set the source pending flag before creating the source.
c7326b33c2e	upstream: already in wine-11.18	mfmediaengine: Support media engine extensions.
a752200349f	upstream: already in wine-11.18	mf/scheme_handler: Call PathCreateFromUrlW() for URL to path conversion.
c7d7082e882	upstream: already in wine-11.18	mfplat/tests: Create the new file in the temp path in test_file_stream().
aa7f9dd1c1e	upstream: already in wine-11.18	mfplat/tests: Test leading forward slashes and colons in filename URLs.
615fddc1023	upstream: already in wine-11.18	mfplat: Normalise URLs before passing to BeginCreateObject().
c6a17f3d62a	taken: clean; keyed on SteamGameId, which the app sets since decision 0020	d3d8: HACK: Return NOTAVAILABLE for R8G8B8 in CheckDeviceMultiSampleType() for STAR WARS Starfighter.
c1416e65a0f	upstream: already in wine-11.18	shell32: Don't add backslash after CSIDL_PERSONAL.
2b1329b3fc1	upstream: already in wine-11.18	dsound/tests: Test primary buffer independence across IDirectSound objects.
b1f1c690965	upstream: already in wine-11.18	dsound: Create independent devices for each DirectSoundCreate call.
31b15edfe5b	media: Media Foundation/GStreamer stack (Playport keeps its own video work)	winegstreamer: Reblock Proton transcoded audio into larger chunks if necessary.
520fae70a4b	upstream: already in wine-11.18	wine.inf: Add ImmersiveShell registry key.
15ccd38679b	upstream: already in wine-11.18	quartz/tests: Add a few more seeking tests.
f24761f4120	upstream: already in wine-11.18	quartz: Update current and elapsed positions in Stop().
d2de1fc15c5	upstream: already in wine-11.18	winevulkan: Do not show debug assertion dialog on Unix side exceptions.
c41ae9163ab	upstream: already in wine-11.18	mfplat/tests: Test CreateObjectFromByteStream() URL with unknown or no extension.
c4513db70fc	upstream: already in wine-11.18	mfplat: Do not require CONTENT_DOES_NOT_HAVE_TO_MATCH_EXTENSION_OR_MIME_TYPE if no extension is present.
3d7861b04ae	media: Media Foundation/GStreamer stack (Playport keeps its own video work)	winegstreamer: HACK: Add alignment fix for 4:2 planar video.
05465613bfe	upstream: already in wine-11.18	server: Fix a memory leak in d3dkmt_share_objects.
7667eddb9b0	unused: winex11/winewayland/winebus/hidraw/pulse/opengl32, not in the iOS build	HACK: winex11.drv: Update WM_STATE before XReconfigureWMWindow() to avoid a Mutter Wayland bug.
ec2b92948f8	upstream: already in wine-11.18	gdi32: Test that GetDIBits() rejects DDBs that are not 1-bit or 32-bit.
fa6a04cda18	upstream: already in wine-11.18	win32u: Reject DDBs that are not 1-bit or 32-bit for GetDIBits().
d0aa836e555	unused: winex11/winewayland/winebus/hidraw/pulse/opengl32, not in the iOS build	HACK: winex11.drv: Wait 100ms in X11DRV_ChangeDisplaySettings() as a workaround for SDL3 games.
d93dc82d525	upstream: already in wine-11.18	Revert "win32u: Don't forcefully activate windows before restoring them."
ec309bf7d3b	upstream: already in wine-11.18	win32u: Set the normal window position without going through NtUserSetInternalWindowPos().
f1ae0853030	upstream: already in wine-11.18	winex11.drv: Return WithdrawnState when get_window_wm_state() fails.
89a681c0cd7	upstream: already in wine-11.18	winex11.drv: Wait for the previous request when transitioning from IconicState to NormalState.
a7834374e4a	unused: winex11/winewayland/winebus/hidraw/pulse/opengl32, not in the iOS build	HACK: winex11: Don't ignore FocusIn events with gamescope for Need for Speed™ Hot Pursuit Remastered (1328660).
299f3b325e1	unused: winex11/winewayland/winebus/hidraw/pulse/opengl32, not in the iOS build	HACK: winex11.drv: Go through NormalState when switching to IconicState from WithdrawnState on Muffin.
00ee47d5e80	unused: winex11/winewayland/winebus/hidraw/pulse/opengl32, not in the iOS build	HACK: winex11.drv: Reject WS_EX_TRANSPARENT for Task Bar Hero (3678970).
9d75f452f69	upstream: already in wine-11.18	ntdll: Do not fail with STATUS_INVALID_INFO_CLASS for anonymous files.
45bddf86494	upstream: already in wine-11.18	Revert "kernelbase: Replace FileAllInformation with FileStatInformation in GetFileInformationByHandle().".
ab182d6f28a	upstream: already in wine-11.18	server: On ARM64, only list 32-bit ARM as a supported architecture if the CPU supports it.
2537ca1b788	upstream: already in wine-11.18	ddraw/tests: Add tests for clipper in exclusive fullscreen mode.
4c175582270	taken: resolved: its test hunks left out (upstream's ddraw tests differ)	ddraw: Ignore hwnd clipper in exclusive fullscreen mode.
3db12c747d3	proton: Steam client, Proton, Linux desktop, VR, GL/fshack, AMD/NVIDIA spoofing or winevulkan	amd_ags_x64: Fail device creation for Crimson Desert.
913494390e6	proton: Steam client, Proton, Linux desktop, VR, GL/fshack, AMD/NVIDIA spoofing or winevulkan	amd_ags_x64: Query and advertise supported d3d12 extensions.
66e6df045d5	upstream: already in wine-11.18	msctf: Return stub interface from ThreadMgr_GetFunctionProvider().
17f7a76dc56	left out at the pick: wine-11.18 stubs ITfFnReconversion itself (605b5772)	msctf: HACK: Stub ITfFnReconversion function.
cec419ab380	reverted: Valve reverted it (the pair is left out)	Revert "ntdll: Do not open directory file when setting the same directory path."
d81627a6ebf	upstream: already in wine-11.18	ntdll: Only take PEB lock to update PEB data in RtlSetCurrentDirectory_U().
ca347a43c9a	fixup: its target is left out	fixup! ntdll: HACK: Force en-US locale for EAC launcher.
240db1f29d3	upstream: already in wine-11.18	wininet/tests: Add a test for multiple server addresses.
9a0a28aa4d1	upstream: already in wine-11.18	wininet: Pass proxy server addr_str if present in open_http_connection().
cfb1aa64c51	upstream: already in wine-11.18	wininet: Store server address related data in the new server_addr_t structure.
c9697acc80c	upstream: already in wine-11.18	wininet: Enclose ipv6 address string in square brackets.
b70eb73674e	upstream: already in wine-11.18	wininet: Introduce and use create_connect_socket().
36bf84cb547	upstream: already in wine-11.18	wininet: Try to connect to multiple server addresses.
f0cdcc9772b	upstream: already in wine-11.18	wininet: Do not force ipv4 addresses.
a37ad641e4e	upstream: already in wine-11.18	win32u: Bump D3DKMT driver version.
e2a060c08f6	upstream: already in wine-11.18	ws2_32/tests: Properly check for loopback address in test_gethostbyname().
01c35c48508	upstream: already in wine-11.18	ws2_32: Exclude not found and loopback addresses in get_local_ips() if others present.
7501a73c5cd	upstream: already in wine-11.18	winsqlite3: Import sqlite3 from upstream release 3.51.1.
7ce08600ad9	upstream: already in wine-11.18	include: Add winsqlite3.h.
3363e26855c	upstream: already in wine-11.18	winsqlite3/tests: Add a basic test.
0dabe4b3e9c	fixup: its target is left out	fixup! winex11.drv: HACK: Try to ensure black background window is behind for Forza Horizon 4/5.
0d0fc014b0b	upstream: already in wine-11.18	ws2_32/tests: Test select() with valid but non-socket handle.
0e557d725d8	upstream: already in wine-11.18	ws2_32: Return WSAENOTSOCK instead of WSAENOTSUPP from select() when trying to select on non-socket handle.
6051549b7a6	unused: winex11/winewayland/winebus/hidraw/pulse/opengl32, not in the iOS build	winex11.drv: HACK: Try to ensure black background window is behind for Forza Horizon 6.
93cd4207229	upstream: already in wine-11.18	nsiproxy.sys: Factor out icmp_socket structure.
ae9e11297b6	upstream: already in wine-11.18	nsiproxy.sys: Rename icmp_listen into icmp_get_reply.
b80fa556bf4	upstream: already in wine-11.18	nsiproxy.sys: Poll all icmp sockets in a single thread.
1e9ca906a85	upstream: already in wine-11.18	nsiproxy.sys: Return ICMP ids from parse_icmp_hdr() instead of matching those.
95728ab17f1	upstream: already in wine-11.18	nsiproxy.sys: Reuse icmp socket with matching parameters.
3c9df9e1397	upstream: already in wine-11.18	nsiproxy.sys: Support ICMP error replies with ping sockets.
5922ff6100a	upstream: already in wine-11.18	nsiproxy.sys: Use compatible ICMP request id and seq numbers.
2d366221b6e	upstream: already in wine-11.18	dsound: Fail IDirectSoundCaptureBufferImpl_Lock() for invalid buffer range.
d5651633f3a	fixup: its target is left out	fixup! fshack: win32u: Support vulkan scaling according to fake resolution.
4f13ea6f1e5	upstream: already in wine-11.18	wined3d: Handle data aliasing when blitting to itself with FX transforms.
ab2bf34a875	upstream: already in wine-11.18	ddraw: Allow attaching flip chain surfaces.
45934fd8871	upstream: already in wine-11.18	ddraw/tests: Add tests for attaching and detaching backbuffers on ddraw1.
31bc3a8ddb0	upstream: already in wine-11.18	ddraw: Force render target bind flags on v1 swapchain candidate surfaces.
9f3762eefc3	replaced: touches a file an *_ios.c replacement overrides	Revert "ntdll: Switch to CLOCK_BOOTTIME for monotonic counters when available."
9305c8e3c2c	replaced: touches a file an *_ios.c replacement overrides	ntdll: HACK: Enable WINE_SIMULATE_WRITECOPY for Portal Worlds.
7abd0e26935	unused: winex11/winewayland/winebus/hidraw/pulse/opengl32, not in the iOS build	opengl32: Sync framebuffer FBO in wrap_wglSwapBuffers().
b49cbc6d7f2	fixup: its target is left out	fixup! win32u, winex11.drv: HACK: Force GL fshack on XWayland / NVidia.
ab39667a111	proton: Steam client, Proton, Linux desktop, VR, GL/fshack, AMD/NVIDIA spoofing or winevulkan	win32u, opengl32: fshack: Use SRGB framebuffer if target default FBO is SRGB capable.
11a9fbf6f94	proton: Steam client, Proton, Linux desktop, VR, GL/fshack, AMD/NVIDIA spoofing or winevulkan	win32u: fshack: Properly restore UBO binding.
e4a65719dbf	fixup: its target is left out	fixup! win32u, winex11.drv: HACK: Force GL fshack on XWayland / NVidia.
1d4307549fd	inert: wine.inf only; the app never runs wine.inf	wine.inf.in: Set XP Windows version for Dark Omen.
72109ee27fa	upstream: already in wine-11.18	win32u: Stub NtUserInitializeTouchInjection.
4fe450d241e	replaced: touches a file an *_ios.c replacement overrides	ntdll: HACK: Force en-US locale for Tom Clancy’s The Division 2 EAC launcher.
49f6a0c6a6e	left out at the pick: the fixup of d9e1c67bc93, left out with it	fixup! ntdll: HACK: Search for ucrtbase using common rules.
d60f4db6ffe	upstream: already in wine-11.18	win32u: Always consider newly created shape updated in set_surface_shape().
972e522483e	taken: clean	crypt32: Add "VeriSign Class 3 Public Primary Certification Authority - G5" CA certificate.
9af748e9df5	tests: tests only	ntdll: Add tests for PROCESS_PARAMS_IMAGE_KEY_MISSING flag.
046dd2b555b	upstream: already in wine-11.18	ntdll: Manage PROCESS_PARAMS_IMAGE_KEY_MISSING flag.
df83c0c1154	upstream: already in wine-11.18	win32u: Support D3D12_FENCE_SUBMIT_INFO in win32u_vkQueueSubmit().
6a49aff3875	upstream: already in wine-11.18	win32u: Force timeline semaphore type when importing d3d12 fence.
b72a0e944a5	upstream: already in wine-11.18	ws2_32: Add WSCEnumProtocols32().
1aa0943fb0d	fixup: its target is left out	fixup! atiadlxx: Query adapter config at context creation.
7dde2609baf	upstream: already in wine-11.18	imm32/tests: Flush events in test_ImmSetCompositionWindow().
bee62551c9c	upstream: already in wine-11.18	imm32/tests: Add tests for resetting in-composition state.
acd2f9f92fd	left out at the pick: wine-11.18 strips trailing zeros there itself	imm32: Strip off tralining zero in ImeSetCompositionString().
946d1e67d32	upstream: already in wine-11.18	imm32: Clear in-composition state when empty composition string is set.
0b8a86cf3b8	upstream: already in wine-11.18	imm32: Reset composition string when deactivating context.
a75c78b4079	fixup: its target is left out	fixup! ntdll: Implement CPU topology override.
04469ee5bc9	upstream: already in wine-11.18	mmdevapi: Implement SAORS_Reset().
e148bbf4e06	upstream: already in wine-11.18	wbemprox: Use device instance id for pnpdevice_id in get_display_adapters().
d31f1638c7e	upstream: already in wine-11.18	ntdll/tests: Add tests for skipping directory reopen by RtlSetCurrentDirectory_U().
f0181dade6a	upstream: already in wine-11.18	ntdll: Do not reopen directory file when setting the same directory path.
f27406bbdb0	upstream: already in wine-11.18	kernelbase: Add a stub for FindNextFileNameW().
653bf368cc6	media: Media Foundation/GStreamer stack (Playport keeps its own video work)	Revert "winegstreamer: Reduce CLSID_decodebin_parser merit, so the MPEG splitter is chosen instead for MPEGs."
f0fdb6c4b5b	proton: Steam client, Proton, Linux desktop, VR, GL/fshack, AMD/NVIDIA spoofing or winevulkan	atiadlxx: Add stub for ADL2_Device_PMLog_Device_Create().
7ace859333f	proton: Steam client, Proton, Linux desktop, VR, GL/fshack, AMD/NVIDIA spoofing or winevulkan	atiadlxx: Add stub for ADL2_Overdrive_Caps().
f3cd785a53c	proton: Steam client, Proton, Linux desktop, VR, GL/fshack, AMD/NVIDIA spoofing or winevulkan	atiadlxx: Add stub for ADL2_OverdriveN_Temperature_Get().
b9ee57ddd32	unused: winex11/winewayland/winebus/hidraw/pulse/opengl32, not in the iOS build	opengl32: fshack: Use fixed big number for gamma_ramp UBO name on compatibility profiles.
c323567540b	upstream: already in wine-11.18	gdi32/uniscribe: Correct the script tag for Tamil.
7bf24b90f72	upstream: already in wine-11.18	gdi32/uniscribe: Perform bounds check in insert_glyph().
d851ecdad94	upstream: already in wine-11.18	gdi32/uniscribe: Resize the buffers if glyph count exceeds limit.
1cf8beb359b	upstream: already in wine-11.18	uniscribe: Correct possible buffer over/under runs.
bc323f47c55	upstream: already in wine-11.18	d3d8/tests: Test multisampled back buffer locking.
78d5933c63a	upstream: already in wine-11.18	d3d9/tests: Test multisampled back buffer locking.
57f1a6b5dce	upstream: already in wine-11.18	wined3d: Disallow locking of multisampled back buffers.
41dd6dab341	media: Media Foundation/GStreamer stack (Playport keeps its own video work)	mfplat/buffer: HACK: Remove the 2D buffer performance hack.
6192390253c	upstream: already in wine-11.18	mf/tests: Test for preroll support in the sample grabber.
c5cf84d0435	upstream: already in wine-11.18	mf/session: Initialise the stored presentation rate.
d3d3483900e	upstream: already in wine-11.18	gdiplus: Elide empty spans.
910f6c5e68b	upstream: already in wine-11.18	gdiplus/tests: Test a region intersect which produces empty spans.
3e1bb01f3c7	reverted: Valve reverted it (the pair is left out)	Revert "dinput: Once again support creating joystick device with GUID_Joystick."
da15850e76f	reverted: Valve reverted it (the pair is left out)	Revert "dinput: Derive DIPROP_JOYSTICKID from device path enumeration."
00bb4501258	reverted: Valve reverted it (the pair is left out)	Revert "dinput/tests: Add tests for joystick id."
714ff294522	upstream: already in wine-11.18	dinput/tests: Fix occasional GameInput test crash.
fd23372c608	upstream: already in wine-11.18	dinput/tests: Fix incorrect index when removing child device.
659f59d6a17	upstream: already in wine-11.18	include: Fix HID_STRING_ID_* definitions.
b5c4cbea1ae	upstream: already in wine-11.18	dinput/tests: Add tests for HID device indexed strings.
a4237e6d82a	upstream: already in wine-11.18	dinput/tests: Check child device serial, if provided, on remove.
b0ad890f4db	upstream: already in wine-11.18	dinput/tests: Move TLC count to the descriptor.
60e332d7381	upstream: already in wine-11.18	dinput/tests: Support starting multiple devices.
609ca5084c9	upstream: already in wine-11.18	dinput/tests: Move fill_context call into hid_device_start.
7aacc641f74	upstream: already in wine-11.18	dinput/tests: Cleanup every device key with winetest vendor.
40306f2822a	upstream: already in wine-11.18	dinput/tests: Test that guidInstance is stable across hotplugs.
52b38f76270	upstream: already in wine-11.18	dinput/tests: Add tests for dinput joystick guidInstance values.
8385825d304	upstream: already in wine-11.18	dinput: Only pass instance name string to device_instance_is_disabled().
bec19e532e0	upstream: already in wine-11.18	dinput: Check for disabled/overridden devices in hid_joystick_try_open.
93898e0d427	upstream: already in wine-11.18	dinput: Handle device override directly in hid_joystick_device_try_open.
246f63b23db	upstream: already in wine-11.18	dinput: Create a cache of currently connected HID joysticks.
c7dac68ebdf	upstream: already in wine-11.18	dinput: Use joystick cache in hid_joystick_create_device().
6d6281e39da	upstream: already in wine-11.18	dinput: Use joystick cache in hid_joystick_enum_device().
97a42e977d7	upstream: already in wine-11.18	dinput: Return E_FAIL when opening a joystick device that is currently disconnected.
f262dab9427	upstream: already in wine-11.18	dinput: Save and load HID joystick instance GUIDs to the registry.
64190038896	upstream: already in wine-11.18	dinput: Create a version 1 UUID for dinput joystick devices.
94f591ac6d2	upstream: already in wine-11.18	dinput: Test and implement support for GUID_Sys(Mouse|Keyboard)Em.
d7d13255229	upstream: already in wine-11.18	dinput/tests: Add tests for dinput joystick IDs.
57d2abcb15f	upstream: already in wine-11.18	dinput: Add support for DIPROP_JOYSTICKID.
2b948efade1	upstream: already in wine-11.18	dinput/tests: Add tests for GUID_Joystick.
18ab61d3e01	upstream: already in wine-11.18	dinput: Add support for GUID_Joystick.
c000d95c08f	upstream: already in wine-11.18	dinput: Lowercase device paths passed into insert_cache_entry() when reusing cache entries.
941ec3d1eac	unused: winex11/winewayland/winebus/hidraw/pulse/opengl32, not in the iOS build	HACK: winex11: Force normal size hints to always be sent with gamescope.
666ac6e443c	replaced: touches a file an *_ios.c replacement overrides	win32u: Implement cross-thread SetScrollInfo.
2aaf983aed4	inert: mscoree runs only with Wine Mono, which the app does not ship	HACK: mscoree: Add work-around for kmy engine.
2c236b9a0ba	proton: Steam client, Proton, Linux desktop, VR, GL/fshack, AMD/NVIDIA spoofing or winevulkan	amdxc64: Add initial DLL.
f18c248da74	proton: Steam client, Proton, Linux desktop, VR, GL/fshack, AMD/NVIDIA spoofing or winevulkan	amdcx64: Turn AmdExtStub1 into singleton.
943f68fadda	reverted: Valve reverted it (the pair is left out)	Revert "ntdll: Add an interface to map the FEX stats shm."
c6e7e9afa91	reverted: Valve reverted it (the pair is left out)	Revert "ntdll: Implement FEX-specific kernel-side unaligned atomic handling."
06da2f4afc6	reverted: Valve reverted it (the pair is left out)	Revert "ntdll: Add FEX specific Asahi TSO support"
8fa2c47eb36	upstream: already in wine-11.18	wow64: Add BTCpuNotifyProcessExecuteFlagsChange interface.
12bd94e739f	upstream: already in wine-11.18	ntdll: Use unwind_context values only if the caller is not EC in capture_context.
fe2a1b0215b	upstream: already in wine-11.18	ntdll: Synthesize caller context in ARM64EC RtlRaiseException.
a301e77dfdf	reverted: Valve reverted it (the pair is left out)	Revert "WIP: ntdll: ARM64EC suspend support"
e4054376336	upstream: already in wine-11.18	ntdll: Add support for ARM64EC cooperative suspend.
086e1971f27	upstream: already in wine-11.18	ntdll: Don't hold the InSyscallCallback flag during the NtReadFile syscall.
2d371454032	upstream: already in wine-11.18	ntdll: Use cooperative suspend for syscall callbacks.
05c1b2a2001	upstream: already in wine-11.18	ntdll: Allow calling NtContinue in syscall callbacks.
8fb9c7f7154	reverted: Valve reverted it (the pair is left out)	Revert "HACK: Avoid delay importing rpcrt4"
00d899a815c	proton: Steam client, Proton, Linux desktop, VR, GL/fshack, AMD/NVIDIA spoofing or winevulkan	HACK: win32u: Reject minimization when on gamescope for some games.
70fbed7e7e6	upstream: already in wine-11.18	dwrite: Fix Miscellaneous Symbols font fallback.
9b70c83c6b0	proton: Steam client, Proton, Linux desktop, VR, GL/fshack, AMD/NVIDIA spoofing or winevulkan	kernelbase: HACK: Force en-US locale for EAC launcher.
182009eeaf5	upstream: already in wine-11.18	winebus.sys: Avoid spurious device recreation in process_inotify_event().
74d67ef7302	upstream: already in wine-11.18	dsound: Add quad and 5.1 to 7.1 conversions.
a459f7a86d8	upstream: already in wine-11.18	dsound: Add mono and stereo to 7.1 conversions.
b214a54fa63	upstream: already in wine-11.18	winegstreamer: Do not clear the output type in resampler SetInputType().
ee9e1f0686b	upstream: already in wine-11.18	winegstreamer: Support null type in resampler SetInputType().
3130d44270b	upstream: already in wine-11.18	winegstreamer: Support null type in resampler SetOutputType().
43cdc10b610	upstream: already in wine-11.18	mf/tests: Test resampler output type after setting the input type.
a4abe34ae6b	upstream: already in wine-11.18	mf/tests: Validate the input type in the topology test sink.
b7954b5089d	upstream: already in wine-11.18	mf/tests: Do not expect stereo audio when a decoder and resampler are used.
4ebd7b890c5	upstream: already in wine-11.18	mf/tests: Add more topology loader tests.
f8b52062d1f	upstream: already in wine-11.18	mf/tests: Test topology loader transform enumeration.
f436fd65a86	upstream: already in wine-11.18	mf: Introduce a new topology_node_get_type helper.
288e4ab7cf0	upstream: already in wine-11.18	mf: Trace additional topology details.
acb0615f4be	upstream: already in wine-11.18	mf/topology_loader: Do not create a new branch list containing downstreamm nodes.
16727a5c87a	upstream: already in wine-11.18	mf/topology_loader: Delete unused struct connect_context.
f1795367248	upstream: already in wine-11.18	mf/topology_loader: Load the branch up connection method only for source nodes.
118081c3f24	upstream: already in wine-11.18	mf/topology_loader: Disconnect the node after indirect connection failed.
b3349774cd1	upstream: already in wine-11.18	mf/topology_loader: Return specific error on indirect connection failure.
97d01a85ec9	upstream: already in wine-11.18	mf/topology_loader: Allocate indirect connection branches dynamically.
60384961fd2	upstream: already in wine-11.18	mf/topology_loader: Cache the media type handlers on the branches.
96670e8c623	upstream: already in wine-11.18	mf/topology_loader: Always try setting current up type when connecting directly.
338ae1f6827	upstream: already in wine-11.18	mf/topology_loader: Avoid making redundant connection method attempts.
cee14b6d2d0	upstream: already in wine-11.18	mf/topology_loader: Load the down connection method in topology_branch_connect().
adfb259ae76	upstream: already in wine-11.18	mf/topology_loader: Introduce a helper to clone a media type.
24a658b152f	upstream: already in wine-11.18	mf/topology_loader: Lookup best media type when connecting converter / decoders.
cfc60ed5e01	upstream: already in wine-11.18	mf/topology_loader: Don't force MFTEnumEx output info either for converters.
a846e539917	upstream: already in wine-11.18	mf/topology_loader: Move current type check into topology_branch_foreach_up_types.
fc182ef2873	upstream: already in wine-11.18	mf/topology_loader: Enumerate and select downstream type in connect_direct.
06670af58e8	upstream: already in wine-11.18	mf/topology_loader: Only enumerate transform outputs if no current type is set.
26d189d1a8d	upstream: already in wine-11.18	mf/topology_loader: Update media types while enumerating up types.
79493095e9c	upstream: already in wine-11.18	mf/topology_loader: Use the color converter for video conversion by default.
ac4083bbb4d	upstream: already in wine-11.18	mf/tests: Test setting the input type on the topology loader test transform.
f433d7fbd3e	upstream: already in wine-11.18	mf/topology_loader: Compare the current type with upstream on direct connection only for output nodes.
c4a6e120032	upstream: already in wine-11.18	mf/tests: Check IsMediaTypeSupported() is always called on the topology loader test sink.
1b4ce6905e9	upstream: already in wine-11.18	mf/topology_loader: Always call IsMediaTypeSupported() on downstream when connecting a branch.
b3f35d99a54	upstream: already in wine-11.18	mf/tests: Test optional topology nodes.
3f7757104c8	upstream: already in wine-11.18	mf/topology_loader: Get rid of the topoloader_context.
62411990701	upstream: already in wine-11.18	mf/topology_loader: Clone and validate topology in a dedicated helper.
8a877ad5358	upstream: already in wine-11.18	mf/topology_loader: Copy branches with cloned nodes before connecting.
6df195d3441	upstream: already in wine-11.18	mf/topology_loader: Resolve topologies by walking down from each source node.
c18ddec0c70	upstream: already in wine-11.18	mf/topology_loader: Add some sanity checks for optional output nodes.
1a4bd1463b0	upstream: already in wine-11.18	mf/topology_loader: Try to insert optional nodes after resolving the surrounding branch.
7d4598637b3	upstream: already in wine-11.18	mf/topology_loader: Force enumerate types when optional node method is set.
2817e8e8537	upstream: already in wine-11.18	mf/tests: Add asynchronous transform tests.
e6b27a02ea9	upstream: already in wine-11.18	mf/session: Support asynchronous transforms.
017f05bf5c2	upstream: already in wine-11.18	mf/topology_loader: Restore original type when optional connection fails.
b174de809f0	upstream: already in wine-11.18	windows.ui: Stub IUISettings2::add_TextScaleFactorChanged().
572accf0f56	upstream: already in wine-11.18	windows.ui: Stub IUISettings2::get_TextScaleFactor().
b0351fe293a	media: Media Foundation/GStreamer stack (Playport keeps its own video work)	winegstreamer/media-converter: Factor videoconv stream discarding into helper function.
3999811509e	media: Media Foundation/GStreamer stack (Playport keeps its own video work)	winedmo: Discard transcoded streams from the dump db.
d065e291451	upstream: already in wine-11.18	windows.storage/tests: Test InMemoryRandomAccessStream.
02fee8ff9f5	upstream: already in wine-11.18	windows.storage: Add InMemoryRandomAccessStream stubs.
2824aac64bf	upstream: already in wine-11.18	windows.storage: Implement InMemoryRandomAccessStream IClosable::Close().
6c7a7212408	upstream: already in wine-11.18	windows.storage: Implement InMemoryRandomAccessStream IOutputStream::WriteAsync().
fb41fe87fd7	upstream: already in wine-11.18	windows.storage: Implement InMemoryRandomAccessStream IRandomAccessStream::get_Size().
743580ec59d	upstream: already in wine-11.18	windows.storage: Implement InMemoryRandomAccessStream IRandomAccessStream::put_Size().
848fe573006	upstream: already in wine-11.18	windows.storage: Implement InMemoryRandomAccessStream IRandomAccessStream::get_Position().
654d0053d21	upstream: already in wine-11.18	windows.storage: Implement InMemoryRandomAccessStream IRandomAccessStream::Seek().
d29ac8ffef5	upstream: already in wine-11.18	windows.storage: Implement InMemoryRandomAccessStream IInputStream::ReadAsync().
7ee9148189a	upstream: already in wine-11.18	windows.storage: Add InMemoryRandomAccessStream to class registration.
4bd44d0a417	upstream: already in wine-11.18	windows.storage: Do not limit the size to SIZE_MAX in memory_stream_random_access_put_Size().
dc26e618470	upstream: already in wine-11.18	winebus: Fix initial axis values for evdev gamepads.
